KAA8546286.1	KAA8546286.1
KFK27486.1	KFK27486.1
THG01410.1	THG01410.1
RZC89576.1	RZC89576.1
VDC87365.1	VDC87365.1
XP_022550497.1	XP_022550497.1
XP_022550497.1	XP_009126157.1
XP_022550497.1	XP_013620486.1
XP_022550497.1	VDC85529.1
XP_022550497.1	XP_018512038.1
XP_022550497.1	RQL87178.1
XP_022550497.1	XP_009126158.1
XP_022550497.1	RID73539.1
XP_022550497.1	XP_013649816.1
XP_018840205.1	XP_018840205.1
XP_018840205.1	XP_009609108.1
XP_018840205.1	XP_016498882.1
XP_018840205.1	XP_009763810.1
XP_018840205.1	XP_016505782.1
XP_018840205.1	XP_019223577.1
XP_018840205.1	QCF46623.1
XP_018840205.1	XP_028094079.1
XP_018840205.1	THG11096.1
XP_018840205.1	XP_028077138.1
XP_018840205.1	XP_002271587.3
XP_018840205.1	RVW36893.1
XP_018840205.1	KAA8539172.1
XP_018840205.1	TXG59584.1
XP_018840205.1	GAY42758.1
XP_018840205.1	XP_011025718.1
XP_018840205.1	KDO79471.1
XP_018840205.1	XP_006466729.1
XP_018840205.1	XP_031250490.1
XP_018840205.1	XP_031254786.1
XP_018840205.1	XP_031249194.1
XP_018840205.1	XP_023881251.1
XP_018840205.1	XP_030923421.1
XP_018840205.1	XP_012079549.1
XP_018840205.1	XP_023920140.1
XP_018840205.1	XP_030923840.1
XP_018840205.1	GAV69188.1
XP_018840205.1	XP_013596345.1
XP_018840205.1	CDY13025.1
XP_018840205.1	RQL85971.1
XP_018840205.1	XP_018437488.1
XP_018840205.1	XP_009114698.1
XP_018840205.1	XP_013651580.1
XP_018840205.1	XP_013651420.1
XP_018840205.1	RID52735.1
XP_018840205.1	CDY43896.1
XP_018840205.1	XP_031254865.1
XP_018840205.1	VVA99507.1
XP_018840205.1	CCO13612.1
XP_018840205.1	KFK40251.1
XP_018840205.1	At_72D1_S6
XP_018840205.1	XP_020888731.1
XP_018840205.1	XP_006297598.1
XP_018840205.1	OAP11532.1
XP_018840205.1	XP_013647113.1
XP_018840205.1	VDC67704.1
XP_018840205.1	XP_009150723.1
XP_018840205.1	XP_018491777.1
XP_018840205.1	XP_010414446.1
XP_018840205.1	XP_024016640.1
XP_018840205.1	CDY36488.1
XP_018840205.1	CDY29242.1
XP_018840205.1	XP_016492554.1
XP_018840205.1	XP_009593727.1
XP_018840205.1	XP_006355167.1
XP_018840205.1	XP_027162583.1
XP_018840205.1	XP_027101373.1
XP_018840205.1	F8WKW8.1
XP_018840205.1	CDO99873.1
XP_018840205.1	XP_016570714.1
XP_018840205.1	XP_019191653.1
XP_018840205.1	XP_022897832.1
XP_018840205.1	PIN10563.1
XP_018840205.1	PIN26572.1
XP_018840205.1	XP_031109902.1
XP_018840205.1	XP_019249246.1
XP_018840205.1	XP_009616666.1
XP_018840205.1	XP_019230160.1
XP_018840205.1	XP_016502267.1
XP_018840205.1	XP_009775011.1
XP_018840205.1	XP_031127710.1
XP_018840205.1	XP_031127703.1
XP_018840205.1	XP_019165607.1
XP_018840205.1	XP_016580407.1
XP_018840205.1	XP_018852933.1
XP_018840205.1	XP_019255199.1
XP_018840205.1	XP_006351221.1
XP_018840205.1	XP_015068466.1
XP_018840205.1	BAG80553.1
XP_018840205.1	XP_006367533.1
XP_018840205.1	XP_004234916.1
XP_018840205.1	TMX02558.1
XP_018840205.1	XP_019233305.1
XP_018840205.1	XP_009793442.1
XP_018840205.1	XP_009629528.1
XP_018840205.1	XP_016502268.1
XP_018840205.1	XP_019230161.1
XP_018840205.1	XP_006361439.1
XP_018840205.1	XP_019162803.1
XP_018840205.1	XP_031129012.1
XP_018840205.1	XP_019162802.1
XP_018840205.1	PSS32864.1
XP_018840205.1	XP_028108083.1
XP_018840205.1	PSS04622.1
XP_018840205.1	XP_004497577.1
XP_018840205.1	XP_020239052.1
XP_018840205.1	XP_027365711.1
XP_018840205.1	KYP42922.1
XP_018840205.1	XP_027908555.1
XP_018840205.1	QCE04148.1
XP_018840205.1	KOM29400.1
XP_018840205.1	XP_014523768.1
XP_018840205.1	XP_007144397.1
XP_018840205.1	XP_019428832.1
XP_018840205.1	XP_003535222.1
XP_018840205.1	NP_001316740.1
XP_018840205.1	KAA8516602.1
XP_018840205.1	XP_027117140.1
XP_018840205.1	XP_027164279.1
XP_018840205.1	CDP19616.1
XP_018840205.1	BAG80535.1
XP_018840205.1	PHU05597.1
XP_018840205.1	XP_016543406.1
XP_018840205.1	XP_009796872.1
XP_018840205.1	NP_001312868.1
XP_018840205.1	XP_028101791.1
XP_018840205.1	XP_028101790.1
XP_018840205.1	XP_011094571.1
XP_018840205.1	KZV15225.1
XP_018840205.1	AYC63489.1
XP_018840205.1	XP_012831888.1
XP_018840205.1	XP_028777126.1
RZC84887.1	RZC84887.1
PON47647.1	PON47647.1
PON47647.1	QCD79139.1
PON47647.1	OTG09656.1
PON47647.1	ESQ34556.1
PON47647.1	XP_022544126.1
RDX98298.1	RDX98298.1
PON95495.1	PON95495.1
PON95495.1	RVW67416.1
PON95495.1	XP_010650447.1
PON95495.1	RVW21040.1
GER34354.1	GER34354.1
XP_011037856.1	XP_011037856.1
XP_011037856.1	KAA8528256.1
XP_011037856.1	XP_010427832.1
XP_011037856.1	QDM38905.1
XP_011037856.1	BBN60796.1
XP_011037856.1	TKS14440.1
XP_011037856.1	XP_031374946.1
XP_011037856.1	XP_020413344.1
XP_011037856.1	XP_021808014.1
XP_011037856.1	VVA23740.1
XP_011037856.1	XP_008233208.1
XP_011037856.1	XP_026379888.1
XP_011037856.1	PIA49081.1
XP_011037856.1	XP_002301402.2
XP_011037856.1	XP_011023207.1
XP_011037856.1	XP_019239435.1
XP_011037856.1	XP_007051600.2
XP_011037856.1	XP_021280942.1
XP_011037856.1	XP_012481207.1
XP_011037856.1	PPS19806.1
XP_011037856.1	XP_017614808.1
XP_011037856.1	XP_016745577.1
XP_011037856.1	TYJ26917.1
XP_011037856.1	TYH63046.1
XP_011037856.1	EOX95757.1
XP_011037856.1	TYG61637.1
XP_011037856.1	XP_017636519.1
XP_011037856.1	Q9AR73.1
XP_011037856.1	KAA8520724.1
XP_011037856.1	XP_028083158.1
XP_011037856.1	XP_028117631.1
XP_011037856.1	XP_030966425.1
XP_011037856.1	XP_023902337.1
XP_011037856.1	RWR96520.1
XP_011037856.1	OMO64333.1
XP_011037856.1	XP_010556589.1
XP_011037856.1	PON67268.1
XP_011037856.1	PON42713.1
XP_011037856.1	PON42712.1
XP_011037856.1	PON67267.1
XP_011037856.1	XP_009785688.1
XP_011037856.1	NP_001312532.1
XP_011037856.1	XP_009628747.1
XP_011037856.1	XP_019230479.1
XP_011037856.1	NP_001307116.1
XP_011037856.1	XP_015062343.1
XP_011037856.1	TMW84173.1
XP_011037856.1	XP_028085525.1
XP_011037856.1	XP_013622316.1
XP_011037856.1	XP_018473411.1
XP_011037856.1	XP_013684345.1
XP_011037856.1	XP_009134508.1
XP_011037856.1	VDC81140.1
XP_011037856.1	RID70902.1
XP_011037856.1	XP_026387555.1
XP_011037856.1	TXG63001.1
XP_011037856.1	XP_018827906.1
XP_011037856.1	XP_011022526.1
XP_011037856.1	OVA00841.1
XP_011037856.1	XP_021653799.1
XP_011037856.1	XP_022979637.1
XP_011037856.1	XP_022924263.1
XP_011037856.1	XP_023527086.1
XP_011037856.1	XP_021688196.1
XP_011037856.1	XP_021612299.1
XP_011037856.1	KAB1219588.1
XP_011037856.1	XP_021612048.1
XP_011037856.1	XP_022733923.1
XP_011037856.1	KZV57672.1
XP_011037856.1	XP_026405940.1
XP_011037856.1	KAE8676873.1
XP_011037856.1	XP_024988961.1
XP_011037856.1	PQQ12478.1
XP_011037856.1	OVA00842.1
XP_011037856.1	XP_022757519.1
XP_011037856.1	XP_010556587.1
XP_011037856.1	XP_030488881.1
XP_011037856.1	RWR93185.1
XP_011037856.1	XP_012083243.1
XP_011037856.1	XP_018854234.1
XP_011037856.1	XP_002320189.1
XP_011037856.1	XP_011037843.1
XP_011037856.1	OVA01929.1
XP_011037856.1	PRQ58413.1
XP_011037856.1	XP_024176111.1
XP_011037856.1	EEF28476.1
XP_011037856.1	KAE8709427.1
XP_011037856.1	XP_021818666.1
XP_011037856.1	XP_021818668.1
XP_011037856.1	XP_009352454.1
XP_011037856.1	KAB2632893.1
XP_011037856.1	XP_028959530.1
XP_011037856.1	KAB2632894.1
XP_011037856.1	XP_007210088.2
XP_011037856.1	XP_007221237.1
XP_011037856.1	PQM36760.1
XP_011037856.1	VVA41615.1
XP_011037856.1	XP_016651448.1
XP_011037856.1	BBH03455.1
XP_011037856.1	PQM42555.1
XP_011037856.1	XP_021818667.1
XP_011037856.1	XP_023927676.1
XP_011037856.1	XP_009352389.1
XP_011037856.1	XP_007208773.1
XP_011037856.1	XP_021818669.1
XP_011037856.1	PQM42556.1
XP_011037856.1	XP_016651183.1
XP_011037856.1	PQM42558.1
XP_011037856.1	XP_021818670.1
XP_011037856.1	XP_024171487.1
XP_011037856.1	PQM36756.1
XP_011037856.1	KAB1215467.1
XP_011037856.1	KAB1215466.1
XP_011037856.1	XP_024173660.1
XP_011037856.1	XP_030540984.1
XP_011037856.1	KCW78150.1
XP_011037856.1	XP_010054859.1
XP_011037856.1	XP_015167719.1
XP_011037856.1	PON45254.1
XP_011037856.1	PON82465.1
XP_011037856.1	XP_010053797.1
XP_011037856.1	XP_010053798.1
XP_011037856.1	XP_030540911.1
XP_011037856.1	XP_010053796.1
XP_011037856.1	XP_016538197.1
XP_011037856.1	XP_022979638.1
XP_011037856.1	XP_004133821.1
XP_011037856.1	XP_008437921.1
XP_011037856.1	PSS24207.1
XP_011037856.1	XP_031262984.1
XP_011037856.1	AFX67020.1
XP_011037856.1	PON70228.1
XP_011037856.1	XP_027350575.1
XP_011037856.1	PNY00479.1
XP_011037856.1	BAF49302.1
XP_011037856.1	BBG97629.1
XP_011037856.1	PQQ12479.1
XP_011037856.1	XP_008233421.1
XP_011037856.1	XP_021808075.1
XP_011037856.1	XP_007219620.1
XP_011037856.1	XP_031270892.1
XP_011037856.1	RAL54197.1
XP_011037856.1	XP_030457438.1
XP_011037856.1	BAG80556.1
XP_011037856.1	XP_016548096.1
XP_011037856.1	XP_028794762.1
XP_011037856.1	QDM38907.1
XP_011037856.1	XP_024176309.1
XP_011037856.1	XP_004308317.1
XP_011037856.1	XP_031263012.1
XP_011037856.1	TXG63000.1
XP_011037856.1	PIN13879.1
XP_011037856.1	PIN13880.1
XP_011037856.1	XP_006491242.1
XP_011037856.1	XP_006444878.1
XP_011037856.1	GAY51363.1
XP_011037856.1	XP_012437747.1
XP_011037856.1	TYG89788.1
XP_011037856.1	XP_016735486.1
XP_011037856.1	TYI50811.1
XP_011037856.1	XP_016738143.1
XP_011037856.1	TYH95767.1
XP_011037856.1	KAB2052407.1
XP_011037856.1	XP_028054563.1
XP_011037856.1	TKY68846.1
XP_011037856.1	XP_017216596.1
XP_011037856.1	PWA37338.1
XP_011037856.1	XP_017215417.1
XP_011037856.1	XP_017235599.1
XP_011037856.1	XP_017215354.1
XP_011037856.1	EPS59751.1
XP_011037856.1	TYJ04825.1
XP_011037856.1	GAY55503.1
XP_011037856.1	XP_006480475.3
XP_011037856.1	KDO53101.1
XP_011037856.1	XP_006428663.1
XP_011037856.1	KDO53104.1
XP_011037856.1	XP_006428661.1
XP_011037856.1	XP_006480472.1
XP_011037856.1	XP_015896245.2
XP_011037856.1	XP_002303638.2
XP_011037856.1	XP_015896385.1
XP_011037856.1	ESR60210.1
XP_011037856.1	TXG50642.1
XP_011037856.1	TXG50643.1
XP_011037856.1	XP_006428662.1
XP_011037856.1	EOY24973.1
XP_011037856.1	XP_021282804.1
XP_011037856.1	ACJ85806.1
XP_011037856.1	XP_003626556.1
XP_011037856.1	RZS21721.1
XP_011037856.1	RWV80402.1
XP_011037856.1	XP_009390686.1
XP_011037856.1	XP_006418419.1
XP_011037856.1	XP_028060824.1
XP_011037856.1	XP_004133820.1
XP_011037856.1	XP_008437917.1
XP_011037856.1	PON60901.1
XP_011037856.1	PON70230.1
XP_011037856.1	XP_015887659.1
XP_011037856.1	XP_025638642.1
XP_011037856.1	XP_015947947.1
XP_011037856.1	XP_016181161.1
XP_011037856.1	RYR75036.1
XP_011037856.1	RYR75035.1
XP_011037856.1	PIA50732.1
XP_011037856.1	XP_015887649.1
XP_011037856.1	XP_015888996.1
XP_011037856.1	XP_015887635.1
XP_011037856.1	BBB16127.1
XP_011037856.1	XP_030502948.1
XP_011037856.1	XP_021894852.1
XP_011037856.1	KAB5564590.1
XP_011037856.1	BBB16128.1
XP_011037856.1	XP_022733338.1
XP_011037856.1	XP_030951917.1
XP_011037856.1	XP_023899281.1
XP_011037856.1	XP_022773430.1
XP_011037856.1	XP_022773420.1
XP_011037856.1	XP_030966638.1
XP_011037856.1	XP_030962275.1
XP_011037856.1	XP_023898879.1
XP_011037856.1	KAE8056013.1
XP_011037856.1	PIA49079.1
XP_011037856.1	XP_024935212.1
XP_011037856.1	PIA49078.1
XP_011037856.1	XP_030962213.1
XP_011037856.1	XP_023923918.1
XP_011037856.1	XP_010489562.1
XP_011037856.1	XP_010490444.1
XP_011037856.1	AVW82171.1
XP_011037856.1	XP_010468740.1
XP_011037856.1	EFH60400.1
XP_011037856.1	AAD12211.1
XP_011037856.1	NP_179446.2
XP_011037856.1	BAC43482.2
XP_011037856.1	OAP09801.1
XP_011037856.1	TXG62999.1
XP_011037856.1	TXG62998.1
XP_011037856.1	XP_028098461.1
XP_011037856.1	XP_028080981.1
XP_011037856.1	XP_028065575.1
XP_011037856.1	XP_028109187.1
XP_011037856.1	XP_028116183.1
XP_011037856.1	ALO19887.1
XP_011037856.1	RZC91322.1
XP_011037856.1	XP_026440946.1
XP_011037856.1	XP_002320190.1
XP_011037856.1	XP_026425522.1
XP_011037856.1	XP_026441342.1
XP_011037856.1	XP_026427676.1
XP_011037856.1	XP_015889373.1
XP_011037856.1	XP_014491619.1
XP_011037856.1	XP_017437329.1
XP_011037856.1	AGV54472.1
XP_011037856.1	XP_007147290.1
XP_011037856.1	XP_020213858.1
XP_011037856.1	RHN39749.1
XP_011037856.1	PNY17877.1
XP_011037856.1	XP_003553781.1
XP_011037856.1	XP_013444665.1
XP_011037856.1	XP_013444666.1
XP_011037856.1	NP_001235053.1
XP_011037856.1	XP_019455725.1
XP_011037856.1	XP_027932240.1
XP_011037856.1	QCD77545.1
XP_011037856.1	TKY61277.1
XP_011037856.1	XP_010095793.1
XP_011037856.1	XP_010099247.1
XP_011037856.1	XP_030488880.1
XP_011037856.1	XP_030488749.1
XP_011037856.1	PON97538.1
XP_011037856.1	PON42236.1
XP_011037856.1	XP_011093530.1
XP_011037856.1	XP_022974954.1
XP_011037856.1	XP_012835650.1
XP_011037856.1	PIN26543.1
XP_011037856.1	RQO88325.1
XP_011037856.1	XP_012849906.1
XP_011037856.1	BAF75897.1
XP_011037856.1	RDX58704.1
XP_011037856.1	XP_021748862.1
XP_011037856.1	XP_027335907.1
XP_011037856.1	XP_027335905.1
XP_011037856.1	XP_027335906.1
XP_011037856.1	XP_027337373.1
XP_011037856.1	XP_022856674.1
XP_011037856.1	BAP90371.1
XP_011037856.1	BAF75896.1
XP_011037856.1	ACD87062.1
XP_011037856.1	AQD20582.1
XP_011037856.1	AUI41117.1
XP_011037856.1	AFJ52927.1
XP_011037856.1	AFJ52928.1
XP_011037856.1	XP_031259635.1
XP_011037856.1	XP_022895845.1
XP_011037856.1	BAI65909.1
XP_011037856.1	XP_027115389.1
XP_011037856.1	XP_027160895.1
XP_011037856.1	XP_027108518.1
XP_011037856.1	KAD3069084.1
XP_011037856.1	XP_022035740.1
XP_011037856.1	AFJ52916.1
XP_011037856.1	AFJ52917.1
XP_011037856.1	AIE12483.1
XP_011037856.1	AIZ00426.1
XP_011037856.1	AQQ16625.1
XP_011037856.1	XP_022924811.1
XP_011037856.1	XP_009788732.1
XP_011037856.1	XP_019257343.1
XP_011037856.1	XP_015089477.1
XP_011037856.1	XP_010661895.1
XP_011037856.1	XP_021969657.1
XP_011037856.1	RVX09918.1
XP_011037856.1	XP_002280923.1
XP_011037856.1	RVW43180.1
XP_011037856.1	XP_024992826.1
XP_011037856.1	ACB56923.1
XP_011037856.1	XP_022035741.1
XP_011037856.1	XP_031111378.1
XP_011037856.1	XP_008392435.2
XP_011037856.1	KAB2620791.1
XP_011037856.1	TQE01757.1
XP_011037856.1	KAB2608731.1
XP_011037856.1	XP_004298887.1
XP_011037856.1	OTF87455.1
XP_011037856.1	XP_022023139.1
XP_011037856.1	XP_022025292.1
XP_011037856.1	XP_022025130.1
XP_011037856.1	XP_022020628.1
XP_011037856.1	XP_013638593.1
XP_011037856.1	RID39975.1
XP_011037856.1	XP_013666324.1
XP_011037856.1	XP_009119690.1
XP_011037856.1	VDD16621.1
XP_011037856.1	XP_013693709.1
XP_011037856.1	TXG62573.1
XP_011037856.1	XP_013718524.1
XP_011037856.1	VDD23942.1
XP_011037856.1	XP_013621576.1
XP_011037856.1	XP_018448007.1
XP_011037856.1	RID75502.1
XP_011037856.1	XP_009128506.1
XP_011037856.1	NP_001302991.1
XP_011037856.1	XP_006491243.1
XP_011037856.1	XP_006444877.1
XP_011037856.1	TEY60069.1
XP_011037856.1	XP_009111416.1
XP_011037856.1	XP_018452323.1
XP_011037856.1	RQL82217.1
XP_011037856.1	VDD27695.1
XP_011037856.1	RID43193.1
XP_011037856.1	XP_013660542.1
XP_011037856.1	XP_013613035.1
XP_011037856.1	XP_025625669.1
XP_011037856.1	XP_016186417.1
XP_011037856.1	RYR75032.1
XP_011037856.1	PSS26289.1
XP_011037856.1	At_72B1_S1
XP_011037856.1	OAP00532.1
XP_011037856.1	XP_002872912.1
XP_011037856.1	XP_006290216.1
XP_011037856.1	XP_010456210.1
XP_011037856.1	XP_016514464.1
XP_011037856.1	XP_019238796.1
XP_011037856.1	XP_009616889.1
XP_011037856.1	XP_031113669.1
XP_011037856.1	XP_012086751.1
XP_011037856.1	XP_027183221.1
XP_011037856.1	XP_027084191.1
XP_011037856.1	CDP12136.1
XP_011037856.1	XP_027080544.1
XP_011037856.1	XP_019191013.1
XP_011037856.1	KNA14838.1
XP_011037856.1	XP_021850962.1
XP_011037856.1	XP_019100747.1
XP_011037856.1	XP_010669265.1
XP_011037856.1	XP_031262995.1
XP_011037856.1	XP_021760343.1
XP_011037856.1	AKA44589.1
XP_011037856.1	XP_021760344.1
XP_011037856.1	BAG71125.1
XP_011037856.1	XP_002273653.1
XP_011037856.1	RVW81306.1
XP_011037856.1	KNA21252.1
XP_011037856.1	XP_010669272.1
XP_011037856.1	XP_023746395.1
XP_011037856.1	KZV21886.1
XP_011037856.1	AAB61023.1
XP_011037856.1	GER48661.1
XP_011037856.1	XP_019440430.1
XP_011037856.1	XP_019440433.1
XP_011037856.1	GAU13622.1
XP_011037856.1	XP_019459062.1
XP_011037856.1	XP_010097012.1
XP_011037856.1	XP_004516402.1
XP_011037856.1	XP_022924261.1
XP_011037856.1	XP_023527084.1
XP_011037856.1	XP_022979636.1
XP_011037856.1	XP_023529187.1
XP_011037856.1	NP_001351694.1
XP_011037856.1	XP_016489675.1
XP_011037856.1	TMW85405.1
XP_011037856.1	XP_006366559.1
XP_011037856.1	XP_004248451.1
XP_011037856.1	AGU14071.1
XP_011037856.1	XP_022940881.1
XP_011037856.1	XP_023539566.1
XP_011037856.1	XP_022974942.1
XP_011037856.1	XP_022974660.1
XP_011037856.1	AEM43001.1
XP_011037856.1	XP_022974940.1
XP_011037856.1	XP_023538925.1
XP_011037856.1	AEM43000.1
XP_011037856.1	XP_022962318.1
XP_011037856.1	XP_023540105.1
XP_011037856.1	XP_030457300.1
XP_011037856.1	XP_022974927.1
XP_011037856.1	XP_022974925.1
XP_011037856.1	XP_023540395.1
XP_011037856.1	XP_022947541.1
XP_011037856.1	XP_022974623.1
XP_011037856.1	KFK42529.1
XP_011037856.1	XP_008350138.1
XP_011037856.1	KAB2595824.1
XP_011037856.1	XP_009350467.1
XP_011037856.1	XP_004306692.1
XP_011037856.1	TQE13474.1
XP_011037856.1	XP_008376064.2
XP_011037856.1	XP_009377277.2
XP_011037856.1	XP_019191010.1
XP_011037856.1	XP_008776769.1
XP_011037856.1	XP_026427938.1
XP_011037856.1	XP_026441302.1
XP_011037856.1	RVX04045.1
XP_011037856.1	PSS11327.1
XP_011037856.1	XP_019072060.1
XP_011037856.1	XP_021630615.1
XP_011037856.1	XP_026437336.1
XP_011037856.1	XP_029125049.1
XP_011037856.1	XP_029125050.1
XP_011037856.1	KZV38013.1
XP_011037856.1	XP_016205282.1
XP_011037856.1	XP_015968391.1
XP_011037856.1	XP_025603418.1
XP_011037856.1	RYR02634.1
XP_011037856.1	5NLM_A
XP_011037856.1	BBB06426.1
XP_011037856.1	XP_010266460.1
XP_011037856.1	KCW78154.1
XP_011037856.1	EOA36463.1
XP_011037856.1	NP_001322773.1
XP_011037856.1	NP_001322549.1
XP_011037856.1	VVA89659.1
XP_011037856.1	OAP17404.1
XP_011037856.1	NP_171649.1
XP_011037856.1	ESQ37758.1
XP_011037856.1	BAJ34074.1
XP_011037856.1	VVB06869.1
XP_011037856.1	KFK30683.1
XP_011037856.1	XP_010457132.1
XP_011037856.1	XP_020870180.1
XP_011037856.1	NP_171646.1
XP_011037856.1	XP_006396305.2
XP_011037856.1	XP_010556588.1
XP_011037856.1	XP_019059663.1
XP_011037856.1	XP_018466826.1
XP_011037856.1	XP_009128501.1
XP_011037856.1	VDD23940.1
XP_011037856.1	XP_013619549.1
XP_011037856.1	XP_013718503.1
XP_011037856.1	AAF97324.1
XP_011037856.1	BAD43267.1
XP_011037856.1	EFH65628.1
XP_011037856.1	XP_031269513.1
XP_011037856.1	CBI25657.3
XP_011037856.1	XP_002267573.1
XP_011037856.1	XP_028109021.1
XP_011037856.1	RVX01900.1
XP_011037856.1	XP_002276981.1
XP_011037856.1	XP_028109022.1
XP_011037856.1	RVW94545.1
XP_011037856.1	XP_002268560.2
XP_011037856.1	RVW13438.1
XP_011037856.1	XP_003634091.1
XP_011037856.1	CBI22736.3
XP_011037856.1	XP_022890352.1
XP_011037856.1	XP_022890345.1
XP_011037856.1	XP_017257598.1
XP_011037856.1	XP_017257597.1
XP_011037856.1	XP_010245583.1
XP_011037856.1	PIA35640.1
XP_011037856.1	XP_023875597.1
XP_011037856.1	XP_023889019.1
XP_011037856.1	XP_010261400.1
XP_011037856.1	XP_002276546.1
XP_011037856.1	XP_003634093.1
XP_011037856.1	RVX02036.1
XP_011037856.1	RVX01823.1
XP_011037856.1	XP_027942208.1
XP_011037856.1	XP_019081383.1
XP_011037856.1	RVW94547.1
XP_011037856.1	GAV72731.1
XP_011037856.1	XP_023895378.1
XP_011037856.1	XP_030934799.1
XP_011037856.1	XP_030936955.1
XP_011037856.1	XP_030934802.1
XP_011037856.1	XP_023890913.1
XP_011037856.1	OVA16939.1
XP_011037856.1	XP_012852131.1
XP_011037856.1	XP_015878293.1
XP_011037856.1	EOY01771.1
XP_011037856.1	XP_017970548.1
XP_011037856.1	BBA68562.1
XP_011037856.1	PSS33025.1
XP_011037856.1	XP_024989311.1
XP_011037856.1	XP_014498589.1
XP_011037856.1	XP_017420568.1
XP_011037856.1	PSS33026.1
XP_011037856.1	BBC62110.1
XP_011037856.1	BAG31949.1
XP_011037856.1	XP_030951561.1
XP_011037856.1	XP_023875925.1
XP_011037856.1	XP_030933133.1
XP_011037856.1	XP_030933199.1
XP_011037856.1	XP_023875937.1
XP_011037856.1	XP_020548990.1
XP_011037856.1	PIM97598.1
XP_011037856.1	XP_020548989.1
XP_011037856.1	XP_002276715.1
XP_011037856.1	RVW94580.1
XP_011037856.1	RVX02005.1
XP_011037856.1	XP_019200220.1
XP_011037856.1	RWR84683.1
XP_011037856.1	TEY84792.1
XP_011037856.1	AII32292.1
XP_011037856.1	AII32291.1
XP_011037856.1	PIA35648.1
XP_011037856.1	GAV72728.1
XP_011037856.1	KAE8023170.1
XP_011037856.1	KAE8023168.1
XP_011037856.1	XP_020548992.1
XP_011037856.1	XP_020548991.1
XP_011037856.1	XP_031390683.1
XP_011037856.1	KAB1204925.1
XP_011037856.1	KAB1204927.1
XP_011037856.1	KAE8076771.1
XP_011037856.1	XP_018838593.1
XP_011037856.1	XP_010916896.1
XP_011037856.1	XP_008776267.1
XP_011037856.1	XP_010665386.1
XP_011037856.1	RVW94960.1
XP_011037856.1	XP_010665387.1
XP_011037856.1	RVW57998.1
XP_011037856.1	XP_002272345.1
XP_011037856.1	TEY62830.1
XP_011037856.1	TEY62829.1
XP_011037856.1	XP_010244851.1
XP_011037856.1	RWR93161.1
XP_011037856.1	RWR93164.1
XP_011037856.1	PSS04402.1
XP_011037856.1	AIL51399.1
XP_011037856.1	KAA8533662.1
XP_011037856.1	OVA02986.1
XP_011037856.1	OVA18916.1
XP_011037856.1	XP_022006713.1
XP_011037856.1	XP_023740690.1
XP_011037856.1	XP_022006714.1
XP_011037856.1	Q6VAA7.1
XP_011037856.1	PIA62959.1
XP_011037856.1	GAV63777.1
XP_011037856.1	PSS35117.1
XP_011037856.1	KDO83084.1
XP_011037856.1	BBA18062.1
XP_011037856.1	NP_001306993.1
XP_011037856.1	BBA18064.1
XP_011037856.1	XP_010258947.1
XP_011037856.1	XP_023900439.1
XP_011037856.1	XP_018836664.1
XP_011037856.1	XP_026445841.1
XP_011037856.1	XP_010265663.2
XP_011037856.1	XP_031283094.1
XP_011037856.1	XP_031269471.1
XP_011037856.1	XP_030956604.1
XP_011037856.1	MiCGTb_S16
XP_011037856.1	AMM73095.1
XP_011037856.1	GAV76328.1
XP_011037856.1	TXG56589.1
BBN70121.1	BBN70121.1
TXG58407.1	TXG58407.1
TXG58407.1	RDY01127.1
TXG58407.1	KAA3455174.1
TXG58407.1	KYP70994.1
CDP01082.1	CDP01082.1
CBI15140.3	CBI15140.3
EOA20486.1	EOA20486.1
EOA20486.1	XP_006287588.2
EOA20486.1	XP_023637238.1
EOA20486.1	XP_006400242.1
EOA20486.1	NP_197207.1
EOA20486.1	XP_002873808.1
EOA20486.1	XP_018471085.1
EOA20486.1	KFK25929.1
EOA20486.1	XP_010453885.1
EOA20486.1	XP_010420413.1
EOA20486.1	XP_010492637.1
EOA20486.1	XP_010549820.1
EOA20486.1	VVB14872.1
PQQ00854.1	PQQ00854.1
PQQ00854.1	XP_021984660.1
PQQ00854.1	RDX96332.1
PQQ00854.1	OEL28772.1
PQQ00854.1	XP_011008563.1
PQQ00854.1	KAD4584751.1
PQQ00854.1	GER36420.1
PQQ00854.1	OAY72603.1
PQQ00854.1	RZC89580.1
PQQ00854.1	OAY72350.1
PQQ00854.1	OEL21584.1
PQQ00854.1	THG23125.1
CDY67473.1	CDY67473.1
CDY67473.1	CDY48501.1
CDY67473.1	ESQ46245.1
CDY67473.1	RID47988.1
CDY67473.1	KFK32757.1
CDY67473.1	XP_021910747.1
XP_022714589.1	XP_022714589.1
KAA3476227.1	KAA3476227.1
KAA3476227.1	XP_017972637.1
KAA3476227.1	PPD98686.1
KAA3476227.1	KVI07143.1
KAA3476227.1	XP_023895313.1
KAA3476227.1	KAA8539973.1
KAA3476227.1	KAA8533663.1
KAA3476227.1	RWR93163.1
KAE8694071.1	KAE8694071.1
XP_025012335.1	XP_025012335.1
KAA8520934.1	KAA8520934.1
KAA8520934.1	KAA8539974.1
KAA8520934.1	XP_018853450.1
KAA8520934.1	XP_018854221.1
KAA8520934.1	ABL85472.1
KAA8520934.1	XP_026440398.1
KAA8520934.1	XP_012843823.1
KAA8520934.1	XP_023905553.1
KAA8520934.1	XP_028116769.1
KAA8520934.1	XP_023875154.1
KAA8520934.1	XP_023923919.1
KAA8520934.1	XP_023876142.1
KAA8520934.1	XP_030966515.1
KAA8520934.1	XP_023914549.1
KAA8520934.1	XP_030967178.1
KAA8520934.1	XP_023905565.1
KAA8520934.1	XP_030967080.1
KAA8520934.1	RYR60582.1
KAA8520934.1	XP_016194286.1
KAA8520934.1	XP_015962411.1
KAA8520934.1	XP_023905554.1
KAA8520934.1	XP_023876189.1
KAA8520934.1	XP_030967543.1
KAA8520934.1	XP_023927464.1
KAA8520934.1	XP_028063333.1
KAA8520934.1	XP_028054629.1
KAA8520934.1	XP_028059417.1
KAA8520934.1	XP_023876282.1
KAA8520934.1	XP_030963914.1
KAA8520934.1	XP_023905005.1
RDX89904.1	RDX89904.1
XP_010417075.2	XP_010417075.2
XP_010417075.2	XP_019083724.1
XP_010417075.2	VDD12787.1
XP_010417075.2	XP_019085104.1
XP_010417075.2	XP_019085105.1
XP_010417075.2	XP_019085103.1
XP_010417075.2	XP_013710621.1
XP_010417075.2	XP_013603609.1
XP_010417075.2	XP_009117288.1
XP_010417075.2	VDD58340.1
XP_010417075.2	XP_013660069.1
XP_010417075.2	CDY46082.1
XP_010417075.2	RID47987.1
XP_010417075.2	XP_013746965.1
XP_010417075.2	RID66224.1
XP_010417075.2	XP_013746964.1
XP_010417075.2	VDD13296.1
XP_010417075.2	XP_013635406.1
XP_010417075.2	VVB09940.1
XP_010417075.2	XP_018462625.1
XP_010417075.2	XP_019085107.1
XP_010417075.2	XP_006404807.1
XP_010417075.2	XP_019093033.1
XP_010417075.2	XP_006295970.1
XP_010417075.2	NP_179907.1
XP_010417075.2	XP_019085108.1
XP_010417075.2	XP_002880491.1
XP_010417075.2	OAP11221.1
XP_010417075.2	XP_002880490.2
XP_010417075.2	XP_006296304.2
XP_010417075.2	EFH56749.1
XP_010417075.2	EOA29202.1
XP_010417075.2	OAP08030.1
XP_010417075.2	CDY67489.1
XP_010417075.2	XP_006404801.1
XP_010417075.2	XP_006404806.1
XP_010417075.2	XP_010531266.1
XP_010417075.2	KFK32756.1
XP_010417075.2	AAB87110.1
XP_010417075.2	CDY46083.1
XP_010417075.2	VDC63481.1
XP_010417075.2	XP_013660070.1
XP_010417075.2	XP_009117289.1
XP_010417075.2	XP_013709682.1
XP_010417075.2	XP_013601766.1
XP_010417075.2	XP_018438407.1
XP_010417075.2	At_84B2_S4
XP_010417075.2	OAP08290.1
XP_010417075.2	NP_179906.1
XP_010417075.2	AHL38842.1
XP_010417075.2	VVB09939.1
XP_010417075.2	RWV79607.1
XP_010417075.2	KAE8022884.1
XP_010417075.2	KAB1213511.1
XP_010417075.2	KAB1213509.1
XP_010417075.2	KAB1213515.1
XP_010417075.2	AFI71902.1
XP_010417075.2	ALX35999.1
XP_010417075.2	XP_030923674.1
XP_010417075.2	XP_023908933.1
XP_010417075.2	XP_023908917.1
XP_010417075.2	XP_030922904.1
XP_010417075.2	XP_030973755.1
XP_010417075.2	XP_023885287.1
XP_010417075.2	RHN69186.1
XP_010417075.2	XP_003601707.1
XP_010417075.2	XP_003601705.1
XP_010417075.2	XP_003601706.1
XP_010417075.2	PNX82457.1
XP_010417075.2	GAU18595.1
XP_010417075.2	KAD7478093.1
XP_010417075.2	PWA65977.1
XP_010417075.2	QCC89365.1
XP_010417075.2	XP_022009199.1
XP_010417075.2	XP_028796705.1
XP_010417075.2	XP_028773168.1
XP_010417075.2	KAD7478092.1
XP_010417075.2	KAD7478089.1
XP_010417075.2	KAD1404140.1
XP_010417075.2	XP_004502258.1
XP_010417075.2	PNX79500.1
XP_010417075.2	OMO55937.1
XP_010417075.2	AYR16609.1
XP_010417075.2	XP_020408985.1
XP_010417075.2	PWZ22471.1
XP_010417075.2	OQU84527.1
XP_010417075.2	XP_002453431.1
XP_010417075.2	NP_001151310.1
XP_010417075.2	OEL35982.1
XP_010417075.2	XP_002438232.1
XP_010417075.2	XP_008649287.1
XP_010417075.2	OEL23059.1
XP_010417075.2	PWZ29239.1
XP_010417075.2	ACG28399.1
XP_010417075.2	NP_001147693.2
XP_010417075.2	XP_002455167.1
XP_010417075.2	PUZ60842.1
XP_010417075.2	XP_004965213.1
XP_010417075.2	TKW20934.1
XP_010417075.2	RLM56038.1
XP_010417075.2	XP_025812888.1
XP_010417075.2	OEL28004.1
XP_010417075.2	TVU02014.1
XP_010417075.2	XP_022681817.1
XP_010417075.2	PUZ58141.1
XP_010417075.2	XP_031282588.1
XP_010417075.2	XP_031258852.1
XP_010417075.2	XP_031259302.1
XP_010417075.2	XP_022874993.1
XP_010417075.2	XP_027116930.1
XP_010417075.2	XP_027165414.1
XP_010417075.2	XP_027119894.1
XP_010417075.2	XP_022874992.1
XP_010417075.2	XP_022874990.1
XP_010417075.2	XP_022857693.1
XP_010417075.2	XP_022874991.1
XP_010417075.2	XP_022873073.1
XP_010417075.2	XP_030553239.1
XP_010417075.2	XP_006358760.1
XP_010417075.2	AAK54465.1
XP_010417075.2	XP_006368000.1
XP_010417075.2	XP_016566186.1
XP_010417075.2	XP_011101592.1
XP_010417075.2	XP_011081386.1
XP_010417075.2	XP_019175348.1
XP_010417075.2	XP_031128223.1
XP_010417075.2	AWU66062.1
XP_010417075.2	TMW82194.1
XP_010417075.2	XP_015088519.1
XP_010417075.2	NP_001348274.1
XP_010417075.2	BAF49301.1
XP_010417075.2	BAG80544.1_S26
XP_010417075.2	XP_009790237.1
XP_010417075.2	XP_019249532.1
XP_010417075.2	XP_022846447.1
XP_010417075.2	XP_016445752.1
XP_010417075.2	XP_022898617.1
XP_010417075.2	XP_009787090.1
XP_010417075.2	XP_019261818.1
XP_010417075.2	XP_009622554.1
XP_010417075.2	XP_022740805.1
XP_010417075.2	TXG72667.1
XP_010417075.2	XP_017231420.1
XP_010417075.2	AWU66065.1
XP_010417075.2	XP_017220858.1
XP_010417075.2	TEY59846.1
XP_010417075.2	KZV16327.1
XP_010417075.2	EYU27003.1
XP_010417075.2	XP_012844402.1
XP_010417075.2	XP_012849812.1
XP_010417075.2	KAB1213449.1
XP_010417075.2	KAB1213453.1
XP_010417075.2	KAE8022889.1
XP_010417075.2	XP_010039945.1
XP_010417075.2	KAE8022886.1
XP_010417075.2	KAB1213521.1
XP_010417075.2	PON55682.1
XP_010417075.2	XP_004978365.1
XP_010417075.2	TKW07773.1
XP_010417075.2	OEL31756.1
XP_010417075.2	XP_026400724.1
XP_010417075.2	RAL48252.1
XP_010417075.2	PIA35958.1
XP_010417075.2	PIA35955.1
XP_010417075.2	BAF75879.1
XP_010417075.2	PON95497.1
XP_010417075.2	PON55687.1
XP_010417075.2	XP_011020320.1
XP_010417075.2	QEJ65852.1
XP_010417075.2	XP_002308970.2
XP_010417075.2	XP_002322699.2
XP_010417075.2	XP_011033298.1
XP_010417075.2	XP_010052789.1
XP_010417075.2	XP_010023609.1
XP_010417075.2	XP_010023606.1
XP_010417075.2	XP_030467354.1
XP_010417075.2	XP_030442034.1
XP_010417075.2	XP_010023605.1
XP_010417075.2	XP_018715501.1
XP_010417075.2	OVA12988.1
XP_010417075.2	XP_022871749.1
XP_010417075.2	XP_011024782.1
XP_010417075.2	KAE8022885.1
XP_010417075.2	XP_022740226.1
XP_010417075.2	XP_027101053.1
XP_010417075.2	CDP15119.1
XP_010417075.2	CDP15120.1
XP_010417075.2	XP_027079707.1
XP_010417075.2	XP_027121142.1
XP_010417075.2	XP_027166851.1
XP_010417075.2	XP_027079726.1
XP_010417075.2	XP_027120792.1
XP_010417075.2	KAE8723825.1
XP_010417075.2	KAE8714519.1
XP_010417075.2	XP_022751013.1
XP_010417075.2	XP_022752016.1
XP_010417075.2	XP_003531212.1
XP_010417075.2	XP_012844399.1
XP_010417075.2	XP_012844401.1
XP_010417075.2	GAV69855.1
XP_010417075.2	GAV69856.1
XP_010417075.2	XP_021611490.1
XP_010417075.2	OMO55935.1
XP_010417075.2	XP_017975373.1
XP_010417075.2	EOY05113.1
XP_010417075.2	XP_027166077.1
XP_010417075.2	XP_028118683.1
XP_010417075.2	XP_028068946.1
XP_010417075.2	XP_028114996.1
XP_010417075.2	THF97106.1
XP_010417075.2	XP_028094405.1
XP_010417075.2	XP_031265063.1
XP_010417075.2	XP_002516389.1
XP_010417075.2	XP_023908200.1
XP_010417075.2	XP_010246963.1
XP_010417075.2	KAA8527884.1
XP_010417075.2	KAA8527883.1
XP_010417075.2	XP_030975630.1
XP_010417075.2	XP_012078454.1
XP_010417075.2	OMP02576.1
XP_010417075.2	GER32649.1
XP_010417075.2	OMO55934.1
XP_010417075.2	XP_016722347.1
XP_010417075.2	KJB28079.1
XP_010417075.2	KAB2039639.1
XP_010417075.2	TYG78016.1
XP_010417075.2	TYI91876.1
XP_010417075.2	PPD66181.1
XP_010417075.2	TYH82013.1
XP_010417075.2	KAB2039635.1
XP_010417075.2	TYI91871.1
XP_010417075.2	KAB2039641.1
XP_010417075.2	TYI91870.1
XP_010417075.2	XP_016722394.1
XP_010417075.2	TYH82018.1
XP_010417075.2	KAB2039637.1
XP_010417075.2	XP_012481642.1
XP_010417075.2	TYH82017.1
XP_010417075.2	TYG78018.1
XP_010417075.2	TYH26846.1
XP_010417075.2	XP_012481644.1
XP_010417075.2	TYI91872.1
XP_010417075.2	KAB2092300.1
XP_010417075.2	TYJ44968.1
XP_010417075.2	KJB28077.1
XP_010417075.2	TYJ44969.1
XP_010417075.2	TYH26844.1
XP_010417075.2	PPD80490.1
XP_010417075.2	XP_016722390.1
XP_010417075.2	TYI91875.1
XP_010417075.2	XP_012481645.1
XP_010417075.2	TYH82015.1
XP_010417075.2	TYJ44970.1
XP_010417075.2	TYG78013.1
XP_010417075.2	XP_016722357.1
XP_010417075.2	XP_012481643.1
XP_010417075.2	XP_012481638.1
XP_010417075.2	XP_017631924.1
XP_010417075.2	TYI91873.1
XP_010417075.2	KJB28075.1
XP_010417075.2	TYH82016.1
XP_010417075.2	TYG78014.1
XP_010417075.2	XP_016722391.1
XP_010417075.2	TYI91874.1
XP_010417075.2	TYJ44971.1
XP_010417075.2	KAB2092316.1
XP_010417075.2	TYH26857.1
XP_010417075.2	XP_023756583.1
XP_010417075.2	XP_030467343.1
XP_010417075.2	XP_018717694.1
XP_010417075.2	XP_010023603.1
XP_010417075.2	XP_022009222.1
XP_010417075.2	RVW25173.1
XP_010417075.2	XP_002263700.1
XP_010417075.2	RVW67074.1
XP_010417075.2	XP_002262883.1
XP_010417075.2	PSS23929.1
XP_010417075.2	KAA8527889.1
XP_010417075.2	KAE8702986.1
XP_010417075.2	XP_012078445.1
XP_010417075.2	XP_027336859.1
XP_010417075.2	XP_007163802.1
XP_010417075.2	TKY47805.1
XP_010417075.2	XP_017405475.1
XP_010417075.2	XP_027903564.1
XP_010417075.2	QCE13060.1
XP_010417075.2	XP_014521681.1
XP_010417075.2	XP_027341848.1
XP_010417075.2	KAB2623314.1
XP_010417075.2	KAB2623267.1
XP_010417075.2	BAF49300.1
XP_010417075.2	XP_004504379.1
XP_010417075.2	XP_003629628.1
XP_010417075.2	XP_019415874.1
XP_010417075.2	KYP56999.1
XP_010417075.2	XP_020228456.1
XP_010417075.2	XP_028051211.1
XP_010417075.2	ALO19892.1
XP_010417075.2	BAB88935.1
XP_010417075.2	XP_016468459.1
XP_010417075.2	XP_009601422.1
XP_010417075.2	XP_025792598.1
XP_010417075.2	PUZ74427.1
XP_010417075.2	XP_012703144.1
XP_010417075.2	RLN08822.1
XP_010417075.2	RLN09978.1
XP_010417075.2	XP_031403304.1
XP_010417075.2	OWM76729.1
XP_010417075.2	XP_010099953.1
XP_010417075.2	XP_024032150.1
XP_010417075.2	PON95494.1
XP_010417075.2	PON55681.1
XP_010417075.2	XP_015887242.1
XP_010417075.2	XP_015866637.1
XP_010417075.2	XP_015886875.1
XP_010417075.2	XP_015887415.1
XP_010417075.2	AKH66773.1
XP_010417075.2	BAM28983.1
XP_010417075.2	XP_027116926.1
XP_010417075.2	F8WKW0.1
XP_010417075.2	XP_027165413.1
XP_010417075.2	XP_027119146.1
XP_010417075.2	XP_022856391.1
XP_010417075.2	XP_015958240.1
XP_010417075.2	XP_027116929.1
XP_010417075.2	XP_010246531.1
XP_010417075.2	XP_010246537.1
XP_010417075.2	XP_010243149.1
XP_010417075.2	XP_016187692.1
XP_010417075.2	XP_006492998.1
XP_010417075.2	XP_006421040.1
XP_010417075.2	GAY53573.1
XP_010417075.2	XP_023515284.1
XP_010417075.2	XP_022964322.1
XP_010417075.2	XP_023513775.1
XP_010417075.2	XP_023000277.1
XP_010417075.2	XP_022964318.1
XP_010417075.2	XP_022964320.1
XP_010417075.2	BAF49286.1
XP_010417075.2	BAF49285.1
XP_010417075.2	RVW21027.1
XP_010417075.2	XP_002263498.1
XP_010417075.2	XP_002266919.1
XP_010417075.2	XP_027344102.1
XP_010417075.2	XP_015886877.1
XP_010417075.2	XP_022964048.1
XP_010417075.2	XP_023513863.1
XP_010417075.2	PUZ43676.1
XP_010417075.2	XP_025826522.1
XP_010417075.2	RLM69060.1
XP_010417075.2	VAI45181.1
XP_010417075.2	XP_003571042.4
XP_010417075.2	UGT84C2_S14
XP_010417075.2	VAI56782.1
XP_010417075.2	BAJ94810.1
XP_010417075.2	XP_020169362.1
XP_010417075.2	CDM85855.1
XP_010417075.2	VAH83952.1
XP_010417075.2	XP_020184262.1
XP_010417075.2	BAK00383.1
XP_010417075.2	PON55696.1
XP_010417075.2	PON95504.1
XP_010417075.2	PON95501.1
XP_010417075.2	PON95508.1
XP_010417075.2	PON55699.1
XP_010417075.2	XP_004298223.1
XP_010417075.2	PON55694.1
XP_010417075.2	PON95502.1
XP_010417075.2	KAA8527885.1
XP_010417075.2	XP_028114041.1
XP_010417075.2	XP_028102251.1
XP_010417075.2	THF94444.1
XP_010417075.2	THG00119.1
XP_010417075.2	KAA8548348.1
XP_010417075.2	XP_028118681.1
XP_010417075.2	ALO19893.1
XP_010417075.2	XP_028118621.1
XP_010417075.2	THF97109.1
XP_010417075.2	XP_028097724.1
XP_010417075.2	XP_028087397.1
XP_010417075.2	XP_028114040.1
XP_010417075.2	XP_028102253.1
XP_010417075.2	PSS23931.1
XP_010417075.2	XP_027344056.1
XP_010417075.2	VAH92745.1
XP_010417075.2	XP_020160711.1
XP_010417075.2	PWA34561.1
XP_010417075.2	PWA44003.1
XP_010417075.2	PWA97964.1
XP_010417075.2	ARA67364.1
XP_010417075.2	XP_025672377.1
XP_010417075.2	XP_027343773.1
XP_010417075.2	BAT84847.1
XP_010417075.2	XP_027901754.1
XP_010417075.2	XP_017406658.1
XP_010417075.2	XP_003552552.1
XP_010417075.2	CDP15115.1
XP_010417075.2	XP_027120366.1
XP_010417075.2	XP_027118342.1
XP_010417075.2	XP_021745709.1
XP_010417075.2	XP_021745873.1
XP_010417075.2	XP_021748953.1
XP_010417075.2	XP_010673328.1
XP_010417075.2	XP_021839259.1
XP_010417075.2	KNA10118.1
XP_010417075.2	XP_014634355.1
XP_010417075.2	AMO27404.1
XP_010417075.2	XP_015061536.1
XP_010417075.2	XP_004252978.1
XP_010417075.2	TMW87177.1
XP_010417075.2	XP_006349903.1
XP_010417075.2	XP_016552407.1
XP_010417075.2	BAA89009.1
XP_010417075.2	XP_015886878.1
XP_010417075.2	XP_018844046.1
XP_010417075.2	XP_018809222.1
XP_010417075.2	XP_018809219.1
XP_010417075.2	XP_018844047.1
XP_010417075.2	XP_010246964.1
XP_010417075.2	KAE8022894.1
XP_010417075.2	XP_021690420.1
XP_010417075.2	XP_015866638.1
XP_010417075.2	XP_015869625.1
XP_010417075.2	XP_028102252.1
XP_010417075.2	THG22640.1
XP_010417075.2	XP_028059076.1
XP_010417075.2	XP_028051652.1
XP_010417075.2	THF94442.1
XP_010417075.2	PSS34574.1
XP_010417075.2	PSS34575.1
XP_010417075.2	PQQ18456.1
XP_010417075.2	XP_021818810.1
XP_010417075.2	XP_021831973.1
XP_010417075.2	XP_007221281.1
XP_010417075.2	VVA36581.1
XP_010417075.2	XP_008222736.1
XP_010417075.2	XP_021818815.1
XP_010417075.2	XP_021818811.1
XP_010417075.2	XP_007221319.1
XP_010417075.2	XP_021831974.1
XP_010417075.2	XP_024193621.1
XP_010417075.2	QFP92919.1
XP_010417075.2	XP_004297003.2
XP_010417075.2	XP_024194209.1
XP_010417075.2	QCI57001.1
XP_010417075.2	XP_024194825.1
XP_010417075.2	AKH66774.1
XP_010417075.2	UGT75E3_S15
XP_010417075.2	XP_024197860.1
XP_010417075.2	XP_004297014.1
XP_010417075.2	XP_004298222.1
XP_010417075.2	XP_024197646.1
XP_010417075.2	XP_024191934.1
XP_010417075.2	RXI00586.1
XP_010417075.2	NP_001315912.1
XP_010417075.2	XP_018506754.1
XP_010417075.2	TQD98032.1
XP_010417075.2	TQD76068.1
XP_010417075.2	XP_008348418.1
XP_010417075.2	XP_009337747.1
XP_010417075.2	XP_008380456.1
XP_010417075.2	KAB2623316.1
XP_010417075.2	XP_009373576.2
XP_010417075.2	KAB2623270.1
XP_010417075.2	XP_008380454.1
XP_010417075.2	VVA36582.1
XP_010417075.2	KAB2630462.1
XP_010417075.2	XP_007221288.1
XP_010417075.2	RXI00581.1
XP_010417075.2	XP_008222735.1
XP_010417075.2	TQD98028.1
XP_010417075.2	XP_008380634.1
XP_010417075.2	PQQ18453.1
XP_010417075.2	XP_008806065.1
XP_010417075.2	XP_010943217.1
XP_010417075.2	XP_030533885.1
XP_010417075.2	BAD90935.1
XP_010417075.2	BAD90934.1
XP_010417075.2	XP_010039943.1
XP_010417075.2	XP_010039944.1
XP_010417075.2	XP_030533886.1
XP_010417075.2	XP_031379406.1
XP_010417075.2	XP_028051212.1
XP_010417075.2	THG22833.1
XP_010417075.2	XP_024988169.1
XP_010417075.2	KVI08356.1
XP_010417075.2	OMO51802.1
XP_010417075.2	XP_030463849.1
XP_010417075.2	EOY20331.1
XP_010417075.2	EOY05112.1
XP_010417075.2	XP_007034186.2
XP_010417075.2	XP_021300520.1
XP_010417075.2	XP_022761033.1
XP_010417075.2	XP_022761032.1
XP_010417075.2	XP_022761031.1
XP_010417075.2	XP_018848545.1
XP_010417075.2	TXG72670.1
XP_010417075.2	RVW21025.1
XP_010417075.2	RVW13518.1
XP_010417075.2	CAN62624.1
XP_010417075.2	XP_002263422.1
XP_010417075.2	XP_002266628.3
XP_010417075.2	XP_002266967.1
XP_010417075.2	ABQ02258.1
XP_010417075.2	RVW21033.1
XP_010417075.2	RVW67420.1
XP_010417075.2	RVW67418.1
XP_010417075.2	XP_019179887.1
XP_010417075.2	XP_019179982.1
XP_010417075.2	XP_019179997.1
XP_010417075.2	XP_031112902.1
XP_010417075.2	XP_019179983.1
XP_010417075.2	XP_031111835.1
XP_010417075.2	XP_019179978.1
XP_010417075.2	XP_019179979.1
XP_010417075.2	XP_031113584.1
XP_010417075.2	OIT38231.1
XP_010417075.2	AKA44588.1
XP_010417075.2	KAA8527888.1
XP_010417075.2	ALS55360.1
XP_010417075.2	AHL68667.1
XP_010417075.2	XP_018623437.1
XP_010417075.2	XP_019224613.1
XP_010417075.2	XP_016452000.1
XP_010417075.2	XP_009778637.1
XP_010417075.2	XP_009612652.2
XP_010417075.2	XP_016510303.1
XP_010417075.2	XP_016442282.1
XP_010417075.2	XP_004247895.1
XP_010417075.2	BAG80545.1
XP_010417075.2	XP_016568031.1
XP_010417075.2	XP_015086777.1
XP_010417075.2	TMW91076.1
XP_010417075.2	XP_019179924.1
XP_010417075.2	XP_019179981.1
XP_010417075.2	Q9ZR25.1
XP_010417075.2	AAY27090.1
XP_010417075.2	KAB2623315.1
XP_010417075.2	KAB2623268.1
XP_010417075.2	ABL85474.1
XP_010417075.2	XP_028118682.1
XP_010417075.2	ALO19894.1
XP_010417075.2	Q9ZR27.1
XP_010417075.2	Q9ZR26.1
XP_010417075.2	TEY42856.1
XP_010417075.2	TEY42858.1
XP_010417075.2	AJM89728.1
XP_010417075.2	XP_022009259.1
XP_010417075.2	TYI91868.1
XP_010417075.2	TYI91869.1
XP_010417075.2	XP_023908932.1
XP_010417075.2	XP_023904689.1
XP_010417075.2	XP_030973955.1
XP_010417075.2	XP_023904690.1
XP_010417075.2	XP_030922945.1
XP_010417075.2	XP_023904692.1
XP_010417075.2	XP_030922828.1
XP_010417075.2	XP_030974001.1
XP_010417075.2	XP_030922901.1
XP_010417075.2	KAE8655897.1
XP_010417075.2	KAE8706927.1
XP_010417075.2	OMO55936.1
XP_010417075.2	PNT04892.1
XP_010417075.2	XP_002301753.1
XP_010417075.2	XP_002321086.3
XP_010417075.2	PSS23930.1
XP_010417075.2	XP_028796736.1
XP_010417075.2	BAD15522.1
XP_010417075.2	XP_015627583.1
XP_010417075.2	TYG78015.1
XP_010417075.2	RVW31117.1
XP_010417075.2	XP_002267330.2
XP_010417075.2	XP_010650395.1
XP_010417075.2	RVW70404.1
XP_010417075.2	XP_003632054.3
XP_010417075.2	RVW70420.1
XP_010417075.2	RVW22298.1
XP_010417075.2	XP_002267526.1
XP_010417075.2	RVW82053.1
XP_010417075.2	RVW31124.1
XP_010417075.2	XP_002263301.1
XP_010417075.2	XP_010650398.1
XP_010417075.2	XP_002263975.1
XP_010417075.2	OWM76731.1
XP_010417075.2	PKI70247.1
XP_010417075.2	XP_023735508.1
XP_010417075.2	XP_021740128.1
XP_010417075.2	XP_023735484.1
XP_010417075.2	XP_023757989.1
XP_010417075.2	XP_024959008.1
XP_010417075.2	XP_023757990.1
XP_010417075.2	XP_022011198.1
XP_010417075.2	XP_015894870.1
XP_010417075.2	OUZ99623.1
XP_010417075.2	THG01670.1
XP_010417075.2	XP_028094949.1
XP_010417075.2	XP_010680524.1
XP_010417075.2	XP_010680525.1
XP_010417075.2	XP_021714615.1
XP_010417075.2	XP_021593604.1
XP_010417075.2	XP_021662552.1
XP_010417075.2	XP_012469799.1
XP_010417075.2	EOX92064.1
XP_010417075.2	XP_007047907.2
XP_010417075.2	PPD96331.1
XP_010417075.2	KAB2036972.1
XP_010417075.2	XP_022741260.1
XP_010417075.2	XP_021274470.1
XP_010417075.2	KAB2036974.1
XP_010417075.2	XP_012469802.1
XP_010417075.2	TYH79177.1
XP_010417075.2	XP_012469801.1
XP_010417075.2	TYI89252.1
XP_010417075.2	XP_016740781.1
XP_010417075.2	TYI89253.1
XP_010417075.2	TYG75609.1
XP_010417075.2	KDP33203.1
XP_010417075.2	KCW62094.1
XP_010417075.2	XP_016740788.1
XP_010417075.2	XP_026434303.1
XP_010417075.2	KAE8694072.1
XP_010417075.2	KAE8694069.1
XP_010417075.2	XP_021273737.1
XP_010417075.2	XP_024194841.1
XP_010417075.2	XP_004297810.1
XP_010417075.2	AUI41141.1
XP_010417075.2	GAV60384.1
XP_010417075.2	XP_003519003.1
XP_010417075.2	XP_014620757.1
XP_010417075.2	KHN41342.1
XP_010417075.2	XP_002310553.1
XP_010417075.2	XP_006853259.1
XP_010417075.2	XP_012469790.1
XP_010417075.2	KAB2036965.1
XP_010417075.2	TYH79168.1
XP_010417075.2	TYG75598.1
XP_010417075.2	TYI89241.1
XP_010417075.2	PPD67270.1
XP_010417075.2	TYH79169.1
XP_010417075.2	PPD67269.1
XP_010417075.2	XP_016740783.1
XP_010417075.2	KAB2036966.1
XP_010417075.2	TYI89242.1
XP_010417075.2	TYG75599.1
XP_010417075.2	XP_017981758.1
XP_010417075.2	BBN70118.1
XP_010417075.2	XP_008234175.1
XP_010417075.2	PQQ10247.1
XP_010417075.2	XP_012081719.1
XP_010417075.2	XP_012081602.1
XP_010417075.2	XP_021682904.1
XP_010417075.2	PIN09929.1
XP_010417075.2	KAB2597445.1
XP_010417075.2	VVA34436.1
XP_010417075.2	XP_008234156.1
XP_010417075.2	PQM40887.1
XP_010417075.2	XP_020420894.1
XP_010417075.2	XP_024179480.1
XP_010417075.2	XP_009370709.2
XP_010417075.2	XP_024185954.1
XP_010417075.2	XP_004308659.1
XP_010417075.2	XP_011465456.1
XP_010417075.2	XP_024176214.1
XP_010417075.2	XP_011468341.1
XP_010417075.2	XP_024185263.1
XP_010417075.2	XP_024179482.1
XP_010417075.2	BBD34312.1
XP_010417075.2	XP_024166213.1
XP_010417075.2	KAE8715794.1
XP_010417075.2	EEF29506.1
XP_010417075.2	XP_002532877.2
XP_010417075.2	CDP13142.1
XP_010417075.2	XP_027176843.1
XP_010417075.2	XP_027073999.1
XP_010417075.2	XP_027178697.1
XP_010417075.2	XP_027177566.1
XP_010417075.2	XP_027077405.1
XP_010417075.2	PWA88712.1
XP_010417075.2	PWA43330.1
XP_010417075.2	XP_017239899.1
XP_010417075.2	CDP13143.1
XP_010417075.2	XP_027068282.1
XP_010417075.2	XP_030518392.1
XP_010417075.2	XP_030463270.1
XP_010417075.2	XP_030444801.1
XP_010417075.2	XP_018716993.1
XP_010417075.2	XP_030527682.1
XP_010417075.2	XP_002529831.1
XP_010417075.2	XP_010025430.1
XP_010417075.2	XP_018715451.1
XP_010417075.2	XP_010025434.1
XP_010417075.2	XP_030444800.1
XP_010417075.2	XP_030463272.1
XP_010417075.2	XP_030463269.1
XP_010417075.2	XP_010025432.1
XP_010417075.2	XP_010025429.2
XP_010417075.2	XP_012077776.1
XP_010417075.2	XP_012077758.1
XP_010417075.2	XP_012085929.2
XP_010417075.2	XP_012077778.1
XP_010417075.2	KDP45150.1
XP_010417075.2	XP_011031048.1
XP_010417075.2	XP_002306303.3
XP_010417075.2	KAB5556487.1
XP_010417075.2	ABK95289.1
XP_010417075.2	XP_024456385.1
XP_010417075.2	XP_011031049.1
XP_010417075.2	XP_021833066.1
XP_010417075.2	PQM36987.1
XP_010417075.2	PQQ00353.1
XP_010417075.2	XP_020418903.1
XP_010417075.2	VVA27708.1
XP_010417075.2	BBG94173.1
XP_010417075.2	XP_008221698.1
XP_010417075.2	XP_011100190.1
XP_010417075.2	PIM99761.1
XP_010417075.2	XP_031385836.1
XP_010417075.2	XP_006366324.1
XP_010417075.2	XP_004235064.1
XP_010417075.2	AFJ52996.1
XP_010417075.2	XP_022855166.1
XP_010417075.2	XP_002513010.1
XP_010417075.2	TMW84038.1
XP_010417075.2	XP_028801334.1
XP_010417075.2	XP_003601328.1
XP_010417075.2	PNY11480.1
XP_010417075.2	XP_013461085.1
XP_010417075.2	RHN68874.1
XP_010417075.2	RHN68875.1
XP_010417075.2	RHN68876.1
XP_010417075.2	RDY05882.1
XP_010417075.2	AWJ96821.1
XP_010417075.2	AWJ96814.1
XP_010417075.2	AWJ96810.1
XP_010417075.2	AWJ96812.1
XP_010417075.2	AWJ96820.1
XP_010417075.2	AWJ96836.1
XP_010417075.2	AWJ96816.1
XP_010417075.2	AWJ96819.1
XP_010417075.2	AWJ96831.1
XP_010417075.2	AWJ96804.1
XP_010417075.2	AWJ96818.1
XP_010417075.2	AWJ96807.1
XP_010417075.2	AWJ96808.1
XP_010417075.2	AWJ96788.1
XP_010417075.2	AWJ96809.1
XP_010417075.2	AWJ96793.1
XP_010417075.2	AWJ96799.1
XP_010417075.2	AWJ96833.1
XP_010417075.2	AWJ96815.1
XP_010417075.2	AWJ96786.1
XP_010417075.2	AWJ96789.1
XP_010417075.2	AWJ96846.1
XP_010417075.2	AWJ96787.1
XP_010417075.2	AWJ96822.1
XP_010417075.2	AWJ96811.1
XP_010417075.2	AWJ96813.1
XP_010417075.2	AWJ96806.1
XP_010417075.2	AWJ96798.1
XP_010417075.2	XP_013461083.1
XP_010417075.2	GAU47882.1
XP_010417075.2	XP_013461088.2
XP_010417075.2	RHN68872.1
XP_010417075.2	XP_019430688.1
XP_010417075.2	XP_019430687.1
XP_010417075.2	XP_003556840.1
XP_010417075.2	XP_027931326.1
XP_010417075.2	XP_027931553.1
XP_010417075.2	XP_014516853.1
XP_010417075.2	XP_020228441.1
XP_010417075.2	AFJ52997.1
XP_010417075.2	AUI41131.1
XP_010417075.2	AUI41129.1
XP_010417075.2	EPS66053.1
XP_010417075.2	XP_006388791.2
XP_010417075.2	XP_006366313.1
XP_010417075.2	AYC63487.1
XP_010417075.2	XP_022884523.1
XP_010417075.2	PIN09941.1
XP_010417075.2	PIN00342.1
XP_010417075.2	PIM97692.1
XP_010417075.2	XP_022132959.1
XP_010417075.2	XP_004235065.1
XP_010417075.2	XP_006367932.1
XP_010417075.2	XP_006366316.1
XP_010417075.2	XP_006366314.1
XP_010417075.2	XP_028944843.1
XP_010417075.2	KAB2605674.1
XP_010417075.2	TQD72001.1
XP_010417075.2	XP_028954705.1
XP_010417075.2	XP_008386170.2
XP_010417075.2	XP_028963621.1
XP_010417075.2	TQD72002.1
XP_010417075.2	KAB2597448.1
XP_010417075.2	TQE10458.1
XP_010417075.2	XP_009348490.1
XP_010417075.2	TQE10465.1
XP_010417075.2	XP_009364608.1
XP_010417075.2	XP_028962118.1
XP_010417075.2	KAB2597421.1
XP_010417075.2	TQE11253.1
XP_010417075.2	KAB2605643.1
XP_010417075.2	XP_020207847.1
XP_010417075.2	XP_004502001.1
XP_010417075.2	XP_020206720.1
XP_010417075.2	XP_027344484.1
XP_010417075.2	XP_004502000.1
XP_010417075.2	KAE8693235.1
XP_010417075.2	XP_031251695.1
XP_010417075.2	XP_021826734.1
XP_010417075.2	XP_007208223.1
XP_010417075.2	XP_007207648.1
XP_010417075.2	PQM33315.1
XP_010417075.2	PQP96972.1
XP_010417075.2	PQQ10244.1
XP_010417075.2	XP_021801475.1
XP_010417075.2	XP_024185274.1
XP_010417075.2	PON33831.1
XP_010417075.2	XP_028097295.1
XP_010417075.2	XP_028076126.1
XP_010417075.2	XP_028076125.1
XP_010417075.2	XP_028097299.1
XP_010417075.2	BAO51834.1
XP_010417075.2	AFI71901.1
XP_010417075.2	AJF48887.1
XP_010417075.2	AUI41118.1
XP_010417075.2	TXG60179.1
XP_010417075.2	TXG60177.1
XP_010417075.2	TXG60174.1
XP_010417075.2	XP_021629846.1
XP_010417075.2	XP_021637855.1
XP_010417075.2	XP_021630829.1
XP_010417075.2	G3FIN8.1
XP_010417075.2	G3FIN9.1
XP_010417075.2	XP_021633642.1
XP_010417075.2	XP_031274716.1
XP_010417075.2	XP_031251694.1
XP_010417075.2	VVA34437.1
XP_010417075.2	PQM33314.1
XP_010417075.2	XP_020421825.1
XP_010417075.2	PQQ10246.1
XP_010417075.2	XP_008234165.1
XP_010417075.2	XP_021826732.1
XP_010417075.2	PQM33311.1
XP_010417075.2	XP_021824044.1
XP_010417075.2	XP_008234196.1
XP_010417075.2	XP_007207189.1
XP_010417075.2	TXG60182.1
XP_010417075.2	XP_021684458.1
XP_010417075.2	XP_010098615.1
XP_010417075.2	XP_021640002.1
XP_010417075.2	XP_002268162.1
XP_010417075.2	XP_002268637.1
XP_010417075.2	XP_020554598.1
XP_010417075.2	TEY28305.1
XP_010417075.2	XP_027933561.1
XP_010417075.2	XP_017406805.1
XP_010417075.2	XP_014518831.1
XP_010417075.2	XP_027932325.1
XP_010417075.2	XP_014517915.1
XP_010417075.2	XP_007146161.1
XP_010417075.2	XP_027930746.1
XP_010417075.2	XP_017406819.1
XP_010417075.2	XP_017406815.1
XP_010417075.2	XP_007146160.1
XP_010417075.2	XP_017622472.1
XP_010417075.2	XP_021911536.1
XP_010417075.2	XP_022950861.1
XP_010417075.2	XP_011657968.1
XP_010417075.2	XP_022978487.1
XP_010417075.2	XP_023545186.1
XP_010417075.2	TXG60186.1
XP_010417075.2	KAE8694075.1
XP_010417075.2	OWM79962.1
XP_010417075.2	XP_021605632.1
XP_010417075.2	KAA8528293.1
XP_010417075.2	XP_006433961.1
XP_010417075.2	XP_019446273.1
XP_010417075.2	XP_004299648.1
XP_010417075.2	XP_016569219.1
XP_010417075.2	XP_016569001.1
XP_010417075.2	XP_012067890.1
XP_010417075.2	XP_015060143.1
XP_010417075.2	XP_015060144.1
XP_010417075.2	XP_004252533.1
XP_010417075.2	KAA8530834.1
XP_010417075.2	XP_019174616.1
XP_010417075.2	XP_002452530.1
XP_010417075.2	XP_021660399.1
XP_010417075.2	KAA8538103.1
XP_010417075.2	KAA8538100.1
XP_010417075.2	KAA8538101.1
XP_010417075.2	XP_021690630.1
XP_010417075.2	XP_031114489.1
XP_010417075.2	XP_022738554.1
XP_010417075.2	KAA8538104.1
XP_010417075.2	XP_022738441.1
XP_010417075.2	KAB5568710.1
XP_010417075.2	BAG80542.1
XP_010417075.2	XP_031392860.1
XP_010417075.2	GAV91231.1
XP_010417075.2	PKI54239.1
XP_010417075.2	XP_011016634.1
XP_010417075.2	XP_031390305.1
XP_010417075.2	XP_031390332.1
XP_010417075.2	XP_031394208.1
XP_010417075.2	XP_031278236.1
XP_010417075.2	XP_002302305.1
XP_010417075.2	PKI54238.1
XP_010417075.2	TXG52768.1
XP_010417075.2	XP_027338929.1
XP_010417075.2	XP_028077501.1
XP_010417075.2	XP_027149284.1
XP_010417075.2	XP_027092459.1
XP_010417075.2	XP_016571537.1
XP_010417075.2	XP_027095146.1
XP_010417075.2	XP_027089841.1
XP_010417075.2	XP_021900789.1
XP_010417075.2	XP_011092429.1
XP_010417075.2	XP_022038601.1
XP_010417075.2	XP_023760887.1
XP_010417075.2	XP_023760886.1
XP_010417075.2	TXG52767.1
XP_010417075.2	XP_015170249.1
XP_010417075.2	KAB2628933.1
XP_010417075.2	PON50343.1
XP_010417075.2	XP_016646948.1
XP_010417075.2	KAB2617060.1
XP_010417075.2	KAB2628932.1
XP_010417075.2	XP_009341756.1
XP_010417075.2	PQM38920.1
XP_010417075.2	KAE8666800.1
XP_010417075.2	XP_007225655.1
XP_010417075.2	VVA30856.1
XP_010417075.2	PQQ03753.1
XP_010417075.2	PQQ03751.1
XP_010417075.2	VVA30858.1
XP_010417075.2	XP_021808262.1
XP_010417075.2	XP_008219314.2
XP_010417075.2	XP_007227225.1
XP_010417075.2	XP_028951143.1
XP_010417075.2	XP_008219316.1
XP_010417075.2	XP_008219322.1
XP_010417075.2	XP_021817337.1
XP_010417075.2	KAB2628917.1
XP_010417075.2	PON47393.1
XP_010417075.2	TQD97845.1
XP_010417075.2	XP_009341757.1
XP_010417075.2	TQD97847.1
XP_010417075.2	KAB2628912.1
XP_010417075.2	XP_008219459.1
XP_010417075.2	PQM38923.1
XP_010417075.2	XP_008386105.1
XP_010417075.2	XP_009334337.1
XP_010417075.2	KAB2628938.1
XP_010417075.2	TQD98341.1
XP_010417075.2	VVA30863.1
XP_010417075.2	XP_007222658.1
XP_010417075.2	XP_007222664.1
XP_010417075.2	XP_008219317.1
XP_010417075.2	XP_004300654.1
XP_010417075.2	XP_007224069.1
XP_010417075.2	XP_008219313.1
XP_010417075.2	XP_021817339.1
XP_010417075.2	VVA30860.1
XP_010417075.2	XP_021817338.1
XP_010417075.2	XP_024169626.1
XP_010417075.2	XP_004299645.1
XP_010417075.2	PQQ03749.1
XP_010417075.2	PQM38924.1
XP_010417075.2	ONI35173.1
XP_010417075.2	XP_020410732.1
XP_010417075.2	XP_007222804.1
XP_010417075.2	XP_021803134.1
XP_010417075.2	VVA30861.1
XP_010417075.2	KAB2628936.1
XP_010417075.2	KAB2628913.1
XP_010417075.2	VVA30862.1
XP_010417075.2	ONI35172.1
XP_010417075.2	XP_012828449.1
XP_010417075.2	VVA30859.1
XP_010417075.2	XP_028061755.1
XP_010417075.2	THG17842.1
XP_010417075.2	XP_028061757.1
XP_010417075.2	XP_028061756.1
XP_010417075.2	XP_028061750.1
XP_010417075.2	XP_028061752.1
XP_010417075.2	XP_028078954.1
XP_010417075.2	TKW41669.1
XP_010417075.2	XP_004953966.1
XP_010417075.2	XP_015158860.1
XP_010417075.2	XP_004237926.1
XP_010417075.2	XP_016571543.1
XP_010417075.2	TMW84991.1
XP_010417075.2	PWZ25417.1
XP_010417075.2	XP_008679295.1
XP_010417075.2	BBC62113.1
XP_010417075.2	XP_026443981.1
XP_010417075.2	VVA30853.1
XP_010417075.2	XP_008219458.2
XP_010417075.2	XP_007224375.1
XP_010417075.2	PQQ03752.1
XP_010417075.2	PQM38921.1
XP_010417075.2	XP_021817333.1
XP_010417075.2	PRQ21849.1
XP_010417075.2	GAV63591.1
XP_010417075.2	GAV76504.1
XP_010417075.2	GER45461.1
XP_010417075.2	XP_004237927.1
XP_010417075.2	XP_021284704.1
XP_010417075.2	XP_017981739.1
XP_010417075.2	XP_009341754.1
XP_010417075.2	TQD97851.1
XP_010417075.2	XP_022752954.1
XP_010417075.2	TMW81201.1
XP_010417075.2	XP_027095056.1
XP_010417075.2	XP_027094771.1
XP_010417075.2	XP_027092489.1
XP_010417075.2	CDP01073.1
XP_010417075.2	XP_012067889.1
XP_010417075.2	XP_021619034.1
XP_010417075.2	KAB2628941.1
XP_010417075.2	TQD97843.1
XP_010417075.2	XP_008386104.1
XP_010417075.2	TQD98340.1
XP_010417075.2	KAB2617061.1
XP_010417075.2	XP_027356241.1
XP_010417075.2	XP_027356242.1
XP_010417075.2	XP_008219456.1
XP_010417075.2	XP_026387596.1
XP_010417075.2	XP_026454643.1
XP_010417075.2	XP_007222427.1
XP_010417075.2	VVA30854.1
XP_010417075.2	XP_017228452.1
XP_010417075.2	XP_017219022.1
XP_010417075.2	XP_006433963.2
XP_010417075.2	ADV71371.1
XP_010417075.2	XP_028199211.1
XP_010417075.2	XP_003544801.1
XP_010417075.2	KHN42558.1
XP_010417075.2	XP_014492341.1
XP_010417075.2	XP_017228462.1
XP_010417075.2	XP_027939736.1
XP_010417075.2	XP_019416586.1
XP_010417075.2	RWR89931.1
XP_010417075.2	XP_008219319.1
XP_010417075.2	PQM38919.1
XP_010417075.2	XP_021817335.1
XP_010417075.2	XP_007227474.1
XP_010417075.2	ABV68925.1
XP_010417075.2	BBE52863.1
XP_010417075.2	VVA30855.1
XP_010417075.2	XP_008219457.1
XP_010417075.2	TYJ35477.1
XP_010417075.2	EOY15969.1
XP_010417075.2	KAE8659278.1
XP_010417075.2	KAE8715411.1
XP_010417075.2	PPS02913.1
XP_010417075.2	TYI28424.1
XP_010417075.2	XP_016748829.1
XP_010417075.2	XP_017627785.1
XP_010417075.2	XP_004299647.1
XP_010417075.2	XP_028771818.1
XP_010417075.2	XP_010676160.1
XP_010417075.2	XP_015867795.1
XP_010417075.2	XP_015882238.1
XP_010417075.2	XP_010676201.1
XP_010417075.2	XP_010676190.1
XP_010417075.2	XP_024169343.1
XP_010417075.2	PRQ21850.1
XP_010417075.2	KAD2804999.1
XP_010417075.2	XP_023742554.1
XP_010417075.2	KAD4584752.1
XP_010417075.2	PWA58179.1
XP_010417075.2	PWA58258.1
XP_010417075.2	PWA55231.1
XP_010417075.2	PWA47064.1
XP_010417075.2	PLY67100.1
XP_010417075.2	XP_008219318.1
XP_010417075.2	ACJ84649.1
XP_010417075.2	AFK37311.1
XP_010417075.2	XP_003615138.1
XP_010417075.2	XP_024172945.1
XP_010417075.2	XP_006853264.2
XP_010417075.2	XP_011626538.1
XP_010417075.2	XP_028962301.1
XP_010417075.2	KAB2628935.1
XP_010417075.2	RXH92778.1
XP_010417075.2	XP_007141201.1
XP_010417075.2	KHN13067.1
XP_010417075.2	XP_003546715.1
XP_010417075.2	XP_028202619.1
XP_010417075.2	RWR87782.1
XP_010417075.2	XP_028095338.1
XP_010417075.2	AXL95247.1
XP_010417075.2	CDO97432.1
XP_010417075.2	XP_027106248.1
XP_010417075.2	XP_027112842.1
XP_010417075.2	XP_027158722.1
XP_010417075.2	THU69664.1
XP_010417075.2	XP_009413574.1
XP_010417075.2	OWM87743.1
XP_010417075.2	KAE8663774.1
XP_010417075.2	KAE8707588.1
XP_010417075.2	XP_016647409.1
XP_010417075.2	XP_027149285.1
XP_010417075.2	XP_027092460.1
XP_010417075.2	XP_027095148.1
XP_010417075.2	XP_024169627.1
XP_010417075.2	BBC62107.1
XP_010417075.2	EEC74033.1
XP_010417075.2	XP_015623508.1
XP_010417075.2	BAS80989.1
XP_010417075.2	PUZ77700.1
XP_010417075.2	XP_025798859.1
XP_010417075.2	RLN09808.1
XP_010417075.2	RLM79063.1
XP_010417075.2	XP_002452527.1
XP_010417075.2	PWZ25410.1
XP_010417075.2	XP_006649062.1
XP_010417075.2	XP_008679293.1
XP_010417075.2	VAI49669.1
XP_010417075.2	BAD17249.1
XP_010417075.2	VAI49670.1
XP_010417075.2	KAE8771850.1
XP_010417075.2	XP_015627220.1
XP_010417075.2	EAY87578.1
XP_010417075.2	VAI61132.1
XP_010417075.2	XP_020171816.1
XP_010417075.2	BAK00666.1
XP_010417075.2	XP_020594762.1
XP_010417075.2	XP_020697511.1
XP_010417075.2	XP_003570607.1
XP_010417075.2	XP_004953967.1
XP_010417075.2	TKW41670.1
XP_010417075.2	KAE8771853.1
XP_010417075.2	BAK01910.1
XP_010417075.2	VAI61130.1
XP_010417075.2	TKY47668.1
XP_010417075.2	XP_027337778.1
XP_010417075.2	XP_015060142.1
XP_010417075.2	XP_004252531.1
XP_010417075.2	XP_004252532.1
XP_010417075.2	XP_004237929.1
XP_010417075.2	XP_022867884.1
XP_010417075.2	AYN74351.1
XP_010417075.2	XP_003570610.1
XP_010417075.2	ADG65641.1
XP_010417075.2	XP_010937418.1
XP_010417075.2	XP_008811180.1
XP_010417075.2	XP_029123857.1
XP_010417075.2	XP_029123858.1
XP_010417075.2	XP_020244451.1
XP_010417075.2	RLM80243.1
XP_010417075.2	RLN09919.1
XP_010417075.2	PUZ77698.1
XP_010417075.2	XP_025808321.1
XP_010417075.2	VAI49674.1
XP_010417075.2	XP_027106247.1
XP_010417075.2	XP_027112841.1
XP_010417075.2	RWR80893.1
XP_010417075.2	PIA52100.1
XP_010417075.2	PIA52099.1
XP_010417075.2	XP_031118548.1
XP_010417075.2	BAG80547.1
XP_010417075.2	XP_031118549.1
XP_010417075.2	XP_031118550.1
XP_010417075.2	XP_019152850.1
XP_010417075.2	XP_031118551.1
XP_010417075.2	KAA8538107.1
XP_010417075.2	XP_031118552.1
XP_010417075.2	BAO51842.1
XP_010417075.2	XP_016570851.1
XP_010417075.2	XP_028117596.1
XP_010417075.2	PPR93284.1
XP_010417075.2	TYG43965.1
XP_010417075.2	XP_017634490.1
XP_010417075.2	TYG92800.1
XP_010417075.2	XP_012489269.1
XP_010417075.2	XP_016681086.1
XP_010417075.2	KAA8530838.1
XP_010417075.2	XP_007047910.1
XP_010417075.2	TYH99359.1
XP_010417075.2	TYJ08218.1
XP_010417075.2	KAA3475613.1
XP_010417075.2	TYH42367.1
XP_010417075.2	TYI54201.1
XP_010417075.2	XP_019152849.1
XP_010417075.2	XP_019152848.1
XP_010417075.2	AYR16617.1
XP_010417075.2	KAA8538105.1
XP_010417075.2	XP_021663449.1
XP_010417075.2	XP_011023081.1
XP_010417075.2	AYN74350.1
XP_010417075.2	XP_021617385.1
XP_010417075.2	TXG53952.1
XP_010417075.2	RWR84081.1
XP_010417075.2	XP_015865857.1
XP_010417075.2	XP_022861223.1
XP_010417075.2	XP_026437867.1
XP_010417075.2	OVA18812.1
XP_010417075.2	XP_026391216.1
XP_010417075.2	XP_028201104.1
XP_010417075.2	XP_003544800.1
XP_010417075.2	KAE8706962.1
XP_010417075.2	PIN10984.1
XP_010417075.2	AYC63482.1
XP_010417075.2	TKY59488.1
XP_010417075.2	XP_027348399.1
XP_010417075.2	XP_010098617.2
XP_010417075.2	EXB75356.1
XP_010417075.2	AID16086.1
XP_010417075.2	XP_003608449.2
XP_010417075.2	AES90646.1
XP_010417075.2	XP_028800810.1
XP_010417075.2	XP_002263989.1
XP_010417075.2	RVW31482.1
XP_010417075.2	VVA40472.1
XP_010417075.2	XP_008237171.1
XP_010417075.2	XP_007199429.1
XP_010417075.2	XP_021811148.1
XP_010417075.2	TQE11468.1
XP_010417075.2	PQQ11568.1
XP_010417075.2	KZV28905.1
XP_010417075.2	XP_006853218.1
XP_010417075.2	XP_011626565.1
XP_010417075.2	ERN14686.1
XP_010417075.2	GAU34119.1
XP_010417075.2	XP_010030030.1
XP_010417075.2	XP_010320181.1
XP_010417075.2	XP_004237925.1
XP_010417075.2	TMW84993.1
XP_010417075.2	XP_015158862.1
XP_010417075.2	XP_028802012.1
XP_010417075.2	BAG80552.1
XP_010417075.2	XP_016571542.1
XP_010417075.2	GAV63592.1
XP_010417075.2	GAV58544.1
XP_010417075.2	XP_028077500.1
XP_010417075.2	XP_028101905.1
XP_010417075.2	XP_008799460.1
XP_010417075.2	XP_010927263.2
XP_010417075.2	XP_008799459.1
XP_010417075.2	AIE12476.1
XP_010417075.2	XP_023874831.1
XP_010417075.2	XP_030944958.1
XP_010417075.2	XP_030944602.1
XP_010417075.2	XP_023874822.1
XP_010417075.2	XP_002525853.1
XP_010417075.2	XP_028085423.1
XP_010417075.2	XP_022725843.1
XP_010417075.2	XP_016715908.1
XP_010417075.2	TYI49159.1
XP_010417075.2	PPD73123.1
XP_010417075.2	XP_016716276.1
XP_010417075.2	TYH37090.1
XP_010417075.2	XP_031249404.1
XP_010417075.2	PSS29221.1
XP_010417075.2	PPS20215.1
XP_010417075.2	XP_012436046.1
XP_010417075.2	ABW96222.1
XP_010417075.2	AFJ52992.1
XP_010417075.2	XP_019225689.1
XP_010417075.2	PHU20384.1
XP_010417075.2	XP_016433084.1
XP_010417075.2	XP_028061749.1
XP_010417075.2	AKI87777.1
XP_010417075.2	AKI87776.1
XP_010417075.2	THG16173.1
XP_010417075.2	THG17841.1
XP_010417075.2	XP_002262743.1
XP_010417075.2	XP_010646819.1
XP_010417075.2	KNA04914.1
XP_010417075.2	XP_021835380.1
XP_010417075.2	RWR89930.1
XP_010417075.2	XP_019171575.1
XP_010417075.2	XP_031128438.1
XP_010417075.2	XP_015865859.1
XP_010417075.2	PQQ03759.1
XP_010417075.2	XP_015882224.1
XP_010417075.2	XP_015867791.1
XP_010417075.2	XP_015865858.1
XP_010417075.2	AIL51400.1
XP_010417075.2	PSR99870.1
XP_010417075.2	XP_022143084.1
XP_010417075.2	RYR05902.1
XP_010417075.2	XP_016162804.1
XP_010417075.2	XP_016162802.1
XP_010417075.2	XP_015972326.1
XP_010417075.2	RYR55353.1
XP_010417075.2	XP_015972268.1
XP_010417075.2	XP_025606598.1
XP_010417075.2	XP_025606597.1
XP_010417075.2	PSR99872.1
XP_010417075.2	XP_004136284.1
XP_010417075.2	XP_008466222.1
XP_010417075.2	XP_022975648.1
XP_010417075.2	XP_023535015.1
XP_010417075.2	XP_022936608.1
XP_010417075.2	XP_019244683.1
XP_010417075.2	XP_016571547.1
XP_010417075.2	XP_016571544.1
XP_010417075.2	XP_021743563.1
XP_010417075.2	XP_027095067.1
XP_010417075.2	XP_027094342.1
XP_010417075.2	XP_027092367.1
XP_010417075.2	TEY52224.1
XP_010417075.2	RZC64474.1
XP_010417075.2	XP_026437974.1
XP_010417075.2	XP_026391192.1
XP_010417075.2	PUZ77699.1
XP_010417075.2	XP_020171841.1
XP_010417075.2	TEY45254.1
XP_010417075.2	TEY79179.1
XP_010417075.2	TEY48608.1
XP_010417075.2	XP_012828350.1
XP_010417075.2	EYU18465.1
XP_010417075.2	XP_012828429.1
XP_010417075.2	XP_022857409.1
XP_010417075.2	TEY23346.1
XP_010417075.2	XP_012828379.1
XP_010417075.2	TEY23345.1
XP_010417075.2	AXL95248.1
XP_010417075.2	GER55530.1
XP_010417075.2	AYC63478.1
XP_010417075.2	EPS62953.1
XP_010417075.2	EPS73934.1
XP_010417075.2	KZV26177.1
XP_010417075.2	KZV26176.1
XP_010417075.2	XP_022865111.1
XP_010417075.2	XP_011094740.1
XP_010417075.2	XP_011094738.1
XP_010417075.2	ApUFGT1_S23
XP_010417075.2	XP_011091585.1
XP_010417075.2	XP_011094627.1
XP_010417075.2	XP_022866709.1
XP_010417075.2	KZV26051.1
XP_010417075.2	TEY43884.1
XP_010417075.2	XP_012840949.1
XP_010417075.2	XP_012840952.1
XP_010417075.2	XP_011094622.1
XP_010417075.2	XP_011094623.1
XP_010417075.2	XP_011094624.1
XP_010417075.2	XP_007206586.1
XP_010417075.2	VVA17309.1
XP_010417075.2	XP_008243982.1
XP_010417075.2	XP_021800398.1
XP_010417075.2	PQQ03238.1
XP_010417075.2	XP_022868976.1
XP_010417075.2	XP_004304452.1
XP_010417075.2	XP_011074004.1
XP_010417075.2	XP_022863751.1
XP_010417075.2	XP_012840956.1
XP_010417075.2	XP_011094621.1
XP_010417075.2	XP_009365864.1
XP_010417075.2	XP_009365943.1
XP_010417075.2	PSR87721.1
XP_010417075.2	TXG48939.1
XP_010417075.2	XP_031282589.1
XP_010417075.2	XP_017215435.1
XP_010417075.2	XP_023928113.1
XP_010417075.2	XP_030936333.1
XP_010417075.2	XP_030936332.1
XP_010417075.2	XP_023928112.1
XP_010417075.2	XP_023928111.1
XP_010417075.2	XP_012080561.1
XP_010417075.2	KDP31327.1
XP_010417075.2	XP_021669561.1
XP_010417075.2	XP_012438849.1
XP_010417075.2	XP_016741692.1
XP_010417075.2	TYJ05906.1
XP_010417075.2	XP_017637079.1
XP_010417075.2	TYH96897.1
XP_010417075.2	TYI51893.1
XP_010417075.2	PPD88177.1
XP_010417075.2	XP_016736400.1
XP_010417075.2	KJB51017.1
XP_010417075.2	XP_023928124.1
XP_010417075.2	XP_023898740.1
XP_010417075.2	XP_002514682.1
XP_010417075.2	XP_007037524.1
XP_010417075.2	XP_022736336.1
XP_010417075.2	XP_021286886.1
XP_010417075.2	XP_023919526.1
XP_010417075.2	XP_023905104.1
XP_010417075.2	XP_030937287.1
XP_010417075.2	XP_023928681.1
XP_010417075.2	XP_023919518.1
XP_010417075.2	XP_012080560.1
XP_010417075.2	XP_022853333.1
XP_010417075.2	XP_004143462.1
XP_010417075.2	RWR87794.1
XP_010417075.2	KAA8547919.1
XP_010417075.2	OVA00784.1
XP_010417075.2	PSR87719.1
XP_010417075.2	PSS35111.1
XP_010417075.2	XP_022895453.1
XP_010417075.2	XP_006431283.1
XP_010417075.2	RVW82717.1
XP_010417075.2	XP_028072991.1
XP_010417075.2	XP_021805623.1
XP_010417075.2	XP_002276804.1
XP_010417075.2	XP_007216366.1
XP_010417075.2	XP_008230871.1
XP_010417075.2	VVA29696.1
XP_010417075.2	XP_030537684.1
XP_010417075.2	XP_030474195.1
XP_010417075.2	XP_012084855.1
XP_010417075.2	THG09139.1
XP_010417075.2	XP_010039070.2
XP_010417075.2	KCW48891.1
XP_010417075.2	XP_030473957.1
XP_010417075.2	XP_010039072.1
XP_010417075.2	XP_030473946.1
XP_010417075.2	XP_030519456.1
XP_010417075.2	XP_030519499.1
XP_010417075.2	KCW48894.1
XP_010417075.2	XP_010039073.2
XP_010417075.2	XP_030463386.1
XP_010417075.2	XP_010037222.1
XP_010417075.2	XP_030521483.1
XP_010417075.2	XP_010026719.1
XP_010417075.2	XP_010026718.1
XP_010417075.2	XP_006440715.1
XP_010417075.2	KDO54613.1
XP_010417075.2	GAY55957.1
XP_010417075.2	XP_006477641.1
XP_010417075.2	XP_021614990.1
XP_010417075.2	XP_021614987.1
XP_010417075.2	XP_021615470.1
XP_010417075.2	XP_021614988.1
XP_010417075.2	XP_008365421.2
XP_010417075.2	XP_009365862.1
XP_010417075.2	XP_009365945.1
XP_010417075.2	XP_027124811.1
XP_010417075.2	XP_027168549.1
XP_010417075.2	XP_027124812.1
XP_010417075.2	XP_027121747.1
XP_010417075.2	XP_011081135.1
XP_010417075.2	XP_022853356.1
XP_010417075.2	XP_022880671.1
XP_010417075.2	XP_022886891.1
XP_010417075.2	XP_012854342.1
XP_010417075.2	AYC63480.1
XP_010417075.2	XP_028102839.1
XP_010417075.2	XP_028080889.1
XP_010417075.2	XP_021286240.1
XP_010417075.2	EOY22031.1
XP_010417075.2	XP_007037530.2
XP_010417075.2	XP_022736349.1
XP_010417075.2	XP_022736355.1
XP_010417075.2	XP_017972688.1
XP_010417075.2	XP_017217815.1
XP_010417075.2	PIN04736.1
XP_010417075.2	XP_006477639.1
XP_010417075.2	XP_006477640.1
XP_010417075.2	XP_006440714.1
XP_010417075.2	XP_006440713.1
XP_010417075.2	GAY55958.1
XP_010417075.2	KDO54612.1
XP_010417075.2	XP_031258434.1
XP_010417075.2	XP_002281128.1
XP_010417075.2	RVW85579.1
XP_010417075.2	XP_016736402.1
XP_010417075.2	XP_016741691.1
XP_010417075.2	KAB2053479.1
XP_010417075.2	XP_012438852.1
XP_010417075.2	TYI51895.1
XP_010417075.2	TYH96898.1
XP_010417075.2	KAA3460633.1
XP_010417075.2	XP_017635943.1
XP_010417075.2	XP_021633950.1
XP_010417075.2	XP_007216885.1
XP_010417075.2	KAB2610372.1
XP_010417075.2	RXH89659.1
XP_010417075.2	KAE8021794.1
XP_010417075.2	XP_008230872.1
XP_010417075.2	PSR87720.1
XP_010417075.2	XP_009360530.1
XP_010417075.2	XP_017216886.1
XP_010417075.2	XP_012851558.1
XP_010417075.2	XP_008348089.2
XP_010417075.2	XP_002279299.1
XP_010417075.2	RVW82739.1
XP_010417075.2	XP_022738118.1
XP_010417075.2	EOY22033.1
XP_010417075.2	XP_017217432.1
XP_010417075.2	XP_017217430.1
XP_010417075.2	XP_021609453.1
XP_010417075.2	XP_021616965.1
XP_010417075.2	XP_002514679.1
XP_010417075.2	XP_010663274.2
XP_010417075.2	RVW85582.1
XP_010417075.2	XP_002281117.3
XP_010417075.2	XP_010426106.1
XP_010417075.2	XP_006852717.1
XP_010417075.2	AEB61489.1
XP_010417075.2	XP_020103998.1
XP_010417075.2	XP_020104008.1
XP_010417075.2	XP_010483600.1
XP_010417075.2	CDY48677.1
XP_010417075.2	CDY53452.1
XP_010417075.2	XP_013682341.1
XP_010417075.2	XP_013616022.1
XP_010417075.2	XP_009126689.1
XP_010417075.2	RID73973.1
XP_010417075.2	XP_019092967.1
XP_010417075.2	XP_010520269.1
XP_010417075.2	XP_013732587.1
XP_010417075.2	RID68956.1
XP_010417075.2	XP_013744530.1
XP_010417075.2	XP_018452466.1
XP_010417075.2	KFK27484.1
XP_010417075.2	XP_009120469.1
XP_010417075.2	RQL97450.1
XP_010417075.2	XP_006417027.2
XP_010417075.2	XP_010443720.2
XP_010417075.2	VVB16605.1
XP_010417075.2	XP_006400944.1
XP_010417075.2	ESQ35380.1
XP_010417075.2	XP_020886199.1
XP_010417075.2	KFK27485.1
XP_010417075.2	XP_010483599.1
XP_010417075.2	XP_010477390.1
XP_010417075.2	XP_002866339.1
XP_010417075.2	NP_200766.2
XP_010417075.2	OAO90200.1
XP_010417075.2	XP_006280452.1
XP_010417075.2	XP_006279520.1
XP_010417075.2	XP_010503288.1
XP_010417075.2	RQM00042.1
XP_010417075.2	XP_013670084.1
XP_010417075.2	XP_013603101.1
XP_010417075.2	RID79714.1
XP_010417075.2	At_76E2_S2
XP_010417075.2	XP_020880746.1
XP_010417075.2	XP_013616023.1
XP_010417075.2	XP_024009172.1
XP_010417075.2	XP_010446201.1
XP_010417075.2	XP_021740241.1
XP_010417075.2	XP_021740240.1
XP_010417075.2	XP_010676178.1
XP_010417075.2	XP_010520266.1
XP_010417075.2	XP_010520267.1
XP_010417075.2	XP_018475835.1
XP_010417075.2	RQL84616.1
XP_010417075.2	NP_190252.1
XP_010417075.2	OAP05876.1
XP_010417075.2	RID41362.1
XP_010417075.2	XP_018475836.1
XP_010417075.2	CAB62336.1
XP_010417075.2	XP_013609486.1
XP_010417075.2	XP_018468651.1
XP_010417075.2	XP_013659401.1
XP_010417075.2	XP_018491440.1
XP_010417075.2	XP_018491437.1
XP_010417075.2	AAM61443.1
XP_010417075.2	XP_020880211.1
XP_010417075.2	NP_190251.1
XP_010417075.2	CDY21781.1
XP_010417075.2	XP_006418873.1
XP_010417075.2	XP_010514987.1
XP_010417075.2	NP_190256.1
XP_010417075.2	OAP03816.1
XP_010417075.2	XP_010547348.1
XP_010417075.2	VDC66621.1
XP_010417075.2	KFK33999.1
XP_010417075.2	XP_002877508.1
XP_010417075.2	XP_009149969.1
XP_010417075.2	XP_013642569.1
XP_010417075.2	RID58502.1
XP_010417075.2	XP_010426113.1
XP_010417075.2	XP_010503290.1
XP_010417075.2	XP_006291138.1
XP_010417075.2	XP_023638718.1
XP_010417075.2	XP_006291127.1
XP_010417075.2	XP_010514997.2
XP_010417075.2	VVB09129.1
XP_010417075.2	NP_198617.1
XP_010417075.2	OAO96097.1
XP_010417075.2	BAE98801.1
XP_010417075.2	XP_002870878.1
XP_010417075.2	XP_010440903.1
XP_010417075.2	XP_010448031.1
XP_010417075.2	XP_010450965.1
XP_010417075.2	XP_010440904.1
XP_010417075.2	NP_198620.1
XP_010417075.2	XP_002870876.1
XP_010417075.2	XP_020875669.1
XP_010417075.2	XP_010514991.1
XP_010417075.2	XP_010426107.1
XP_010417075.2	XP_024009622.1
XP_010417075.2	XP_010426115.1
XP_010417075.2	XP_006418874.2
XP_010417075.2	ESQ37304.1
XP_010417075.2	XP_010426114.1
XP_010417075.2	XP_010514995.1
XP_010417075.2	OAP04224.1
XP_010417075.2	XP_020880210.1
XP_010417075.2	XP_006292340.1
XP_010417075.2	XP_002877506.1
XP_010417075.2	NP_190253.1
XP_010417075.2	XP_018438922.1
XP_010417075.2	XP_018438923.1
XP_010417075.2	VDC66619.1
XP_010417075.2	EOA26016.1
XP_010417075.2	ESQ37307.1
XP_010417075.2	XP_024009698.1
XP_010417075.2	VDD50869.1
XP_010417075.2	XP_013671997.1
XP_010417075.2	XP_013603080.1
XP_010417075.2	XP_013711615.1
XP_010417075.2	RID79713.1
XP_010417075.2	XP_010426367.1
XP_010417075.2	XP_010514994.1
XP_010417075.2	XP_010426111.1
XP_010417075.2	XP_009150439.1
XP_010417075.2	NP_566885.1
XP_010417075.2	XP_006291120.1
XP_010417075.2	XP_018440640.1
XP_010417075.2	VDC97068.1
XP_010417075.2	XP_013704727.1
XP_010417075.2	XP_020879738.1
XP_010417075.2	XP_002877507.1
XP_010417075.2	CDY61260.1
XP_010417075.2	XP_013622965.1
XP_010417075.2	XP_006418870.1
XP_010417075.2	XP_009149970.1
XP_010417075.2	XP_013642571.1
XP_010417075.2	RID58503.1
XP_010417075.2	CDY61257.1
XP_010417075.2	XP_009149968.1
XP_010417075.2	RID58504.1
XP_010417075.2	XP_013704799.1
XP_010417075.2	ESQ37311.1
XP_010417075.2	OAP04318.1
XP_010417075.2	BAC41861.1
XP_010417075.2	NP_190254.2
XP_010417075.2	GAV63597.1
XP_010417075.2	GAV90622.1
XP_010417075.2	GAV92514.1
XP_010417075.2	GAV63594.1
XP_010417075.2	GAV63595.1
XP_010417075.2	XP_012446985.1
XP_010417075.2	PPD81525.1
XP_010417075.2	TYH72335.1
XP_010417075.2	XP_019174244.1
XP_010417075.2	XP_019174245.1
XP_010417075.2	XP_031131757.1
XP_010417075.2	XP_031095958.1
XP_010417075.2	XP_014631805.1
XP_010417075.2	XP_003526577.2
XP_010417075.2	RZC06763.1
XP_010417075.2	KHN08945.1
XP_010417075.2	XP_025613139.1
XP_010417075.2	XP_015934802.1
XP_010417075.2	XP_016163640.1
XP_010417075.2	XP_024169625.1
XP_010417075.2	XP_013443149.1
XP_010417075.2	XP_020089931.1
XP_010417075.2	OAY74261.1
XP_010417075.2	XP_020090167.1
XP_010417075.2	XP_020091104.1
XP_010417075.2	XP_020091106.1
XP_010417075.2	XP_027092319.1
XP_010417075.2	XP_027094580.1
XP_010417075.2	XP_027094341.1
XP_010417075.2	XP_019225688.1
XP_010417075.2	F8WLS6.1
XP_010417075.2	XP_009775754.1
XP_010417075.2	NP_001312409.1
XP_010417075.2	XP_016569221.1
XP_010417075.2	XP_009590778.1
XP_010417075.2	XP_016564611.1
XP_010417075.2	NP_001312766.1
XP_010417075.2	XP_006363269.1
XP_010417075.2	XP_019232058.1
XP_010417075.2	XP_009612740.1
XP_010417075.2	XP_009791953.1
XP_010417075.2	XP_016507315.1
XP_010417075.2	XP_016569222.1
XP_010417075.2	XP_004237928.1
XP_010417075.2	XP_006363270.1
XP_010417075.2	XP_027147876.1
XP_010417075.2	XP_027150614.1
XP_010417075.2	CDP01079.1
XP_010417075.2	XP_019233977.1
XP_010417075.2	XP_027094343.1
XP_010417075.2	AXL95243.1
XP_010417075.2	XP_015932853.1
XP_010417075.2	XP_025610313.1
XP_010417075.2	XP_016166675.1
XP_010417075.2	KOM48230.1
XP_010417075.2	NP_001316756.1
XP_010417075.2	TKY56267.1
XP_010417075.2	XP_007141191.1
XP_010417075.2	XP_003544213.2
XP_010417075.2	XP_028200515.1
XP_010417075.2	RDX80086.1
XP_010417075.2	XP_003542333.1
XP_010417075.2	XP_027938543.1
XP_010417075.2	AFK34769.1
XP_010417075.2	XP_020237743.1
XP_010417075.2	XP_007141198.1
XP_010417075.2	XP_014521804.1
XP_010417075.2	XP_007141200.1
XP_010417075.2	XP_017429614.1
XP_010417075.2	XP_020222645.1
XP_010417075.2	TKY56268.1
XP_010417075.2	RDX93294.1
XP_010417075.2	XP_027938893.1
XP_010417075.2	XP_014504563.1
XP_010417075.2	XP_017429149.1
XP_010417075.2	QCE06158.1
XP_010417075.2	XP_002513938.1
XP_010417075.2	XP_027332137.1
XP_010417075.2	XP_025012202.1
XP_010417075.2	XP_027332574.1
XP_010417075.2	XP_003544799.1
XP_010417075.2	KHN34757.1
XP_010417075.2	KHN24338.1
XP_010417075.2	PON47388.1
XP_010417075.2	PON50347.1
XP_010417075.2	XP_024173657.1
XP_010417075.2	XP_024170932.1
XP_010417075.2	XP_027161530.1
XP_010417075.2	CDO97426.1
XP_010417075.2	XP_027106246.1
XP_010417075.2	XP_019432845.1
XP_010417075.2	XP_013454066.1
XP_010417075.2	XP_019430945.1
XP_010417075.2	XP_022861206.1
XP_010417075.2	AYC63477.1
XP_010417075.2	XP_021900833.1
XP_010417075.2	XP_027938948.1
XP_010417075.2	XP_027165353.1
XP_010417075.2	XP_027149646.1
XP_010417075.2	F8WKW1.1
XP_010417075.2	XP_027075613.1
XP_010417075.2	XP_027094782.1
XP_010417075.2	CDP01076.1
XP_010417075.2	XP_027159492.1
XP_010417075.2	XP_027179903.1
XP_010417075.2	XP_027149647.1
XP_010417075.2	XP_027076712.1
XP_010417075.2	XP_027068999.1
XP_010417075.2	XP_027149648.1
XP_010417075.2	PIN05078.1
XP_010417075.2	XP_022867883.1
XP_010417075.2	XP_011087901.1
XP_010417075.2	AYC63486.1
XP_010417075.2	AYC63483.1
XP_010417075.2	XP_011087902.1
XP_010417075.2	AYC63484.1
XP_010417075.2	XP_021645265.1
XP_010417075.2	XP_004299646.1
XP_010417075.2	PQQ03750.1
XP_010417075.2	XP_016162801.1
XP_010417075.2	XP_020981115.1
XP_010417075.2	XP_025606595.1
XP_010417075.2	RYR05899.1
XP_010417075.2	XP_008359346.2
XP_010417075.2	XP_021817332.1
XP_010417075.2	OWM85534.1
XP_010417075.2	XP_031394205.1
XP_010417075.2	XP_031394207.1
XP_010417075.2	XP_031390395.1
XP_010417075.2	GAV78377.1
XP_010417075.2	PKI75421.1
XP_010417075.2	XP_031278237.1
XP_010417075.2	XP_012858201.1
XP_010417075.2	XP_012858542.1
XP_010417075.2	CDP01078.1
XP_010417075.2	XP_027092701.1
XP_010417075.2	XP_027090972.1
XP_010417075.2	XP_027181762.1
XP_010417075.2	XP_027181761.1
XP_010417075.2	XP_027095000.1
XP_010417075.2	XP_022870692.1
XP_010417075.2	XP_019174617.1
XP_010417075.2	PON47389.1
XP_010417075.2	PON50345.1
XP_010417075.2	KZV28903.1
XP_010417075.2	XP_027150089.1
XP_010417075.2	EYU43443.1
XP_010417075.2	XP_020090168.1
XP_010417075.2	AYN74348.1
XP_010417075.2	XP_027076813.1
XP_010417075.2	CDP01480.1
XP_010417075.2	XP_027180056.1
XP_010417075.2	XP_027179393.1
XP_010417075.2	XP_027077266.1
XP_010417075.2	XP_027073713.1
XP_010417075.2	XP_028052242.1
XP_010417075.2	XP_006360268.1
XP_010417075.2	XP_028052289.1
XP_010417075.2	THG22570.1
XP_010417075.2	XP_019174619.1
XP_010417075.2	XP_031114920.1
XP_010417075.2	OAY72348.1
XP_010417075.2	KAB2628937.1
XP_010417075.2	XP_028052277.1
XP_010417075.2	XP_028095336.1
XP_010417075.2	THG22558.1
XP_010417075.2	XP_027091957.1
XP_010417075.2	XP_027147875.1
XP_010417075.2	CDP01087.1
XP_010417075.2	XP_031114908.1
XP_010417075.2	XP_031114898.1
XP_010417075.2	EPS63474.1
AAM13225.1	AAM13225.1
KAA8527887.1	KAA8527887.1
KAA8527887.1	KAA8548347.1
EOY10064.1	EOY10064.1
TEY88698.1	TEY88698.1
XP_023874385.1	XP_023874385.1
TEY63499.1	TEY63499.1
