ALTERNATIVEACC	GI	PRIMARYACC	TAXID
A0A096SRM5.1	939319547	NP_001132650.2	4577
A0A0M4KE44.1	1035996207	A0A0M4KE44.1	29780
AAB64022.1	2281086	NP_181912.1	3702
AAB64024.1	2281088	At_74F2_S1	3702
AAD20156.1	4415925	NP_181218.1	3702
AAF61647.1	7385017	NP_001312643.1	4097
AAL32561.1	17064814	At_74F2_S1	3702
AAL32821.1	17065334	NP_181218.1	3702
AAM64890.1	21592940	At_74F2_S1	3702
AAO30036.1	28059218	NP_181218.1	3702
AAQ55278.1	33942051	At_74F2_S1	3702
AAR06913.1	37993655	Q6VAB3.1	55670
AAS87592.1	46318045	NP_181218.1	3702
ABC94602.1	86361432	ABC94602.1	39946
ABC94603.1	86361433	ABC94603.1	39946
ABD66577.1	89276712	At_74F2_S1	3702
ABE02743.1	90969898	XP_015641684.1	39947
ABI94024.1	115334817	XP_003618665.1	3880
ABK96547.1	118489490	ABK96547.1	3695
ACF79176.1	194690184	NP_001130813.1	4577
ACF81582.1	194694996	ACF81582.1	4577
ACF83156.1	194698144	NP_001137048.1	4577
ACM09899.2	254920286	ACM09899.2	126910
ACS87993.1	242199344	XP_006469356.1	2711
ACU24374.1	255647829	ACU24374.1	3847
ACU64878.1	256258949	ACU64878.1	4536
ACU64882.1	256258954	ACU64882.1	4537
ACU64887.1	256258961	ACU64887.1	63629
ACU64889.1	256258963	ACU64889.1	63629
ACU64894.1	256258969	ACU64894.1	4535
ACU64896.1	256258971	ACU64896.1	4535
AEC09299.1	330254205	NP_181218.1	3702
AEC10331.1	330255237	At_74F2_S1	3702
AEC10332.1	330255238	NP_973682.1	3702
AEC10333.1	330255239	NP_181912.1	3702
AEE63397.1	332376515	AEE63397.1	77166
AES68416.1	355487213	XP_003598165.1	3880
AES74861.1	355493658	XP_003618643.1	3880
AES74869.1	355493666	AES74869.1	3880
AES74876.1	355493673	AES74876.1	3880
AES74879.1	355493676	XP_003618661.1	3880
AES74881.1	355493678	XP_003618663.1	3880
AES74883.1	355493680	XP_003618665.1	3880
AES96309.1	355514686	XP_003613351.1	3880
AET04417.1	355523963	XP_003629941.1	3880
AFJ52957.1	387135152	AFJ52957.1	4006
AFJ52958.1	387135154	AFJ52958.1	4006
AFJ53003.1	387135244	AFJ53003.1	4006
AFJ53020.1	387135278	AFJ53020.1	4006
AFK36738.1	388497344	AFK36738.1	3880
AFK38894.1	388501656	AFK38894.1	3880
AFK43317.1	388510502	AFK43317.1	3880
AFX67035.1	418731468	NP_001274852.1	4113
AGD95008.1	444289133	AFJ52957.1	4006
AHL38794.1	591402134	NP_181912.1	3702
AHL38795.1	591402136	At_74F2_S1	3702
AHL38805.1	591402156	NP_181218.1	3702
AIE12484.1	661400243	AIE12484.1	4054
AIT15666.1	695276783	AIT15666.1	3827
AKA44587.1	788945503	AKA44587.1	4054
AKA44594.1	788945706	AKA44594.1	4054
AKA44599.1	788945870	AKA44599.1	4054
AKG06689.1	817735905	NP_001306993.1	2711
ALD83754.1	927147416	A0A0M4KE44.1	29780
ALO19886.1	952950736	ALO19886.1	4442
ALO19895.1	952950754	ALO19895.1	4442
ALO19896.1	952950756	XP_028120332.1	4442
ALO19897.1	952950758	ALO19897.1	4442
AMM73095.1	1002152706	AMM73095.1	29780
AMQ26133.1	1005816431	AMQ26133.1	3893
ANJ03631.1	1035371624	ANJ03631.1	74613
AQK83844.1	1142825757	NP_001132650.2	4577
AQL03210.1	1142845124	NP_001130813.1	4577
AQL03318.1	1142845232	NP_001137048.1	4577
AQQ16646.1	1147400094	XP_019260770.1	49451
AQQ16647.1	1147400096	XP_019260769.1	49451
AQQ16652.1	1147400106	XP_019228618.1	49451
AQQ16712.1	1147400236	XP_019264513.1	49451
AQQ16729.1	1147400271	XP_019260769.1	49451
ASU44000.1	1233055266	ASU44000.1	3330
ATL15304.1	1258168037	DcUGT2_S5	765876
ATL15306.1	1258168041	ATL15306.1	765876
ATN96012.1	1269216765	ATN96012.1	80765
ATN96029.1	1269216799	XP_027838483.1	80765
ATN96036.1	1269216813	XP_022177590.1	13164
ATN96055.1	1269216851	XP_022175455.1	13164
AUI41128.1	1317978382	AUI41128.1	203015
AUI41130.1	1317978386	AUI41130.1	203015
AUI41133.1	1317978392	AUI41133.1	203015
AVT42226.1	1373330389	AVT42226.1	308863
AVW82175.1	1375633371	AVW82175.1	767412
AVW82180.1	1375633381	AVW82180.1	767412
AVW82182.1	1375633385	AVW82182.1	767412
AVW82183.1	1375633387	AVW82183.1	767412
AXK92492.1	1444394133	AXK92492.1	190515
AXL95247.1	1446201887	AXL95247.1	175694
AYC63477.1	1482646268	AYC63477.1	107240
AYC63482.1	1482646278	AYC63482.1	107240
AYN74351.1	1496271276	AYN74351.1	93977
AYR16607.1	1510262275	AYR16607.1	355332
AYR16620.1	1510262301	AYR16620.1	355332
AYR16622.1	1510262336	AYR16622.1	355332
BAD69117.1	55296593	XP_015641684.1	39947
BAD69345.1	55297465	XP_015641684.1	39947
BAD69357.1	55297477	XP_015641782.1	39947
BAD95102.1	62320526	BAD95102.1	3702
BAF19330.1	113595456	XP_015641782.1	39947
BAF49299.1	133874192	BAF49299.1	43366
BAF75887.1	156138791	BAF75887.1	3570
BAG80538.1	209954695	BAG80538.1	112863
BAG80541.1	209954701	BAG80541.1	112863
BAG80546.1	209954711	BAG80546.1	112863
BAH93454.1	255676945	XP_015641684.1	39947
BAJ86622.1	326507758	BAJ90219.1	112509
BAJ90219.1	326492726	BAJ90219.1	112509
BAJ93333.1	326528303	BAJ93333.1	112509
BAJ93686.1	326533826	BAJ93333.1	112509
BAJ94912.1	326498099	BAJ90219.1	112509
BAO51837.1	586941111	BAO51837.1	4442
BAO51843.1	586941123	NP_001277168.1	29760
BAS97297.1	937922380	XP_015641684.1	39947
BAS97303.1	937922386	XP_015641782.1	39947
BAT73523.1	965657104	XP_017411443.1	157739
BAT86879.1	965599701	XP_017435489.1	157739
BAT86880.1	965599702	XP_017435211.1	157739
BAT86881.1	965599703	XP_017435165.1	157739
BAT89651.1	965602474	XP_017432813.1	157739
BAU01845.1	965616695	XP_017439809.1	157739
BAV35237.1	1049013399	BAV35237.1	4120
BAV35239.1	1049013403	BAV35239.1	4120
BBA18062.1	1226144207	BBA18062.1	76966
BBA18063.1	1226144209	NP_001306993.1	55188
BBA18064.1	1226144211	BBA18064.1	481547
BBH07737.1	1683382257	BBH07737.1	3755
C3W7B0.1	1027923601	C3W7B0.1	39946
CAF04373.1	45535323	CAF04373.1	81972
CAF04374.1	45535325	CAF04374.1	81972
CAF04375.1	45535327	CAF04375.1	81972
CAF04376.1	45535329	CAF04375.1	81972
CAF04377.1	45535331	CAF04375.1	81972
CAF04378.1	45535333	CAF04375.1	81972
CAF04379.1	45535335	CAF04379.1	59691
CAF04380.1	45535337	CAF04380.1	59691
CAF04381.1	45535339	CAF04375.1	59691
CAF04382.1	45535341	CAF04375.1	59691
CAF04383.1	45535343	CAF04375.1	59691
CAF04384.1	45535345	CAF04375.1	59691
CAF04385.1	45535347	CAF04385.1	59691
CAF04386.1	45535349	CAF04386.1	59691
CAF04387.1	45535351	CAF04387.1	81970
CAF04388.1	45535353	CAF04387.1	81970
CAF04389.1	45535355	CAF04389.1	81970
CAF04390.1	45535357	CAF04387.1	81970
CAF04391.1	45535359	CAF04391.1	81970
CAF04393.1	45535361	CAF04391.1	81970
CAF04397.1	45535363	CAF04397.1	81970
CAF04398.1	45535365	CAF04389.1	81970
CAF04399.1	45535367	CAF04399.1	81970
CAF04400.1	45535369	CAF04400.1	81970
CAF04401.1	45535371	CAF04385.1	81970
CAF04402.1	45535373	CAF04402.1	81970
CAF04403.1	45535375	CAF04403.1	3702
CAF04404.1	45535377	CAF04404.1	3702
CAF04405.1	45535379	CAF04404.1	3702
CAF04406.1	45535381	CAF04403.1	3702
CAF04407.1	45535383	CAF04403.1	3702
CAI62049.1	60649935	CAI62049.1	4081
CAN68287.1	147815573	XP_019075246.1	29760
CAQ77160.1	229487331	C3W7B0.1	39947
CBI24719.3	296084331	XP_019075756.1	29760
CDO97426.1	661899432	CDO97426.1	49390
CDP03926.1	661892768	CDP03926.1	49390
CDP03994.1	661892836	CDP03994.1	49390
CDP03995.1	661892837	CDP03995.1	49390
CDP06918.1	661889331	CDP06918.1	49390
CDP08041.1	661888308	CDP08041.1	49390
CDP13110.1	661883232	CDP13110.1	49390
CDY17907.1	674915289	XP_013632296.1	3708
CDY17908.1	674915290	XP_013744361.1	3708
CDY44260.1	674888454	CDY44260.1	3708
CDY64613.1	674870388	CDY64613.1	3708
CDY64614.1	674870389	CDY64614.1	3708
CDY65158.1	674869664	XP_013683852.1	3708
EAT46102.1	108881877	EAT46102.1	7159
EAZ00572.1	125554966	XP_015641782.1	39946
EAZ36680.1	125596900	EAZ36680.1	39947
EDS42579.1	167879196	XP_001846128.1	7176
EEC80416.1	218197989	EEC80416.1	39946
EEE65546.1	222635414	EEE65546.1	39947
EEF29928.1	223527832	XP_002532442.1	3988
EEF29937.1	223527841	XP_002532451.1	3988
EEF32572.1	223530700	XP_002529823.1	3988
EEF32574.1	223530702	EEF32574.1	3988
EEF32575.1	223530703	XP_002529826.1	3988
EEF42275.1	223540712	XP_002520220.1	3988
EEF43649.1	223542105	EEF43649.1	3988
EER89620.1	241916476	XP_021304690.1	4558
EER89622.1	241916478	XP_002438255.1	4558
EES14481.1	241941336	XP_002444986.1	4558
EFA02010.1	270005562	EFA02010.1	7070
EFA02977.2	1004400522	XP_008191817.1	7070
EFA10103.2	1004396387	EFA10103.2	7070
EFH56329.1	297325909	XP_020883245.1	81972
EFH56330.1	297325910	XP_020883244.1	81972
EFH57726.1	297327306	EFH57726.1	81972
EFH57728.1	297327308	XP_002881469.1	81972
EMS58085.1	474189759	EMS58085.1	4572
EOA27104.1	482562914	XP_006294206.1	81985
EOA28647.1	482564457	XP_006295749.1	81985
EOA29047.1	482564857	XP_006296149.1	81985
EOA29264.1	482565074	XP_006296366.1	81985
EOX93683.1	508701787	XP_007049526.1	3641
EOX93686.1	508701790	EOX93686.1	3641
EOX93691.1	508701795	EOX93691.1	3641
EOX95757.1	508703861	EOX95757.1	3641
EOX98750.1	508706854	EOX98750.1	3641
EOX98781.1	508706885	EOX98781.1	3641
EOY00346.1	508708449	EOY00346.1	3641
EOY01365.1	508709468	EOY01365.1	3641
EOY01366.1	508709469	EOY01365.1	3641
EOY03573.1	508711676	EOY03573.1	3641
EOY04571.1	508712674	EOY04571.1	3641
EOY04573.1	508712676	EOY04573.1	3641
EOY08013.1	508716116	EOY08013.1	3641
ESQ34556.1	557093974	ESQ34556.1	72664
ESQ39008.1	557098628	XP_006397555.1	72664
ESQ39009.1	557098629	XP_006397556.1	72664
ESR36209.1	557524903	XP_006422969.1	85681
ESR52033.1	557540989	NP_001306993.1	85681
ESR55363.1	557544385	XP_006442123.1	85681
ESR55364.1	557544386	ESR55364.1	85681
ESR60480.1	557549851	XP_006447240.1	85681
ESR61166.1	557550537	XP_006447926.1	85681
ESR61168.1	557550539	XP_006447928.1	85681
ESR61172.1	557550543	XP_006447932.1	85681
ESR61173.1	557550544	XP_006447933.1	85681
ESW20396.1	561021625	XP_007148402.1	3885
ESW20397.1	561021626	XP_007148403.1	3885
ESW23909.1	561025224	XP_007151915.1	3885
ESW31555.1	561032976	XP_007159561.1	3885
EXB38045.1	587847712	XP_010089574.1	981085
EXB38047.1	587847714	XP_010089576.1	981085
EXB61152.1	587871900	EXB61152.1	981085
EXB61153.1	587871901	XP_010095580.1	981085
EXB75354.1	587886563	XP_010098615.1	981085
EXB88300.1	587899929	XP_010101353.1	981085
EXB88301.1	587899930	EXB88301.1	981085
EXB88302.1	587899931	EXB88302.1	981085
EYU17628.1	604297397	EYU17628.1	4155
EYU17631.1	604297400	EYU17631.1	4155
EYU17634.1	604297403	EYU17634.1	4155
EYU18463.1	604298419	XP_012828350.1	4155
EYU18464.1	604298420	XP_012828429.1	4155
EYU29695.1	604317953	XP_012846570.1	4155
EYU37652.1	604333301	XP_012836925.1	4155
GAU37794.1	1045376732	GAU37794.1	3900
GAU37795.1	1045376733	GAU37795.1	3900
GAU37798.1	1045376736	GAU37798.1	3900
GAU37811.1	1045376749	GAU37811.1	3900
GAU37813.1	1045376751	GAU37813.1	3900
GAU37814.1	1045376752	GAU37814.1	3900
GAU37820.1	1045376758	GAU37820.1	3900
GAU47727.1	1045363347	GAU47727.1	3900
GAU47731.1	1045363351	GAU47731.1	3900
GAV67133.1	1130852827	GAV67133.1	3775
GAV67135.1	1130852829	GAV67135.1	3775
GAV68387.1	1130851455	GAV68387.1	3775
GAV68388.1	1130851456	GAV68388.1	3775
GAY36765.1	1315971295	NP_001306993.1	55188
GAY51608.1	1315956104	GAY51608.1	55188
GAY51609.1	1315956105	GAY51609.1	55188
GAY54937.1	1315952907	GAY54937.1	55188
GAY63363.1	1315944211	GAY63363.1	55188
GER36420.1	1746574824	GER36420.1	4170
KAA0031312.1	1735188560	XP_016901676.1	1194695
KAA0031314.1	1735188562	TYK06765.1	1194695
KAA0031316.1	1735188564	XP_008454970.1	1194695
KAA0031465.1	1735188713	XP_008455196.1	1194695
KAA0031466.1	1735188714	KAA0031466.1	1194695
KAA0031503.1	1735188751	XP_008455233.1	1194695
KAA0031538.1	1735188786	XP_008455273.1	1194695
KAA0034456.1	1735191724	XP_008446415.1	1194695
KAA0043964.1	1735202166	XP_008442743.1	1194695
KAA3453305.1	1743063699	KAA3453305.1	47621
KAA3459245.1	1743069642	KAA3459245.1	47621
KAA3459246.1	1743069643	KAA3459246.1	47621
KAA3466132.1	1743076532	KAA3466132.1	47621
KAA8527228.1	1750481256	KAA8527228.1	561372
KAA8529523.1	1750483552	KAA8529523.1	561372
KAA8532159.1	1750486189	KAA8532159.1	561372
KAA8532161.1	1750486191	KAA8532161.1	561372
KAA8533094.1	1750487125	KAA8533094.1	561372
KAA8533095.1	1750487126	KAA8533095.1	561372
KAA8539974.1	1750494010	KAA8539974.1	561372
KAA8543590.1	1750500880	KAA8543590.1	561372
KAA8550510.1	1750507846	KAA8550510.1	561372
KAA8550511.1	1750507847	KAA8550511.1	561372
KAA8550512.1	1750507848	KAA8550512.1	561372
KAB1202463.1	1755833868	KAB1202463.1	262757
KAB1206861.1	1755838267	KAB1206861.1	262757
KAB1206867.1	1755838273	KAB1206861.1	262757
KAB1207809.1	1755839215	KAB1207809.1	262757
KAB1208230.1	1755839636	KAB1208230.1	262757
KAB1218162.1	1755849574	KAB1218162.1	262757
KAB1218163.1	1755849575	KAB1218163.1	262757
KAB2003042.1	1758010123	TYG44623.1	3634
KAB2031774.1	1758038888	PPE01901.1	3634
KAB2032019.1	1758039133	KAB2032019.1	3634
KAB2033940.1	1758041058	PPD70816.1	3634
KAB2039420.1	1758046551	XP_012481413.1	3634
KAB2039421.1	1758046552	KAB2039421.1	3634
KAB2039422.1	1758046553	KAB2039422.1	3634
KAB2045398.1	1758052536	TYG83488.1	3634
KAB2075286.1	1758082453	PPR90578.1	3634
KAB2084271.1	1758091445	TYH19297.1	3634
KAB2084575.1	1758091749	TYH19573.1	3634
KAB2092116.1	1758099300	TYH26668.1	3634
KAB2610326.1	1759366630	KAB2610326.1	2448454
KAB2618900.1	1759375290	KAB2618900.1	2448454
KAB2618902.1	1759375292	KAB2618902.1	2448454
KAB5516106.1	1764579099	KAB5516106.1	2182728
KAB5516430.1	1764579423	KAB5516430.1	2182728
KAB5520809.1	1764583837	KAB5520809.1	2182728
KAB8102140.1	1768442944	KAB8102140.1	4530
KAB8102141.1	1768442945	KAB8102141.1	4530
KAD7478876.1	1770259749	KAD7478876.1	192012
KAE8022710.1	1770279294	KAE8022710.1	176857
KAE8023168.1	1770279752	KAE8023168.1	176857
KAE8023170.1	1770279754	KAE8023170.1	176857
KAE8038033.1	1770281809	KAE8038033.1	176857
KAE8038035.1	1770281811	KAE8038035.1	176857
KAE8038036.1	1770281812	KAE8038036.1	176857
KAE8645796.1	1775884682	KAE8645796.1	3659
KAE8645802.1	1775884689	KAE8645802.1	3659
KAE8646591.1	1775885778	XP_004138539.1	3659
KAE8663226.1	1776525722	KAE8663226.1	106335
KAE8691978.1	1776555018	KAE8691978.1	106335
KAE8707858.1	1776571085	KAE8707858.1	106335
KAE8726528.1	1776590373	KAE8726528.1	106335
KAE8767817.1	1779357536	KAE8767817.1	4513
KAE8772618.1	1779362338	KAE8772618.1	4513
KCW45698.1	629078874	KCW45698.1	71139
KCW48701.1	629082256	XP_010037076.1	71139
KCW48702.1	629082257	XP_010037078.1	71139
KCW48703.1	629082258	KCW48703.1	71139
KCW57506.1	629091511	XP_010069228.1	71139
KCW78151.1	629113191	XP_010053797.1	71139
KCW90592.1	629126167	XP_010060137.1	71139
KCW90593.1	629126168	XP_010060148.1	71139
KCW90595.1	629126170	XP_010060179.1	71139
KCW90597.1	629126172	XP_010060186.1	71139
KDO43523.1	641824171	KDO43523.1	2711
KDO43524.1	641824172	KDO43524.1	2711
KDO43525.1	641824173	KDO43525.1	2711
KDO59781.1	641840864	XP_006487031.1	2711
KDO83084.1	641864398	KDO83084.1	2711
KDP21298.1	643704234	XP_012092034.1	180498
KDP27198.1	643714843	XP_012084771.1	180498
KDP27200.1	643714845	XP_012084773.1	180498
KDP29204.1	643717761	XP_012082495.1	180498
KDP35132.1	643726425	XP_012075382.1	180498
KDP45199.1	643739445	XP_012084448.1	180498
KDP45201.1	643739447	XP_012085630.1	180498
KDP45202.1	643739448	XP_012084461.1	180498
KDR07235.1	646691843	KDR07235.1	136037
KDR09454.1	646698120	XP_021937907.1	136037
KDR20744.1	646718153	XP_021917429.1	136037
KDR20745.1	646718154	KDR20745.1	136037
KEH25943.1	657381991	XP_013451915.1	3880
KFB39737.1	668450496	KFB39737.1	74873
KFK37203.1	674244438	KFK37203.1	50452
KFK37204.1	674244439	KFK37204.1	50452
KFK37205.1	674244440	KFK37205.1	50452
KGN43660.1	700188427	XP_004137037.1	3659
KGN43661.1	700188428	XP_011658756.1	3659
KGN43909.1	700188676	XP_011658893.1	3659
KHG30812.1	728851369	KHG30812.1	29729
KHN18695.1	734368281	XP_028225908.1	3848
KHN29754.1	734396478	XP_006603934.1	3848
KHN32810.1	734404039	XP_003548080.2	3848
KHN33534.1	734405732	XP_028202722.1	3848
KHN48082.1	734436378	XP_003531287.1	3848
KJB10815.1	763743316	KJB10815.1	29730
KJB10816.1	763743317	XP_012491975.1	29730
KJB15209.1	763747770	XP_012467112.1	29730
KJB15210.1	763747771	KJB15210.1	29730
KJB27754.1	763760500	XP_012481413.1	29730
KJB27755.1	763760501	XP_012481412.1	29730
KJB27756.1	763760502	XP_012481415.1	29730
KJB41496.1	763774373	XP_012490092.1	29730
KJB61182.1	763794186	KJB61182.1	29730
KJB75663.1	763808761	XP_012460770.1	29730
KMT10139.1	870858651	XP_010679006.1	3555
KMT15542.1	870864440	XP_010672475.1	3555
KNA22085.1	902231015	XP_021842618.1	3562
KOC61874.1	915658809	XP_017793792.1	597456
KOM30397.1	920683734	KOM30397.1	3914
KOM49661.1	920707664	XP_017432813.1	3914
KOM53972.1	920712723	XP_017435165.1	3914
KOM53973.1	920712724	XP_017435211.1	3914
KOM53974.1	920712725	XP_017435489.1	3914
KOM55947.1	920715859	XP_017439809.1	3914
KQK18571.1	944083219	XP_003563944.1	15368
KQK18777.1	944083425	BdCGT2_UGT708A8_S3	15368
KRG93716.1	947044087	XP_006603934.1	3847
KRG96064.1	947046435	XP_003554403.1	3847
KRH08574.1	947059168	XP_003548080.2	3847
KRH10560.1	947061299	XP_003545683.2	3847
KRH43018.1	947094433	XP_003531287.1	3847
KRH67780.1	947119531	XP_003520666.1	3847
KRT85102.1	952539238	KRT85102.1	1629725
KVH96080.1	976908878	XP_024995293.1	59895
KXJ76125.1	1000204719	XP_029720168.1	7160
KYB27844.1	1004400505	XP_008191789.1	7070
KYB27856.1	1004400523	KYB27856.1	7070
KYN20423.1	1009400356	XP_018362338.1	471704
KYP47348.1	1012336036	KYP47348.1	3821
KYP60570.1	1012349380	XP_020222297.1	3821
KYP76828.1	1012365646	XP_020206408.1	3821
KYQ48964.1	1012974682	XP_018312625.1	64791
KZM88329.1	1021030544	KZM88329.1	79200
KZM90969.1	1021033185	XP_017256562.1	79200
KZV28355.1	1023997844	KZV28355.1	472368
KZV36084.1	1024016711	KZV36084.1	472368
NP_001130813.1	212275320	NP_001130813.1	4577
NP_001132650.2	887235642	NP_001132650.2	4577
NP_001137048.1	219363467	NP_001137048.1	4577
NP_001234680.2	809279626	NP_001234680.2	4081
NP_001274852.1	568214381	NP_001274852.1	4113
NP_001277168.1	589811516	NP_001277168.1	29760
NP_001306993.1	987996581	NP_001306993.1	2711
NP_001312643.1	1027854466	NP_001312643.1	4097
NP_181218.1	15228037	NP_181218.1	3702
NP_181910.1	15224368	At_74F2_S1	3702
NP_181912.1	15224372	NP_181912.1	3702
NP_973682.1	42571217	NP_973682.1	3702
O22820.1	75277343	NP_181912.1	3702
O22822.1	75277344	At_74F2_S1	3702
OAP07463.1	1032293137	At_74F2_S1	3702
OAP07994.1	1032293668	NP_181912.1	3702
OAY21263.1	1035890595	XP_021603182.1	3983
OAY32931.1	1035903332	XP_021632447.1	3983
OAY32932.1	1035903333	XP_021632365.1	3983
OAY32933.1	1035903334	XP_021632536.1	3983
OAY32934.1	1035903335	XP_021631998.1	3983
OAY34881.1	1035905283	XP_021630503.1	3983
OAY38672.1	1035909077	OAY38672.1	3983
OAY45121.1	1035915529	XP_021617529.1	3983
OAY45125.1	1035915533	XP_021618693.1	3983
OAY45126.1	1035915534	XP_021617278.1	3983
OAY45128.1	1035915536	XP_021618143.1	3983
OAY45129.1	1035915537	OAY45129.1	3983
OAY45582.1	1035915990	XP_021619010.1	3983
OAY47730.1	1035918139	OAY47730.1	3983
OAY49876.1	1035920286	XP_021612011.1	3983
OAY50251.1	1035920661	XP_021611793.1	3983
OAY50252.1	1035920662	XP_021611672.1	3983
OAY50254.1	1035920664	XP_021612509.1	3983
OAY56858.1	1035927271	XP_021604940.1	3983
OAY59257.1	1035929671	XP_021617765.1	3983
OAY61532.1	1035931946	XP_021629927.1	3983
OAY72348.1	1035948616	OAY72348.1	4615
OAY72350.1	1035948618	OAY72350.1	4615
OAY72603.1	1035948973	OAY72603.1	4615
OAY74261.1	1035951593	OAY74261.1	4615
OEL36881.1	1070991230	OEL36881.1	888268
OIT18741.1	1102228166	XP_019260769.1	49451
OIT30616.1	1102283256	XP_019228618.1	49451
OIT31349.1	1102284163	XP_019227499.1	49451
OIT36367.1	1102290035	XP_019264513.1	49451
OIT38932.1	1102292882	XP_019260769.1	49451
OIT38933.1	1102292883	XP_019260770.1	49451
OIV91580.1	1102691980	XP_019425872.1	3871
OIW04631.1	1102705651	XP_019455725.1	3871
OIW04722.1	1102705749	OIW04722.1	3871
OIW17928.1	1102719388	XP_019461704.1	3871
OMO50756.1	1137170890	OMO50756.1	93759
OMO59204.1	1137183578	OMO59204.1	93759
OMO64333.1	1137191139	OMO64333.1	210143
OMO71247.1	1137200339	OMO71247.1	210143
OMO72414.1	1137201945	OMO72414.1	93759
OMO74050.1	1137204144	OMO74050.1	210143
OMO87727.1	1137221896	OMO87727.1	210143
OMO89614.1	1137224863	OMO89614.1	210143
OMP02705.1	1137242527	OMP02705.1	210143
ONH92036.1	1139756579	XP_020425657.1	3760
ONH92638.1	1139757181	ONH92638.1	3760
ONH92639.1	1139757182	ONH92639.1	3760
ONH92641.1	1139757184	XP_007199115.1	3760
ONH96376.1	1139761279	XP_020423494.1	3760
ONH98836.1	1139763739	XP_007203876.1	3760
ONI02636.1	1139767873	XP_007206411.2	3760
ONI19125.1	1139785298	XP_007216617.1	3760
ONK72351.1	1141991131	XP_020261425.1	4686
OTF94851.1	1191642877	XP_022011687.1	4232
OTF94852.1	1191642878	XP_022011688.1	4232
OTG07656.1	1191655685	XP_021993219.1	4232
OTG08116.1	1191656145	XP_021993639.1	4232
OTG13530.1	1191661561	XP_021980974.1	4232
OVA10651.1	1201310142	OVA10651.1	56857
OVA10655.1	1201310146	OVA10655.1	56857
OVA11044.1	1201310664	OVA11044.1	56857
OVA19029.1	1201320074	OVA19029.1	56857
OWM62724.1	1208499670	OWM62724.1	22663
OWM67864.1	1208507004	OWM67864.1	22663
OWM67868.1	1208507008	XP_031383819.1	22663
OWM68669.1	1208508673	XP_031374946.1	22663
OXA60055.1	1215273745	XP_021946507.1	158441
PAN24403.1	1238301770	XP_025812433.1	206008
PIA38218.1	1273156484	PIA38218.1	218851
PIA38220.1	1273156486	PIA38220.1	218851
PIA38221.1	1273156487	PIA38221.1	218851
PIA52092.1	1273170376	PIA52092.1	218851
PIA52093.1	1273170377	PIA52093.1	218851
PIA61854.1	1273180146	PIA61854.1	218851
PIA61856.1	1273180148	PIA61856.1	218851
PIA62225.1	1273180517	PIA62225.1	218851
PIA62959.1	1273181251	PIA62959.1	218851
PIA62960.1	1273181252	PIA62960.1	218851
PIN10984.1	1276252563	PIN10984.1	429701
PKI48731.1	1305234090	XP_031383070.1	22663
PKI76655.1	1305264266	XP_031374946.1	22663
PKI78100.1	1305265762	XP_031383819.1	22663
PKI78105.1	1305265767	XP_031378865.1	22663
PLY64662.1	1322354468	XP_023745823.1	4236
PLY68865.1	1322363649	XP_023740338.1	4236
PNF21495.1	1330888835	PNF21495.1	105785
PNF21496.1	1330888836	PNF21495.1	105785
PNF21497.1	1330888837	XP_023719421.1	105785
PNF35836.1	1330919102	XP_023705388.1	105785
PNF35837.1	1330919103	XP_023705437.1	105785
PNF35869.1	1330919135	PNF35869.1	105785
PNF35870.1	1330919136	XP_023705392.1	105785
PNF35872.1	1330919138	XP_023705394.1	105785
PNF39006.1	1330924917	XP_023702332.1	105785
PNF39007.1	1330924918	XP_023702333.1	105785
PNS95346.1	1334279468	XP_002323758.3	3694
PNS95980.1	1334280102	XP_002324085.2	3694
PNS96969.1	1334281091	XP_006384098.2	3694
PNT05477.1	1334290278	XP_002320558.1	3694
PNT28419.1	1334313372	XP_002310479.3	3694
PNT28828.1	1334313781	XP_002309737.1	3694
PNT57491.1	1334342450	XP_006369755.1	3694
PNT57497.1	1334342456	XP_002298734.2	3694
PNT59075.1	1334344034	XP_006370131.1	3694
PNY01677.1	1335242725	PNY01677.1	57577
PON40192.1	1338416553	PON40192.1	63057
PON40194.1	1338416555	PON40194.1	63057
PON46704.1	1338423458	PON46704.1	3476
PON46706.1	1338423460	PON46706.1	3476
PON47388.1	1338424188	PON47388.1	3476
PON50347.1	1338427319	PON50347.1	63057
PON50570.1	1338427548	PON50570.1	63057
PON50572.1	1338427550	PON50572.1	63057
PON65922.1	1338443256	PON65922.1	63057
PON65923.1	1338443257	PON65923.1	63057
PON65924.1	1338443258	PON65924.1	63057
PON65982.1	1338443317	PON65982.1	3476
PON75153.1	1338452673	PON75153.1	3476
PON75155.1	1338452675	PON75155.1	3476
PON75971.1	1338453511	PON75971.1	63057
PON79636.1	1338457256	PON79636.1	3476
PON96324.1	1338474377	PON96324.1	63057
PON96326.1	1338474379	PON96326.1	63057
PPD70816.1	1344095542	PPD70816.1	3634
PPD78223.1	1344104083	PPD78223.1	3634
PPD78224.1	1344104084	PPD78224.1	3634
PPD78225.1	1344104085	PPD78225.1	3634
PPD95192.1	1344122468	PPD95192.1	3634
PPE01901.1	1344129552	PPE01901.1	3634
PPR85039.1	1347681590	PPR85039.1	3634
PPR90578.1	1347689121	PPR90578.1	3634
PPS17012.1	1347720886	PPS17012.1	3634
PQM40485.1	1352874418	PQM40485.1	2094558
PQM40486.1	1352874419	PQM40486.1	2094558
PQM42311.1	1352876467	PQM42311.1	2094558
PQP96414.1	1353881104	PQP96414.1	2094558
PQP99102.1	1353884058	PQP99102.1	2094558
PQP99103.1	1353884059	PQP99103.1	2094558
PQQ03372.1	1353888818	PQQ03372.1	2094558
PQQ03373.1	1353888819	PQQ03373.1	2094558
PQQ08208.1	1353894252	PQQ08208.1	2094558
PQQ21989.1	1353908786	PQQ21989.1	2094558
PQQ21990.1	1353908787	PQQ21990.1	2094558
PRQ19026.1	1358144546	XP_024170884.1	74649
PRQ22265.1	1358147786	XP_024167972.1	74649
PRQ22266.1	1358147787	PRQ22266.1	74649
PRQ22267.1	1358147788	XP_024162032.1	74649
PRQ23011.1	1358148532	XP_024164984.1	74649
PRQ25306.1	1358150827	XP_024165573.1	74649
PRQ46048.1	1358171573	XP_024185209.1	74649
PRQ53456.1	1358178981	XP_024180908.1	74649
PSN46987.1	1370638322	PSN46987.1	6973
PSN50535.1	1370642036	PSN50535.1	6973
PSN55491.1	1370647159	PSN55491.1	6973
PSN55492.1	1370647160	PSN55492.1	6973
PSN55493.1	1370647161	PSN55492.1	6973
PSN55494.1	1370647162	PSN55494.1	6973
PSR86285.1	1371489844	PSR86285.1	1590841
PSR87702.1	1371491278	PSR87702.1	1590841
PSS02805.1	1371506561	PSS02805.1	1590841
PSS14142.1	1371518009	PSS14142.1	1590841
PSS32820.1	1371536844	PSS32820.1	1590841
PSS35117.1	1371539181	PSS35117.1	1590841
PUZ61005.1	1382779047	PUZ61005.1	1504633
PWA37974.1	1387758739	PWA37974.1	35608
PWA40804.1	1387764180	PWA40804.1	35608
PWZ07394.1	1394862796	PWZ07394.1	4577
PWZ17400.1	1394872805	ACF81582.1	4577
Q5VMI0.1	75287487	XP_015641684.1	39947
Q6VAB3.1	75292644	Q6VAB3.1	55670
Q9ZQ94.1	66774038	NP_181218.1	3702
QBQ34565.1	1601129880	QBQ34565.1	121845
QCD76557.1	1626628267	XP_027932227.1	3917
QCD84578.1	1626636289	QCD84578.1	3917
QES86201.1	1750462528	QES86201.1	38705
QES86202.1	1750462530	QES86202.1	38705
QES86205.1	1750462536	QES86205.1	387745
QES86206.1	1750462538	QES86206.1	591954
RCV12520.1	1433406874	XP_004957367.1	4555
RCV21284.1	1433415660	XP_004965253.1	4555
RCV21285.1	1433415661	XP_004965254.1	4555
RCV21286.1	1433415662	RCV21286.1	4555
RDX71820.1	1445376993	RDX71820.1	157652
RDX80630.1	1445388838	RDX80630.1	157652
RHN38727.1	1471967060	RHN38727.1	3880
RHN42767.1	1471971100	XP_003629941.1	3880
RHN50142.1	1471978477	XP_003618643.1	3880
RHN50153.1	1471978488	RHN50153.1	3880
RHN50156.1	1471978491	XP_003618663.1	3880
RHN50157.1	1471978492	XP_003618665.1	3880
RHN50163.1	1471978498	RHN50163.1	3880
RHN51108.1	1471979443	XP_013451915.1	3880
RHN55126.1	1471983462	XP_024639733.1	3880
RHN55127.1	1471983463	XP_003613351.1	3880
RHN65342.1	1471993680	XP_003598165.1	3880
RIA04248.1	1475704150	RIA04248.1	3711
RID61217.1	1476390474	RID61217.1	3711
RID61218.1	1476390475	RID61218.1	3711
RID61682.1	1476390939	RID61682.1	3711
RID70189.1	1476399456	RID70189.1	3711
RID70193.1	1476399460	CDY64613.1	3711
RLM54266.1	1492184466	RLM54266.1	4540
RLM55665.1	1492185865	RLM55665.1	4540
RLQ78327.1	1494145044	RLQ78327.1	10029
RQL80009.1	1523402337	RQL80009.1	69181
RQL80010.1	1523402338	RQL80010.1	69181
RQM04224.1	1523440810	RQM04224.1	69181
RQO95739.1	1524792211	XP_006379195.1	3694
RVW13994.1	1552143119	XP_019075279.1	29760
RVW13998.1	1552143123	RVW13998.1	29760
RVW14001.1	1552143126	RVW14001.1	29760
RVW14002.1	1552143127	RVW14002.1	29760
RVW14004.1	1552143129	RVW14004.1	29760
RVW27204.1	1552161642	RVW27204.1	29760
RVW73426.1	1552222311	RVW73426.1	29760
RVW74695.1	1552224076	RVW74695.1	29760
RVW74733.1	1552224114	RVW14001.1	29760
RVX01823.1	1552256714	RVX01823.1	29760
RWR71900.1	1557844512	RWR71900.1	337451
RWR71901.1	1557844513	RWR71901.1	337451
RWR83917.1	1557859351	RWR83917.1	337451
RWR96744.1	1557876626	RWR96744.1	337451
RWW01767.1	1559569054	RWW01767.1	4639
RXH69246.1	1562628817	RXH69246.1	3750
RXH69248.1	1562628819	RXH69246.1	3750
RXH74212.1	1562633785	RXH74212.1	3750
RXH74216.1	1562633789	RXH74216.1	3750
RXH87523.1	1562647141	RXH87523.1	3750
RXH87528.1	1562647146	RXH87528.1	3750
RXI05535.1	1562665160	RXI05535.1	3750
RYQ86055.1	1570201154	XP_016181542.1	3818
RYQ87130.1	1570203607	XP_025657147.1	3818
RYR35702.1	1570258260	RYR35702.1	3818
RYR55947.1	1570281227	XP_025702295.1	3818
RYR58603.1	1570283883	XP_025700157.1	3818
RYR59539.1	1570284819	XP_015965216.1	3818
RYR64645.1	1570291016	XP_016190763.1	3818
RZB46312.1	1572852156	XP_006603934.1	3848
RZB48607.1	1572854451	XP_003554403.1	3848
RZB61274.1	1572868370	XP_003548080.2	3848
RZB63214.1	1572870741	XP_028202722.1	3848
RZB96588.1	1572908013	XP_003531287.1	3848
RZC21383.1	1572935232	XP_028225908.1	3848
RZC47758.1	1573242399	RZC47758.1	3469
RZC50480.1	1573245250	XP_026447931.1	3469
RZC51081.1	1573245851	XP_026453123.1	3469
RZC64205.1	1573258975	XP_026383203.1	3469
RZC64481.1	1573259256	XP_026391205.1	3469
RZC68715.1	1573263490	XP_026405591.1	3469
RZC82891.1	1573277666	XP_026426248.1	3469
RZC89568.1	1573284345	XP_026437779.1	3469
RZC89577.1	1573284354	XP_026437965.1	3469
RZC89580.1	1573284357	RZC89580.1	3469
RZC94309.1	1573289087	RZC94309.1	3469
RZC94313.1	1573289091	XP_026444496.1	3469
RZC94460.1	1573289238	XP_026445841.1	3469
RZF36379.1	1574084032	RZF36379.1	195883
RZF45618.1	1574112144	RZF45618.1	195883
RZF48858.1	1574123900	RZF48858.1	195883
TEY32052.1	1600648669	TEY32052.1	180675
TEY37894.1	1600655050	TEY37894.1	180675
TEY52224.1	1600669944	TEY52224.1	180675
TGZ54174.1	1615730309	TGZ54174.1	300112
THF94533.1	1621788646	XP_028123407.1	542762
THG00511.1	1621796593	THG00511.1	542762
THG05063.1	1621802143	XP_028109387.1	542762
THG07812.1	1621805794	XP_028107320.1	542762
THG17521.1	1621821772	XP_028062380.1	542762
THG19708.1	1621825153	THG19708.1	542762
THG20485.1	1621826348	THG20485.1	542762
THG20489.1	1621826352	THG20489.1	542762
THG23881.1	1621831568	XP_028125239.1	542762
TKS05222.1	1635309212	TKS05222.1	43335
TKS12436.1	1635317847	TKS12436.1	43335
TKW21009.1	1645904873	TKW21009.1	4556
TKW21010.1	1645904874	TKW21010.1	4556
TKW21011.1	1645904875	TKW21011.1	4556
TKW34154.1	1645920102	TKW34154.1	4556
TKY49881.1	1654044362	TKY49881.1	455371
TKY50136.1	1654044617	TKY50136.1	455371
TKY59061.1	1654053551	TKY59061.1	455371
TKY60143.1	1654054633	TKY60143.1	455371
TKY62090.1	1654056584	TKY62090.1	455371
TKY71475.1	1654065981	TKY71475.1	455371
TMW82181.1	1678368857	TMW82181.1	4083
TMW85405.1	1678384062	TMW85405.1	4083
TMW95287.1	1678399045	TMW95287.1	4083
TMW97681.1	1678402073	TMW97681.1	4083
TMW98877.1	1678403579	TMW98877.1	4083
TQD79760.1	1697133580	TQD79760.1	106549
TQD80203.1	1697134045	TQD80203.1	106549
TQD88534.1	1697142688	TQD88534.1	106549
TQE12065.1	1697166762	TQE12065.1	106549
TQE12067.1	1697166764	TQE12067.1	106549
TVU00236.1	1712253897	TVU00236.1	38414
TVU08919.1	1712263221	TVU08919.1	38414
TVU11481.1	1712265783	TVU11481.1	38414
TVU11609.1	1712265911	TVU11609.1	38414
TVU11630.1	1712265932	TVU11630.1	38414
TXG55660.1	1725309661	TXG55660.1	1000413
TXG55661.1	1725309662	TXG55661.1	1000413
TXG55662.1	1725309663	TXG55662.1	1000413
TXG55663.1	1725309664	TXG55663.1	1000413
TXG56365.1	1725310367	TXG56365.1	1000413
TXG56366.1	1725310368	TXG56366.1	1000413
TXG56589.1	1725310591	TXG56589.1	1000413
TXG62999.1	1725317005	TXG62999.1	1000413
TXG68520.1	1725322528	TXG68520.1	1000413
TYG44623.1	1730689713	TYG44623.1	34276
TYG70842.1	1730715938	PPE01901.1	34276
TYG72863.1	1730717962	TYG72863.1	34276
TYG77800.1	1730722901	TYG77800.1	34276
TYG77801.1	1730722902	TYG77801.1	34276
TYG77802.1	1730722903	TYG77802.1	34276
TYG83488.1	1730728590	TYG83488.1	34276
TYG93432.1	1730738538	XP_016692932.1	34276
TYH11089.1	1730756198	PPR90578.1	34276
TYH19297.1	1730764408	TYH19297.1	34276
TYH19573.1	1730764684	TYH19573.1	34276
TYH26668.1	1730771782	TYH26668.1	34276
TYH43150.1	1730788353	TYH43150.1	34277
TYH73683.1	1730818897	TYH73683.1	34277
TYH73943.1	1730819157	TYH73943.1	34277
TYH75980.1	1730821195	TYH75980.1	34277
TYH81765.1	1730826982	TYH81765.1	34277
TYH81766.1	1730826983	TYH81766.1	34277
TYH81767.1	1730826984	TYH81767.1	34277
TYH88251.1	1730833470	XP_016708081.1	34277
TYI00073.1	1730845317	XP_016692932.1	34277
TYI20310.1	1730865559	PPR90578.1	34277
TYI29838.1	1730875089	TYI29838.1	34277
TYI30164.1	1730875415	KHG30812.1	34277
TYI38168.1	1730883422	TYI38168.1	34277
TYI54960.1	1730900219	TYG44623.1	34275
TYI74777.1	1730920040	TYI74777.1	34275
TYI74779.1	1730920042	TYI74779.1	34275
TYI84249.1	1730929581	KJB61182.1	34275
TYI86244.1	1730931577	TYI86244.1	34275
TYI91648.1	1730936983	TYI91648.1	34275
TYI91649.1	1730936984	TYI91649.1	34275
TYI91650.1	1730936985	TYI91650.1	34275
TYI97756.1	1730943092	XP_016708081.1	34275
TYJ08937.1	1730954275	TYJ08937.1	34275
TYJ27898.1	1730973249	TYJ27898.1	34275
TYJ36979.1	1730982332	TYJ36979.1	34275
TYJ44771.1	1730990522	TYH26668.1	34275
TYK06763.1	1731018958	TYK06763.1	1194695
TYK06764.1	1731018959	XP_016901676.1	1194695
TYK06765.1	1731018960	TYK06765.1	1194695
TYK06767.1	1731018962	XP_008454970.1	1194695
TYK06919.1	1731019114	XP_008455196.1	1194695
TYK06920.1	1731019115	TYK06920.1	1194695
TYK06956.1	1731019151	XP_008455233.1	1194695
TYK06991.1	1731019186	XP_008455273.1	1194695
TYK17678.1	1731029874	XP_008446415.1	1194695
TYK25176.1	1731037372	XP_008442743.1	1194695
VAH08520.1	1572569652	VAH08520.1	4567
VAH20350.1	1572581474	VAH20350.1	4567
VAH20351.1	1572581475	VAH20351.1	4567
VAH20352.1	1572581476	VAH20352.1	4567
VAH20353.1	1572581477	VAH20353.1	4567
VAI73085.1	1572730261	VAI73085.1	4567
VAI73088.1	1572730264	VAI73088.1	4567
VAI83401.1	1572740569	VAI83401.1	4567
VAI84724.1	1572741892	VAI84724.1	4567
VAI85252.1	1572742420	VAI85252.1	4567
VAI85253.1	1572742421	VAI85253.1	4567
VDC69675.1	1516510978	VDC69675.1	3711
VDC69676.1	1516510979	XP_013656008.1	3711
VDC80441.1	1516521746	RID70189.1	3711
VDC80442.1	1516521747	VDC80442.1	3711
VDC80443.1	1516521748	VDC80443.1	3711
VDC90295.1	1516549096	VDC90295.1	3712
VDC90299.1	1516549098	VDC90299.1	3712
VDC90301.1	1516549099	VDC90301.1	3712
VDD04632.1	1516555933	VDD04632.1	3712
VDD04634.1	1516555934	XP_013632296.1	3712
VDD05969.1	1516556605	XP_013632346.1	3712
VVA09402.1	1743586849	VVA09402.1	3755
VVA09404.1	1743586851	VVA09404.1	3755
VVA15544.1	1743581134	VVA15544.1	3755
VVA22331.1	1743574496	VVA22331.1	3755
VVA27071.1	1743569714	VVA27071.1	3755
VVA30581.1	1743566022	VVA30581.1	3755
VVB02388.1	1723480934	VVB02388.1	586526
VVB03291.1	1723481837	VVB03291.1	586526
VVB03292.1	1723481838	VVB03292.1	586526
VVC25663.1	1743611023	VVC25663.1	506608
VVC25664.1	1743611024	VVC25664.1	506608
VVC33782.1	1743602103	VVC33782.1	506608
XP_001662128.2	1218247230	XP_001662128.2	7159
XP_001846128.1	170036553	XP_001846128.1	7176
XP_001948117.1	193690721	XP_001948117.1	7029
XP_001951823.1	193678784	XP_001951823.1	7029
XP_002269003.2	359480393	XP_002269003.2	29760
XP_002271368.1	225462851	XP_002271368.1	29760
XP_002273866.1	225468356	XP_002273866.1	29760
XP_002276546.1	225464646	XP_002276546.1	29760
XP_002278455.1	225434164	XP_002278455.1	29760
XP_002298734.2	566151967	XP_002298734.2	3694
XP_002309737.1	224092886	XP_002309737.1	3694
XP_002310479.3	1375871130	XP_002310479.3	3694
XP_002320558.1	224129334	XP_002320558.1	3694
XP_002323758.3	1375913213	XP_002323758.3	3694
XP_002324085.2	566212941	XP_002324085.2	3694
XP_002438255.1	242095530	XP_002438255.1	4558
XP_002444986.1	242080435	XP_002444986.1	4558
XP_002520220.1	255558386	XP_002520220.1	3988
XP_002529823.1	255577901	XP_002529823.1	3988
XP_002529825.2	1000945569	XP_002529825.2	3988
XP_002529826.1	255577907	XP_002529826.1	3988
XP_002532442.1	255583363	XP_002532442.1	3988
XP_002532443.2	1391273404	XP_002532443.2	3988
XP_002532451.1	255583381	XP_002532451.1	3988
XP_002881469.1	297827173	XP_002881469.1	81972
XP_003520666.1	356503748	XP_003520666.1	3847
XP_003531287.1	356525349	XP_003531287.1	3847
XP_003545683.2	955366357	XP_003545683.2	3847
XP_003548080.2	571528788	XP_003548080.2	3847
XP_003554403.1	356572494	XP_003554403.1	3847
XP_003560863.1	357118238	BdCGT2_UGT708A8_S3	15368
XP_003563944.1	357124513	XP_003563944.1	15368
XP_003598165.1	357455769	XP_003598165.1	3880
XP_003613351.1	357486127	XP_003613351.1	3880
XP_003618643.1	357496709	XP_003618643.1	3880
XP_003618658.2	1379645038	XP_003618658.2	3880
XP_003618661.1	357496745	XP_003618661.1	3880
XP_003618663.1	357496749	XP_003618663.1	3880
XP_003618665.1	357496753	XP_003618665.1	3880
XP_003629941.1	357519305	XP_003629941.1	3880
XP_003632087.1	359478218	XP_003632087.1	29760
XP_003632443.1	359480385	XP_003632443.1	29760
XP_003634093.1	359490455	XP_003634093.1	29760
XP_004137037.1	449438522	XP_004137037.1	3659
XP_004138539.1	449441538	XP_004138539.1	3659
XP_004244487.1	460397866	XP_004244487.1	4081
XP_004245060.1	460399057	XP_004245060.1	4081
XP_004248451.1	460405978	XP_004248451.1	4081
XP_004289755.1	470106818	XP_004289755.1	101020
XP_004289756.1	470106820	XP_004289756.1	101020
XP_004289758.1	470106824	XP_004289758.1	101020
XP_004290110.1	470107555	XP_004290110.1	101020
XP_004292062.1	470111658	XP_004292062.1	101020
XP_004304714.1	470137933	XP_004304714.1	101020
XP_004306178.1	470140908	XP_004306178.1	101020
XP_004504205.1	502140405	XP_004504205.1	3827
XP_004957367.1	514732184	XP_004957367.1	4555
XP_004965253.1	514763357	XP_004965253.1	4555
XP_004965254.1	514763361	XP_004965254.1	4555
XP_006294206.1	565472808	XP_006294206.1	81985
XP_006295749.1	565476216	XP_006295749.1	81985
XP_006296149.1	565477017	XP_006296149.1	81985
XP_006296366.1	565477451	XP_006296366.1	81985
XP_006344123.1	565354450	XP_006344123.1	4113
XP_006351615.1	565369994	XP_006351615.1	4113
XP_006351765.1	565370312	XP_006351765.1	4113
XP_006355935.1	565379008	XP_006355935.1	4113
XP_006355936.1	565379010	XP_006355936.1	4113
XP_006357047.1	565381374	XP_006357047.1	4113
XP_006357048.1	565381376	XP_006357048.1	4113
XP_006357098.1	565381483	XP_006357098.1	4113
XP_006366559.1	565402169	XP_006366559.1	4113
XP_006369755.1	566151949	XP_006369755.1	3694
XP_006370131.1	566153752	XP_006370131.1	3694
XP_006379195.1	566187274	XP_006379195.1	3694
XP_006384098.2	1375914469	XP_006384098.2	3694
XP_006397555.1	567165500	XP_006397555.1	72664
XP_006397556.1	567165503	XP_006397556.1	72664
XP_006422969.1	567860630	XP_006422969.1	85681
XP_006438793.1	567892545	NP_001306993.1	85681
XP_006442123.1	567899270	XP_006442123.1	85681
XP_006447240.1	567909853	XP_006447240.1	85681
XP_006447926.1	567911225	XP_006447926.1	85681
XP_006447928.1	567911229	XP_006447928.1	85681
XP_006447932.1	567911237	XP_006447932.1	85681
XP_006447933.1	567911239	XP_006447933.1	85681
XP_006469355.1	568830119	XP_006469355.1	2711
XP_006469356.1	568830121	XP_006469356.1	2711
XP_006469357.1	568830123	XP_006469357.1	2711
XP_006469359.1	568830127	XP_006469359.1	2711
XP_006469903.1	568831288	XP_006447240.1	2711
XP_006478555.1	568849640	XP_006478555.1	2711
XP_006478556.1	568849642	XP_006478556.1	2711
XP_006487031.1	568867411	XP_006487031.1	2711
XP_006603934.1	571554119	XP_006603934.1	3847
XP_007033645.2	1063482208	XP_007033645.2	3641
XP_007033647.2	1063487194	XP_007033647.2	3641
XP_007042481.2	1063473653	XP_007042481.2	3641
XP_007042950.2	1063467632	XP_007042950.2	3641
XP_007044514.2	1063466990	XP_007044514.2	3641
XP_007045533.2	1063470697	XP_007045533.2	3641
XP_007049526.1	590713026	XP_007049526.1	3641
XP_007051600.2	1063464767	XP_007051600.2	3641
XP_007148402.1	593695807	XP_007148402.1	3885
XP_007148403.1	593695809	XP_007148403.1	3885
XP_007151915.1	593703024	XP_007151915.1	3885
XP_007159561.1	593793044	XP_007159561.1	3885
XP_007199115.1	595790733	XP_007199115.1	3760
XP_007201501.2	1162574662	XP_007201501.2	3760
XP_007203876.1	595815225	XP_007203876.1	3760
XP_007206411.2	1162561131	XP_007206411.2	3760
XP_007208502.2	1162561133	XP_007208502.2	3760
XP_007216617.1	595955267	XP_007216617.1	3760
XP_008191789.1	642919239	XP_008191789.1	7070
XP_008191815.1	642919297	XP_008191815.1	7070
XP_008191816.1	642919300	XP_008191816.1	7070
XP_008191817.1	642919302	XP_008191817.1	7070
XP_008230829.1	645249612	XP_008230829.1	102107
XP_008230830.1	645249615	XP_008230830.1	102107
XP_008235864.1	645260510	XP_008235864.1	102107
XP_008236255.1	645261358	XP_008236255.1	102107
XP_008236256.1	645261360	XP_008236256.1	102107
XP_008236257.1	645261362	XP_008236257.1	102107
XP_008237299.1	645219767	XP_008237299.1	102107
XP_008241360.1	645272364	XP_008241360.1	102107
XP_008241363.1	645272369	XP_008241363.1	102107
XP_008243112.1	645276067	XP_008243112.1	102107
XP_008442743.1	659084162	XP_008442743.1	3656
XP_008446415.1	659091184	XP_008446415.1	3656
XP_008454970.1	659109956	XP_008454970.1	3656
XP_008455179.1	659110346	XP_008455179.1	3656
XP_008455196.1	659110380	XP_008455196.1	3656
XP_008455233.1	659110456	XP_008455233.1	3656
XP_008455273.1	659110531	XP_008455273.1	3656
XP_008777480.1	672198933	XP_008777480.1	42345
XP_008788244.1	672129471	XP_008788244.1	42345
XP_008791997.1	672136589	XP_008791997.1	42345
XP_008802698.1	672165582	XP_008802698.1	42345
XP_009133636.1	685285459	XP_009133636.1	3711
XP_009133637.1	685285461	XP_009133637.1	3711
XP_009133642.1	685285471	XP_009133642.1	3711
XP_009142972.1	685304505	XP_009142972.1	3711
XP_009142973.1	685304507	XP_009142972.1	3711
XP_009142974.1	685304509	XP_009142974.1	3711
XP_009143554.1	685305648	XP_009143554.1	3711
XP_009143557.1	685305656	XP_009143557.1	3711
XP_009335348.1	694414241	XP_009335348.1	225117
XP_009360573.1	694361959	XP_009360573.1	225117
XP_009366234.1	694380176	XP_009366234.1	225117
XP_009410732.1	695045859	XP_009410732.1	214687
XP_009590532.1	697163419	XP_009590532.1	4098
XP_009625439.1	697142665	XP_009625439.1	4098
XP_009630994.1	697153494	XP_009630994.1	4098
XP_009630995.1	697153496	NP_001312643.1	4098
XP_009776061.1	698575870	XP_009776061.1	4096
XP_009783229.1	698467880	XP_009783229.1	4096
XP_009783230.1	698467885	XP_009783230.1	4096
XP_009783231.1	698467889	XP_009783231.1	4096
XP_009788732.1	698427751	XP_009788732.1	4096
XP_009797699.1	698433584	XP_009797699.1	4096
XP_010030028.1	702468589	XP_010030028.1	71139
XP_010030029.1	702468593	XP_010030029.1	71139
XP_010037076.1	702495813	XP_010037076.1	71139
XP_010037078.1	702495816	XP_010037078.1	71139
XP_010037079.1	702495819	XP_010037079.1	71139
XP_010039816.1	702506728	XP_010039816.1	71139
XP_010039829.1	702506776	XP_010039829.1	71139
XP_010041627.1	702514949	XP_010041627.1	71139
XP_010053797.1	702327425	XP_010053797.1	71139
XP_010060137.1	702249809	XP_010060137.1	71139
XP_010060148.1	702249817	XP_010060148.1	71139
XP_010060179.1	702249833	XP_010060179.1	71139
XP_010060186.1	702249839	XP_010060186.1	71139
XP_010069228.1	702432591	XP_010069228.1	71139
XP_010069571.1	702434101	XP_010069571.1	71139
XP_010089574.1	703073551	XP_010089574.1	981085
XP_010089576.1	703073559	XP_010089576.1	981085
XP_010095579.2	1350243088	XP_010095579.2	981085
XP_010095580.1	703095587	XP_010095580.1	981085
XP_010098615.1	703106902	XP_010098615.1	981085
XP_010101353.1	703117326	XP_010101353.1	981085
XP_010101354.2	1350269713	XP_010101354.2	981085
XP_010242475.1	720082053	XP_010242475.1	4432
XP_010242476.1	720082057	XP_010242476.1	4432
XP_010242477.1	720082060	XP_010242477.1	4432
XP_010258947.1	719966436	XP_010258947.1	4432
XP_010265663.2	1102772329	XP_010265663.2	4432
XP_010266460.1	720033533	XP_010266460.1	4432
XP_010321783.1	723703981	XP_010321783.1	4081
XP_010500378.1	727438078	XP_010500378.1	90675
XP_010506284.1	727449276	XP_010506284.1	90675
XP_010506285.1	727449278	XP_010506285.1	90675
XP_010506286.1	727449280	XP_010506285.1	90675
XP_010506287.1	727449282	XP_010506287.1	90675
XP_010506288.1	727449284	XP_010506287.1	90675
XP_010508369.1	727453080	XP_010508369.1	90675
XP_010516907.1	727469930	XP_010516907.1	90675
XP_010517962.1	727471995	XP_010517962.1	90675
XP_010517963.1	727471997	XP_010517963.1	90675
XP_010522253.1	729290489	XP_010522253.1	28532
XP_010524193.1	729454807	XP_010524193.1	28532
XP_010556587.1	729412019	XP_010556587.1	28532
XP_010672475.1	731323520	XP_010672475.1	3555
XP_010672476.1	731323522	XP_010672476.1	3555
XP_010679006.1	731335972	XP_010679006.1	3555
XP_010908641.1	743762535	XP_010908641.1	51953
XP_010908653.2	1130650493	XP_010908653.2	51953
XP_010908661.1	743762539	XP_010908661.1	51953
XP_010929047.2	1130669085	XP_010929047.2	51953
XP_010929048.2	1130669087	XP_010929047.2	51953
XP_010942859.1	743859867	XP_010942859.1	51953
XP_011000136.1	743912505	XP_011000136.1	75702
XP_011002910.1	743917836	XP_011002910.1	75702
XP_011002911.1	743917838	XP_011002911.1	75702
XP_011009481.1	743930465	XP_011009481.1	75702
XP_011035826.1	743879100	XP_011035826.1	75702
XP_011037065.1	743883601	XP_011037065.1	75702
XP_011047632.1	743908366	XP_011047632.1	75702
XP_011047643.1	743908386	XP_011047643.1	75702
XP_011079130.1	747065038	XP_011079130.1	4182
XP_011082052.1	747070455	XP_011082052.1	4182
XP_011082054.1	747070459	XP_011082054.1	4182
XP_011085046.1	747075982	XP_011085046.1	4182
XP_011086491.1	747078644	XP_011086491.1	4182
XP_011098693.1	747101153	XP_011098693.1	4182
XP_011266198.2	1418060137	XP_011266198.2	104421
XP_011267296.2	1418078594	XP_011267296.2	104421
XP_011457818.1	764524717	XP_004289755.1	101020
XP_011658756.1	778724192	XP_011658756.1	3659
XP_011658777.1	778724290	XP_011658777.1	3659
XP_011658802.1	778724429	XP_011658802.1	3659
XP_011658893.1	778725042	XP_011658893.1	3659
XP_011658895.1	778725056	XP_011658895.1	3659
XP_011707628.1	780622320	XP_011707628.1	64793
XP_011707629.1	780622324	XP_011707628.1	64793
XP_012075382.1	802616707	XP_012075382.1	180498
XP_012082495.1	802687867	XP_012082495.1	180498
XP_012084448.1	802546335	XP_012084448.1	180498
XP_012084461.1	802546337	XP_012084461.1	180498
XP_012084771.1	802715607	XP_012084771.1	180498
XP_012084773.1	802715613	XP_012084773.1	180498
XP_012085630.1	802546580	XP_012085630.1	180498
XP_012092034.1	802787874	XP_012092034.1	180498
XP_012257815.1	817052699	XP_012257815.1	37344
XP_012263500.2	1183235568	XP_012263500.2	37344
XP_012440890.1	823216344	XP_012440890.1	29730
XP_012460770.1	823256244	XP_012460770.1	29730
XP_012467112.1	823134626	XP_012467112.1	29730
XP_012481412.1	823162965	XP_012481412.1	29730
XP_012481413.1	823162968	XP_012481413.1	29730
XP_012481415.1	823162970	XP_012481415.1	29730
XP_012490092.1	823187145	XP_012490092.1	29730
XP_012491926.1	823126956	XP_012491926.1	29730
XP_012491975.1	823126966	XP_012491975.1	29730
XP_012828350.1	848930147	XP_012828350.1	4155
XP_012828429.1	848930382	XP_012828429.1	4155
XP_012829418.1	848933468	XP_012829418.1	4155
XP_012829420.1	848933475	XP_012829420.1	4155
XP_012829445.1	848933563	XP_012829445.1	4155
XP_012836925.1	848872730	XP_012836925.1	4155
XP_012846570.1	848893034	XP_012846570.1	4155
XP_013451915.1	922352197	XP_013451915.1	3880
XP_013623541.1	922435498	XP_013623541.1	109376
XP_013627641.1	922448221	XP_013627641.1	109376
XP_013630369.1	922456736	XP_013630369.1	109376
XP_013632185.1	922462433	XP_013632185.1	109376
XP_013632186.1	922462436	XP_013632185.1	109376
XP_013632296.1	922462797	XP_013632296.1	109376
XP_013632346.1	922463028	XP_013632346.1	109376
XP_013656008.1	923689154	XP_013656008.1	3708
XP_013656009.1	923689156	XP_013656008.1	3708
XP_013656010.1	923689159	XP_009142974.1	3708
XP_013671279.1	923741133	XP_013632346.1	3708
XP_013683852.1	923789238	XP_013683852.1	3708
XP_013683854.1	923789242	XP_013683854.1	3708
XP_013688467.1	923804355	XP_013656008.1	3708
XP_013688468.1	923804357	XP_013656008.1	3708
XP_013690683.1	923810313	XP_009142974.1	3708
XP_013734745.1	923545450	XP_013734745.1	3708
XP_013744342.1	923510642	XP_013632296.1	3708
XP_013744361.1	923510647	XP_013744361.1	3708
XP_013748401.1	923623948	XP_009143557.1	3708
XP_014254809.1	939269263	XP_014254809.1	79782
XP_014505980.1	950997321	XP_014505980.1	3916
XP_014505981.1	950997327	XP_014505980.1	3916
XP_014511547.1	950926466	XP_014511547.1	3916
XP_014518237.1	951042806	XP_014518237.1	3916
XP_014518238.1	951042811	XP_014518238.1	3916
XP_014518239.1	951042816	XP_014518239.1	3916
XP_015075206.1	970027835	XP_015075206.1	28526
XP_015083781.1	970044714	XP_015083781.1	28526
XP_015085040.1	970047052	XP_015085040.1	28526
XP_015085041.1	970047054	XP_015085041.1	28526
XP_015085132.1	970047227	XP_015085132.1	28526
XP_015089477.1	970055664	XP_015089477.1	28526
XP_015363936.1	985393199	XP_015363936.1	143948
XP_015382907.1	985435641	XP_006469359.1	2711
XP_015436992.1	987921625	XP_015436992.1	178035
XP_015520179.1	998518577	XP_015520179.1	441921
XP_015524885.1	998498145	XP_015524885.1	441921
XP_015581232.1	1000945557	XP_015581232.1	3988
XP_015605149.1	1000764131	XP_015605149.1	211228
XP_015608810.1	1000720808	XP_015608810.1	211228
XP_015641684.1	1002274740	XP_015641684.1	39947
XP_015641782.1	1002274945	XP_015641782.1	39947
XP_015869718.1	1009112690	XP_015869718.1	326968
XP_015879827.1	1009125837	XP_015879827.1	326968
XP_015879829.2	1389651384	XP_015879829.2	326968
XP_015882067.1	1009107905	XP_015882067.1	326968
XP_015884241.1	1009134059	XP_015884241.1	326968
XP_015892984.1	1009150372	XP_015892984.1	326968
XP_015957705.1	1012102306	XP_015957705.1	130453
XP_015965216.1	1012168825	XP_015965216.1	130453
XP_015967941.1	1012180098	XP_015967941.1	130453
XP_016181542.1	1021584348	XP_016181542.1	130454
XP_016190763.1	1021495493	XP_016190763.1	130454
XP_016204480.2	1191752840	XP_016204480.2	130454
XP_016441646.1	1025012416	XP_009783230.1	4097
XP_016444467.1	1025038304	XP_016444467.1	4097
XP_016453861.1	1025078307	XP_009783231.1	4097
XP_016453862.1	1025078313	XP_009783229.1	4097
XP_016481329.1	1025217853	XP_016481329.1	4097
XP_016481331.1	1025217861	XP_016481331.1	4097
XP_016497706.1	1025291960	XP_009776061.1	4097
XP_016539260.1	1026080037	XP_016539260.1	4072
XP_016570238.1	1026051521	XP_016570238.1	4072
XP_016581169.1	1026073705	XP_016581169.1	4072
XP_016581170.1	1026073707	XP_016581170.1	4072
XP_016650079.1	1027089414	XP_016650079.1	102107
XP_016651960.1	1027113592	XP_008241360.1	102107
XP_016678313.1	1029029074	XP_016678313.1	3635
XP_016684965.1	1029059846	XP_016684965.1	3635
XP_016684977.1	1029059848	XP_016684977.1	3635
XP_016684993.1	1029059852	XP_016684993.1	3635
XP_016685330.1	1029043108	XP_016685330.1	3635
XP_016685605.1	1029043700	XP_016685605.1	3635
XP_016692932.1	1029065335	XP_016692932.1	3635
XP_016708081.1	1029097453	XP_016708081.1	3635
XP_016710038.1	1029101346	XP_016710038.1	3635
XP_016714008.1	1028941588	XP_016714008.1	3635
XP_016746642.1	1029137213	XP_016746642.1	3635
XP_016748152.1	1028986552	XP_016748152.1	3635
XP_016748306.1	1028986860	XP_016748306.1	3635
XP_016901675.1	1035412470	XP_016901675.1	3656
XP_016901676.1	1035412472	XP_016901676.1	3656
XP_017215196.1	1040904138	XP_017215196.1	79200
XP_017218916.1	1040913266	XP_017218916.1	79200
XP_017224436.1	1040924476	XP_017224436.1	79200
XP_017225558.1	1040927308	XP_017225558.1	79200
XP_017226546.1	1040930038	XP_017226546.1	79200
XP_017254717.1	1040893074	XP_017254717.1	79200
XP_017256562.1	1040897511	XP_017256562.1	79200
XP_017411443.1	1044533340	XP_017411443.1	3914
XP_017432813.1	1044590942	XP_017432813.1	3914
XP_017435165.1	1044595327	XP_017435165.1	3914
XP_017435211.1	1044595420	XP_017435211.1	3914
XP_017435489.1	1044595946	XP_017435489.1	3914
XP_017439809.1	1044547287	XP_017439809.1	3914
XP_017604035.1	1050566928	XP_017604035.1	29729
XP_017605267.1	1050561950	XP_017605267.1	29729
XP_017613955.1	1050585352	XP_017613955.1	29729
XP_017630967.1	1050616446	XP_017630967.1	29729
XP_017633758.1	1050621873	XP_017633758.1	29729
XP_017640867.1	1050635618	XP_017640867.1	29729
XP_017645730.1	1050560586	XP_017645730.1	29729
XP_017768993.1	1059387586	XP_017768993.1	110193
XP_017768994.1	1059387588	XP_017768994.1	110193
XP_017768995.1	1059387590	XP_017768995.1	110193
XP_017768996.1	1059387592	XP_017768996.1	110193
XP_017793792.1	1059877190	XP_017793792.1	597456
XP_017970187.1	1063467619	XP_017970187.1	3641
XP_017972910.1	1063459662	XP_017972910.1	3641
XP_017974416.1	1063482739	XP_017974416.1	3641
XP_017975813.1	1063489468	XP_017975813.1	3641
XP_017976433.1	1063458076	XP_017976433.1	3641
XP_017977125.1	1063504868	XP_017977125.1	3641
XP_018312625.1	1069709949	XP_018312625.1	64791
XP_018312627.1	1069709952	XP_018312625.1	64791
XP_018325089.1	1069801199	XP_018325089.1	224129
XP_018325090.1	1069801202	XP_018325090.1	224129
XP_018325091.1	1069801204	XP_018325091.1	224129
XP_018362338.1	1070169763	XP_018362338.1	471704
XP_018362339.1	1070169767	XP_018362338.1	471704
XP_018434677.1	1072969131	XP_018434677.1	3726
XP_018436586.1	1072972521	XP_018436586.1	3726
XP_018456347.1	1073010331	XP_018456347.1	3726
XP_018474924.1	1072928346	XP_018474924.1	3726
XP_018505130.1	1079227789	XP_009366234.1	225117
XP_018505131.1	1079227791	XP_018505131.1	225117
XP_018570346.1	1080057140	XP_018570346.1	217634
XP_018570347.1	1080057142	XP_018570347.1	217634
XP_018570348.1	1080057144	XP_018570348.1	217634
XP_018718055.1	1091502825	XP_018718055.1	71139
XP_018721804.1	1091519782	XP_018721804.1	71139
XP_018732464.1	1091486487	XP_018732464.1	71139
XP_018810592.1	1098809213	XP_018810592.1	51240
XP_018812181.1	1098812199	XP_018812181.1	51240
XP_018812182.1	1098812201	XP_018812182.1	51240
XP_018815112.1	1098817880	XP_018815112.1	51240
XP_018817933.1	1098823303	XP_018817933.1	51240
XP_018823194.1	1098833340	XP_018823194.1	51240
XP_018823226.1	1098833399	XP_018823226.1	51240
XP_018823317.1	1098833566	XP_018823317.1	51240
XP_018824393.1	1098835619	XP_018824393.1	51240
XP_018826830.1	1098840284	XP_018826830.1	51240
XP_018833373.1	1098734779	XP_018833373.1	51240
XP_018836664.1	1098742917	XP_018836664.1	51240
XP_018837443.1	1098745030	XP_018837443.1	51240
XP_018837445.1	1098745032	XP_018837445.1	51240
XP_018851345.1	1098783406	XP_018851345.1	51240
XP_018851346.1	1098783408	XP_018851346.1	51240
XP_018851350.1	1098783414	XP_018851350.1	51240
XP_018896916.1	1101342553	XP_018896916.1	7038
XP_018906826.1	1101362322	XP_018906826.1	7038
XP_018906827.1	1101362324	XP_018906826.1	7038
XP_018907189.1	1101363004	XP_018907189.1	7038
XP_019075246.1	1105488180	XP_019075246.1	29760
XP_019075279.1	1105488369	XP_019075279.1	29760
XP_019075756.1	1105490554	XP_019075756.1	29760
XP_019101195.1	1109125115	XP_019101195.1	90675
XP_019101282.1	1109129232	XP_019101282.1	90675
XP_019101283.1	1109129234	XP_019101283.1	90675
XP_019157928.1	1109267650	XP_019157928.1	35883
XP_019157929.1	1109267652	XP_019157929.1	35883
XP_019157943.1	1109267686	XP_019157943.1	35883
XP_019160273.1	1109272234	XP_019160273.1	35883
XP_019176938.1	1109205077	XP_019176938.1	35883
XP_019176939.1	1109205079	XP_019176939.1	35883
XP_019176941.1	1109205083	XP_019176941.1	35883
XP_019176942.1	1109205085	XP_019176941.1	35883
XP_019178395.1	1109207871	XP_019178395.1	35883
XP_019178396.1	1109207873	XP_019178395.1	35883
XP_019227499.1	1111041159	XP_019227499.1	49451
XP_019228618.1	1111043249	XP_019228618.1	49451
XP_019242265.1	1111049485	XP_019260769.1	49451
XP_019260769.1	1111019529	XP_019260769.1	49451
XP_019260770.1	1111019531	XP_019260770.1	49451
XP_019264513.1	1111026856	XP_019264513.1	49451
XP_019425872.1	1117466495	XP_019425872.1	3871
XP_019455540.1	1117574106	XP_019455540.1	3871
XP_019455725.1	1117574482	XP_019455725.1	3871
XP_019461704.1	1117350734	XP_019461704.1	3871
XP_019695684.2	1409281979	XP_025153550.1	610380
XP_019761279.1	1130233625	XP_019761279.1	77166
XP_019865347.1	1133419592	XP_019865347.1	116153
XP_019868787.1	1133425976	XP_019868787.1	116153
XP_020089931.1	1147572543	XP_020089931.1	4615
XP_020090167.1	1147573010	XP_020090167.1	4615
XP_020090168.1	1147573012	XP_020090168.1	4615
XP_020091104.1	1147574835	XP_020091104.1	4615
XP_020146977.1	1149763239	XP_020146977.1	169297
XP_020146981.1	1149763285	XP_020146981.1	169297
XP_020178560.1	1149704857	XP_020178560.1	169297
XP_020206408.1	1150124745	XP_020206408.1	3821
XP_020222297.1	1150159631	XP_020222297.1	3821
XP_020222861.1	1150160697	XP_020222861.1	3821
XP_020235065.1	1150098356	XP_020235065.1	3821
XP_020261425.1	1150701236	XP_020261425.1	4686
XP_020423494.1	1162569669	XP_020423494.1	3760
XP_020425657.1	1162575992	XP_020425657.1	3760
XP_020425658.1	1162575994	XP_020425658.1	3760
XP_020813185.1	1189095297	XP_020813185.1	7274
XP_020883244.1	1190974665	XP_020883244.1	81972
XP_020883245.1	1190974667	XP_020883245.1	81972
XP_020883246.1	1190974669	XP_020883246.1	81972
XP_020884151.1	1190976834	XP_020884151.1	81972
XP_021273618.1	1204884354	XP_021273618.1	108875
XP_021274678.1	1204886323	XP_021274678.1	108875
XP_021274817.1	1204886589	XP_021274817.1	108875
XP_021278744.1	1204878717	XP_021278744.1	108875
XP_021280942.1	1204897888	XP_021280942.1	108875
XP_021290467.1	1204915549	XP_021290467.1	108875
XP_021290843.1	1204916219	XP_021290843.1	108875
XP_021292985.1	1204920233	XP_021292985.1	108875
XP_021293409.1	1204921016	XP_021293409.1	108875
XP_021297752.1	1204929147	XP_021297752.1	108875
XP_021298085.1	1204882410	XP_021298085.1	108875
XP_021304690.1	1205985571	XP_021304690.1	4558
XP_021602593.1	1216228809	XP_021602593.1	3983
XP_021603182.1	1216229900	XP_021603182.1	3983
XP_021604940.1	1216242763	XP_021604940.1	3983
XP_021611672.1	1216255539	XP_021611672.1	3983
XP_021611793.1	1216255772	XP_021611793.1	3983
XP_021612011.1	1216256171	XP_021612011.1	3983
XP_021612509.1	1216257137	XP_021612509.1	3983
XP_021615564.1	1216262970	XP_021615564.1	3983
XP_021617278.1	1216266177	XP_021617278.1	3983
XP_021617503.1	1216266614	XP_021617503.1	3983
XP_021617529.1	1216266664	XP_021617529.1	3983
XP_021617765.1	1216233885	XP_021617765.1	3983
XP_021618143.1	1216267812	XP_021618143.1	3983
XP_021618693.1	1216268872	XP_021618693.1	3983
XP_021618694.1	1216268874	XP_021618693.1	3983
XP_021619010.1	1216269467	XP_021619010.1	3983
XP_021624601.1	1216280072	XP_021624601.1	3983
XP_021629927.1	1216236304	XP_021629927.1	3983
XP_021630503.1	1216291220	XP_021630503.1	3983
XP_021630504.1	1216291222	XP_021630504.1	3983
XP_021631998.1	1216294012	XP_021631998.1	3983
XP_021632365.1	1216294726	XP_021632365.1	3983
XP_021632447.1	1216294887	XP_021632447.1	3983
XP_021632536.1	1216295056	XP_021632536.1	3983
XP_021635818.1	1216993400	XP_021635818.1	3981
XP_021637626.1	1216996810	XP_021637626.1	3981
XP_021645139.1	1216933429	XP_021645139.1	3981
XP_021645149.1	1216933431	XP_021645149.1	3981
XP_021645157.1	1216933433	XP_021645157.1	3981
XP_021651069.1	1216934550	XP_021651069.1	3981
XP_021651369.1	1217023276	XP_021651369.1	3981
XP_021658030.1	1217036195	XP_021658030.1	3981
XP_021658033.1	1217036201	XP_021658033.1	3981
XP_021658278.1	1217036675	XP_021658278.1	3981
XP_021658997.1	1217038071	XP_021658997.1	3981
XP_021663290.1	1217046416	XP_021663290.1	3981
XP_021666018.1	1216939809	XP_021666018.1	3981
XP_021675756.1	1216958572	XP_021675756.1	3981
XP_021675760.1	1216958578	XP_021675760.1	3981
XP_021686172.1	1216930306	XP_021686172.1	3981
XP_021686178.1	1216930308	XP_021686172.1	3981
XP_021752434.1	1219177577	XP_021752434.1	63459
XP_021762769.1	1219073533	XP_021762769.1	63459
XP_021774784.1	1219097036	XP_021774784.1	63459
XP_021813983.1	1220055765	XP_021813983.1	42229
XP_021813984.1	1220055767	XP_021813984.1	42229
XP_021814036.1	1220055869	XP_021814036.1	42229
XP_021815583.1	1220058783	XP_021815583.1	42229
XP_021815585.1	1220058787	XP_021815585.1	42229
XP_021821752.1	1220033867	XP_021821752.1	42229
XP_021823305.1	1220073602	XP_021823305.1	42229
XP_021823916.1	1220074770	XP_021823916.1	42229
XP_021829522.1	1220085597	XP_021829522.1	42229
XP_021829523.1	1220085599	XP_021829523.1	42229
XP_021834422.1	1220095097	XP_021834422.1	42229
XP_021842618.1	1226777395	XP_021842618.1	3562
XP_021849262.1	1226799956	XP_021849262.1	3562
XP_021904688.1	1227898271	XP_021904688.1	3649
XP_021908736.1	1227945433	XP_021908736.1	3649
XP_021912896.1	1227963237	XP_021912896.1	136037
XP_021912897.1	1227963239	XP_021912897.1	136037
XP_021917396.1	1227971953	XP_021917396.1	136037
XP_021917397.1	1227971956	XP_021917396.1	136037
XP_021917410.1	1227971980	XP_021917410.1	136037
XP_021917429.1	1227972020	XP_021917429.1	136037
XP_021917430.1	1227972022	XP_021917429.1	136037
XP_021937907.1	1228011919	XP_021937907.1	136037
XP_021937908.1	1228011921	XP_021937907.1	136037
XP_021937909.1	1228011923	XP_021937907.1	136037
XP_021946507.1	1228370827	XP_021946507.1	158441
XP_021958007.1	1228398218	XP_021958007.1	158441
XP_021958151.1	1228398486	XP_021958151.1	158441
XP_021979506.1	1228845032	XP_021979506.1	4232
XP_021980974.1	1228847654	XP_021980974.1	4232
XP_021980975.1	1228847656	XP_021980975.1	4232
XP_021993219.1	1228876490	XP_021993219.1	4232
XP_021993639.1	1228877615	XP_021993639.1	4232
XP_022005421.1	1228906823	XP_022005421.1	4232
XP_022011687.1	1228922390	XP_022011687.1	4232
XP_022011688.1	1228922392	XP_022011688.1	4232
XP_022141911.1	1229777518	XP_022141911.1	3673
XP_022142003.1	1229777700	XP_022142003.1	3673
XP_022154377.1	1229801095	XP_022154377.1	3673
XP_022157619.1	1229756252	XP_022157619.1	3673
XP_022175455.1	1229944540	XP_022175455.1	13164
XP_022177589.1	1230093040	XP_022177589.1	13164
XP_022177590.1	1230093048	XP_022177590.1	13164
XP_022177591.1	1230093052	XP_022177591.1	13164
XP_022185111.1	1233166314	XP_022185111.1	108931
XP_022185112.1	1233166316	XP_022185112.1	108931
XP_022185113.1	1233166318	XP_022185113.1	108931
XP_022185114.1	1233166320	XP_022185114.1	108931
XP_022190398.1	1233178008	XP_022190398.1	108931
XP_022190399.1	1233178010	XP_022190398.1	108931
XP_022190400.1	1233178012	XP_022190400.1	108931
XP_022190401.1	1233178014	XP_022190400.1	108931
XP_022190403.1	1233178016	XP_022190400.1	108931
XP_022190404.1	1233178018	XP_022190400.1	108931
XP_022190405.1	1233178020	XP_022190400.1	108931
XP_022195898.1	1233189648	XP_022195898.1	108931
XP_022557928.1	1249754363	XP_022557928.1	3708
XP_022722111.1	1269945123	XP_022722111.1	66656
XP_022726482.1	1269953142	XP_022726482.1	66656
XP_022726996.1	1269954110	XP_022726996.1	66656
XP_022734282.1	1269967828	XP_022734282.1	66656
XP_022735204.1	1269969581	XP_022735204.1	66656
XP_022740673.1	1269979808	XP_022740673.1	66656
XP_022757519.1	1269893305	XP_022757519.1	66656
XP_022759822.1	1269897630	XP_022759822.1	66656
XP_022759823.1	1269897632	XP_022759823.1	66656
XP_022759824.1	1269897634	XP_022759824.1	66656
XP_022761457.1	1269900544	XP_022761457.1	66656
XP_022769551.1	1269915653	XP_022769551.1	66656
XP_022849186.1	1279093712	XP_022849186.1	158386
XP_022849187.1	1279093714	XP_022849187.1	158386
XP_022857141.1	1279035984	XP_022857141.1	158386
XP_022857142.1	1279035986	XP_022857142.1	158386
XP_022857144.1	1279035990	XP_022857144.1	158386
XP_022857145.1	1279035992	XP_022857145.1	158386
XP_022861206.1	1279097342	XP_022861206.1	158386
XP_022875614.1	1279103052	XP_022875614.1	158386
XP_022878222.1	1279108034	XP_022878222.1	158386
XP_022878877.1	1279109315	XP_022878877.1	158386
XP_022878879.1	1279109317	XP_022878879.1	158386
XP_022884131.1	1279044649	XP_022884131.1	158386
XP_022913422.1	1279737250	XP_022913422.1	166361
XP_022913423.1	1279737252	XP_022913423.1	166361
XP_022913424.1	1279737255	XP_022913424.1	166361
XP_022913426.1	1279737258	XP_022913426.1	166361
XP_022927659.1	1279834657	XP_022927659.1	3662
XP_022952199.1	1279798019	XP_022952199.1	3662
XP_022952847.1	1279799280	XP_022952847.1	3662
XP_022952862.1	1279799312	XP_022952862.1	3662
XP_022952864.1	1279799316	XP_022952864.1	3662
XP_022963460.1	1279819465	XP_022963460.1	3662
XP_022963549.1	1279819643	XP_022963549.1	3662
XP_022963820.1	1279820166	XP_022963820.1	3662
XP_022963827.1	1279820177	XP_022963827.1	3662
XP_022963841.1	1279820211	XP_022963841.1	3662
XP_022963842.1	1279820213	XP_022963842.1	3662
XP_022963844.1	1279820217	XP_022963844.1	3662
XP_022963845.1	1279820219	XP_022963845.1	3662
XP_022967168.1	1281050088	XP_022967168.1	3661
XP_022967170.1	1281050090	XP_022967170.1	3661
XP_022967587.1	1281050896	XP_022967587.1	3661
XP_022967592.1	1281050906	XP_022967592.1	3661
XP_022972391.1	1281060045	XP_022972391.1	3661
XP_022972393.1	1281060049	XP_022972393.1	3661
XP_022972394.1	1281060051	XP_022972394.1	3661
XP_022984010.1	1280976816	XP_022984010.1	3661
XP_022984017.1	1280977040	XP_022984010.1	3661
XP_022988757.1	1281009493	XP_022988757.1	3661
XP_023022724.1	1285020891	XP_023022724.1	7539
XP_023026257.1	1285027961	XP_023026257.1	7539
XP_023511441.1	1333160232	XP_023511441.1	3664
XP_023513076.1	1333097047	XP_023513076.1	3664
XP_023529848.1	1333111537	XP_023529848.1	3664
XP_023553674.1	1333157811	XP_023553674.1	3664
XP_023553805.1	1333158066	XP_023553805.1	3664
XP_023553806.1	1333158068	XP_023553805.1	3664
XP_023553807.1	1333158070	XP_023553807.1	3664
XP_023553808.1	1333158072	XP_023553808.1	3664
XP_023553829.1	1333158109	XP_023553829.1	3664
XP_023554156.1	1333158798	XP_023554156.1	3664
XP_023554302.1	1333159078	XP_023554302.1	3664
XP_023702332.1	1339082599	XP_023702332.1	105785
XP_023702333.1	1339082601	XP_023702333.1	105785
XP_023702334.1	1339082603	XP_023702334.1	105785
XP_023705388.1	1339088550	XP_023705388.1	105785
XP_023705390.1	1339088554	XP_023705390.1	105785
XP_023705392.1	1339088559	XP_023705392.1	105785
XP_023705393.1	1339088561	XP_023705392.1	105785
XP_023705394.1	1339088563	XP_023705394.1	105785
XP_023705437.1	1339088650	XP_023705437.1	105785
XP_023705438.1	1339088652	XP_023705438.1	105785
XP_023717935.1	1339058800	XP_023717935.1	105785
XP_023717936.1	1339058802	XP_023717936.1	105785
XP_023717937.1	1339058804	XP_023717937.1	105785
XP_023719421.1	1339061614	XP_023719421.1	105785
XP_023719422.1	1339061616	XP_023719421.1	105785
XP_023740338.1	1340519633	XP_023740338.1	4236
XP_023745823.1	1340437226	XP_023745823.1	4236
XP_023874816.1	1343985877	XP_023874816.1	58331
XP_023876916.1	1343978293	XP_023876916.1	58331
XP_023881569.1	1343998758	XP_023881569.1	58331
XP_023884809.1	1344004812	XP_023884809.1	58331
XP_023891627.1	1344017725	XP_023891627.1	58331
XP_023895534.1	1344025147	XP_023895534.1	58331
XP_023897208.1	1344028312	XP_023897208.1	58331
XP_023900439.1	1344034474	XP_023900439.1	58331
XP_023907645.1	1344040467	XP_023907645.1	58331
XP_023907646.1	1344040469	XP_023907645.1	58331
XP_023907649.1	1344040475	XP_023907649.1	58331
XP_023907650.1	1344040477	XP_023907650.1	58331
XP_023907651.1	1344040479	XP_023907651.1	58331
XP_023910762.1	1344054786	XP_023910762.1	58331
XP_023911321.1	1344055878	XP_023881569.1	58331
XP_023918472.1	1344069459	XP_023918472.1	58331
XP_023924982.1	1344081961	XP_023924982.1	58331
XP_023925206.1	1344082410	XP_023925206.1	58331
XP_023928025.1	1344087815	XP_023928025.1	58331
XP_023928027.1	1344087819	XP_023928027.1	58331
XP_023928028.1	1344087821	XP_023928028.1	58331
XP_023928029.1	1344087823	XP_023928029.1	58331
XP_023928030.1	1344087825	XP_023928030.1	58331
XP_023928031.1	1344087827	XP_023928031.1	58331
XP_023928460.1	1344088633	XP_023874816.1	58331
XP_023928676.1	1344089043	XP_023928676.1	58331
XP_023928678.1	1344089047	XP_023928678.1	58331
XP_023928679.1	1344089049	XP_023928679.1	58331
XP_024024624.1	1350269566	XP_024024624.1	981085
XP_024042093.1	1350279676	XP_024042093.1	85681
XP_024047834.1	1350232991	XP_024047834.1	85681
XP_024047885.1	1350233805	XP_006447926.1	85681
XP_024080453.1	1351621081	XP_024080453.1	79782
XP_024080454.1	1351621083	XP_024080454.1	79782
XP_024162030.1	1366019071	XP_024162030.1	74649
XP_024162032.1	1366019075	XP_024162032.1	74649
XP_024164984.1	1366025051	XP_024164984.1	74649
XP_024165573.1	1366026233	XP_024165573.1	74649
XP_024167972.1	1366031281	XP_024167972.1	74649
XP_024167973.1	1366031283	XP_024167972.1	74649
XP_024167974.1	1366031285	XP_024167972.1	74649
XP_024170884.1	1366040285	XP_024170884.1	74649
XP_024180908.1	1365963049	XP_024180908.1	74649
XP_024185209.1	1365972065	XP_024185209.1	74649
XP_024639733.1	1379638514	XP_024639733.1	3880
XP_024927149.1	1389571045	XP_024927149.1	326968
XP_024928139.1	1389650070	XP_024928139.1	326968
XP_024928690.1	1389654273	XP_024928690.1	326968
XP_024950405.1	1389560948	XP_024950405.1	2711
XP_024954039.1	1389625713	XP_024954039.1	2711
XP_024974936.1	1389820019	XP_024974936.1	59895
XP_024995293.1	1389794137	XP_024995293.1	59895
XP_025153550.1	1409281977	XP_025153550.1	610380
XP_025153551.1	1409281981	XP_025153550.1	610380
XP_025153552.1	1409281983	XP_025153550.1	610380
XP_025153553.1	1409281985	XP_025153550.1	610380
XP_025159917.1	1409302448	XP_025159917.1	610380
XP_025195511.1	1411001405	XP_025195511.1	742174
XP_025262695.1	1418060131	XP_025262695.1	104421
XP_025262696.1	1418060133	XP_025262695.1	104421
XP_025262697.1	1418060135	XP_025262697.1	104421
XP_025262698.1	1418060139	XP_025262698.1	104421
XP_025262700.1	1418060141	XP_025262698.1	104421
XP_025268059.1	1418078592	XP_025268059.1	104421
XP_025268060.1	1418078596	XP_025268060.1	104421
XP_025406842.1	1418890426	XP_025406842.1	143950
XP_025406844.1	1418890430	XP_025406842.1	143950
XP_025639322.1	1431698109	XP_016190763.1	3818
XP_025644073.1	1431707347	XP_025644073.1	3818
XP_025657147.1	1431737149	XP_025657147.1	3818
XP_025684051.1	1432050981	XP_016181542.1	3818
XP_025699360.1	1431605556	XP_015965216.1	3818
XP_025700157.1	1431607193	XP_025700157.1	3818
XP_025702295.1	1431611681	XP_025702295.1	3818
XP_025812433.1	1435152161	XP_025812433.1	206008
XP_025987486.1	1465606626	XP_025987486.1	13686
XP_026383203.1	1484782006	XP_026383203.1	3469
XP_026391205.1	1484799566	XP_026391205.1	3469
XP_026405591.1	1484830572	XP_026405591.1	3469
XP_026426248.1	1484720968	XP_026426248.1	3469
XP_026437779.1	1484679053	XP_026437779.1	3469
XP_026437921.1	1484679348	XP_026437921.1	3469
XP_026437965.1	1484679440	XP_026437965.1	3469
XP_026439347.1	1484703164	XP_026439347.1	3469
XP_026444496.1	1484672470	XP_026444496.1	3469
XP_026445841.1	1484675728	XP_026445841.1	3469
XP_026447931.1	1484732439	XP_026447931.1	3469
XP_026453123.1	1484743978	XP_026453123.1	3469
XP_026461576.1	1484465631	XP_026461576.1	7515
XP_026807342.1	1503145754	XP_026807342.1	43146
XP_026807343.1	1503145757	XP_026807342.1	43146
XP_027062276.1	1527497290	XP_027062276.1	13443
XP_027062298.1	1527497294	XP_027062298.1	13443
XP_027070783.1	1527492113	XP_027070783.1	13443
XP_027073073.1	1527492156	XP_027073073.1	13443
XP_027075215.1	1527499381	XP_027075215.1	13443
XP_027075368.1	1527499409	XP_027075368.1	13443
XP_027075384.1	1527499411	XP_027075384.1	13443
XP_027075396.1	1527499413	XP_027075396.1	13443
XP_027084360.1	1527609429	XP_027084360.1	13443
XP_027092093.1	1527503332	XP_027092093.1	13443
XP_027092104.1	1527503334	XP_027092104.1	13443
XP_027092961.1	1527503513	XP_027092961.1	13443
XP_027096503.1	1527482843	XP_027096503.1	13443
XP_027102964.1	1527491405	XP_027102964.1	13443
XP_027106246.1	1527513116	XP_027106246.1	13443
XP_027112839.1	1527525970	XP_027106246.1	13443
XP_027112844.1	1527525978	XP_027106246.1	13443
XP_027114269.1	1527494959	XP_027114269.1	13443
XP_027117894.1	1527535915	XP_027117894.1	13443
XP_027117916.1	1527535956	XP_027117916.1	13443
XP_027119985.1	1527540041	XP_027119985.1	13443
XP_027119989.1	1527540049	XP_027119989.1	13443
XP_027120017.1	1527540105	XP_027120017.1	13443
XP_027120709.1	1527541454	XP_027120709.1	13443
XP_027149640.1	1531805106	XP_027149640.1	49369
XP_027151609.1	1531813004	XP_027151609.1	49369
XP_027152096.1	1531805668	XP_027152096.1	49369
XP_027157830.1	1531799521	XP_027157830.1	49369
XP_027161530.1	1531827447	XP_027161530.1	49369
XP_027164521.1	1531835929	XP_027164521.1	49369
XP_027164527.1	1531800869	XP_027164527.1	49369
XP_027164591.1	1531836060	XP_027164591.1	49369
XP_027165566.1	1531801046	XP_027165566.1	49369
XP_027166555.1	1531839722	XP_027166555.1	49369
XP_027166828.1	1531840224	XP_027166828.1	49369
XP_027177411.1	1531802830	XP_027177411.1	49369
XP_027179893.1	1531803397	XP_027179893.1	49369
XP_027181057.1	1531803649	XP_027181057.1	49369
XP_027185109.1	1531804583	XP_027092961.1	49369
XP_027185842.1	1531804721	XP_027185842.1	49369
XP_027346147.1	1540504024	XP_027346147.1	3816
XP_027358506.1	1540528178	XP_027358506.1	3816
XP_027358838.1	1540528792	XP_027358838.1	3816
XP_027361051.1	1540533055	XP_027361051.1	3816
XP_027361052.1	1540533057	XP_027361052.1	3816
XP_027773855.1	1562569371	XP_027773855.1	28526
XP_027838483.1	1567597950	XP_027838483.1	80765
XP_027848321.1	1567616263	XP_027848321.1	80765
XP_027848323.1	1567616265	XP_027848323.1	80765
XP_027848325.1	1567616269	XP_027848325.1	80765
XP_027916505.1	1570337972	XP_027916505.1	3917
XP_027930621.1	1570365487	XP_027930621.1	3917
XP_027930622.1	1570365489	XP_027930621.1	3917
XP_027930997.1	1570366201	XP_027930997.1	3917
XP_027932227.1	1570368791	XP_027932227.1	3917
XP_028052507.1	1585711730	XP_028052507.1	4442
XP_028062375.1	1585732709	XP_028062375.1	4442
XP_028062380.1	1585732719	XP_028062380.1	4442
XP_028075475.1	1585760127	XP_028075475.1	4442
XP_028082421.1	1585775350	XP_028082421.1	4442
XP_028082424.1	1585775356	XP_028082424.1	4442
XP_028095131.1	1585801951	XP_028095131.1	4442
XP_028096648.1	1585805070	XP_028096648.1	4442
XP_028104387.1	1585821165	XP_028104387.1	4442
XP_028107320.1	1585665953	XP_028107320.1	4442
XP_028109021.1	1585669533	XP_028109021.1	4442
XP_028109387.1	1585648310	XP_028109387.1	4442
XP_028120332.1	1585692998	XP_028120332.1	4442
XP_028123407.1	1585699598	XP_028123407.1	4442
XP_028125239.1	1585703518	XP_028125239.1	4442
XP_028128371.1	1586290327	XP_028128371.1	50390
XP_028128380.1	1586290329	XP_028128380.1	50390
XP_028202722.1	1590604346	XP_028202722.1	3848
XP_028207222.1	1590613098	XP_003548080.2	3848
XP_028216222.1	1590630499	XP_006603934.1	3848
XP_028219327.1	1590636462	XP_003554403.1	3848
XP_028225908.1	1590514241	XP_028225908.1	3848
XP_028243672.1	1590548740	XP_003531287.1	3848
XP_028754374.1	1624082509	XP_028754374.1	207710
XP_028756563.1	1624086632	XP_028756563.1	207710
XP_028761960.1	1624096737	XP_028761960.1	207710
XP_028788046.1	1624037072	XP_028788046.1	207710
XP_028789961.1	1624040744	XP_028789961.1	207710
XP_028794864.1	1624049976	XP_028794864.1	207710
XP_028800808.1	1624061315	XP_028800808.1	207710
XP_028949563.1	1632247518	XP_028949563.1	3750
XP_028949564.1	1632247520	XP_028949563.1	3750
XP_028963994.1	1632170387	XP_028963994.1	3750
XP_028965527.1	1632220195	XP_028965527.1	3750
XP_029128496.1	1663046172	XP_029128496.1	3821
XP_029165274.1	1663727746	XP_029165274.1	613905
XP_029673779.1	1697953060	XP_029673779.1	72781
XP_029720168.1	1702737318	XP_029720168.1	7160
XP_029720170.1	1702737320	XP_029720168.1	7160
XP_029720175.1	1702737333	XP_029720175.1	7160
XP_030444126.1	1730049774	XP_030444126.1	219896
XP_030445202.1	1730051789	XP_030445202.1	219896
XP_030445204.1	1730051791	XP_030445204.1	219896
XP_030449082.1	1729936618	XP_030449082.1	219896
XP_030457300.1	1729956934	XP_030457300.1	219896
XP_030459067.1	1729963987	XP_030459067.1	219896
XP_030459246.1	1729964496	XP_030459246.1	219896
XP_030463107.1	1729927550	XP_030463107.1	219896
XP_030472353.1	1730028690	XP_030472353.1	219896
XP_030472383.1	1730028750	XP_030472383.1	219896
XP_030487340.1	1731673894	XP_030487340.1	3483
XP_030512800.1	1732710011	XP_030512800.1	178133
XP_030533105.1	1732668327	XP_030533105.1	178133
XP_030536448.1	1732674553	XP_030536448.1	178133
XP_030757424.1	1746731285	XP_030757424.1	7048
XP_030935201.1	1757621192	XP_030935201.1	97700
XP_030935439.1	1757621670	XP_030935439.1	97700
XP_030935440.1	1757621672	XP_030935440.1	97700
XP_030937227.1	1757511263	XP_030937227.1	97700
XP_030937585.1	1757512533	XP_030937585.1	97700
XP_030937899.1	1757513392	XP_030937899.1	97700
XP_030938155.1	1757513956	XP_030938155.1	97700
XP_030938156.1	1757513958	XP_030938156.1	97700
XP_030938171.1	1757513991	XP_030938171.1	97700
XP_030938182.1	1757514012	XP_030938182.1	97700
XP_030938183.1	1757514014	XP_030938183.1	97700
XP_030938356.1	1757514384	XP_030938356.1	97700
XP_030938357.1	1757514386	XP_030938357.1	97700
XP_030938358.1	1757514388	XP_030938358.1	97700
XP_030940344.1	1757520214	XP_030940344.1	97700
XP_030940560.1	1757520889	XP_030940560.1	97700
XP_030940649.1	1757521200	XP_030940649.1	97700
XP_030940756.1	1757521521	XP_030940756.1	97700
XP_030940777.1	1757521588	XP_030940777.1	97700
XP_030940915.1	1757522015	XP_030940915.1	97700
XP_030940959.1	1757522145	XP_030940959.1	97700
XP_030942266.1	1757525933	XP_030942266.1	97700
XP_030942522.1	1757526451	XP_030942522.1	97700
XP_030942523.1	1757526453	XP_030942522.1	97700
XP_030944496.1	1757531238	XP_030944496.1	97700
XP_030944596.1	1757531537	XP_030944596.1	97700
XP_030944597.1	1757531539	XP_030944596.1	97700
XP_030944598.1	1757531542	XP_030944596.1	97700
XP_030944670.1	1757531745	XP_030944670.1	97700
XP_030944671.1	1757531748	XP_030944671.1	97700
XP_030944697.1	1757531821	XP_030944697.1	97700
XP_030944809.1	1757532082	XP_030944809.1	97700
XP_030951261.1	1757545982	XP_030951261.1	97700
XP_030951262.1	1757545985	XP_030951262.1	97700
XP_030951265.1	1757545991	XP_030951265.1	97700
XP_030952260.1	1757547884	XP_030952260.1	97700
XP_030956604.1	1757556404	XP_030956604.1	97700
XP_030957600.1	1757558406	XP_030957600.1	97700
XP_030959256.1	1757561470	XP_030959256.1	97700
XP_030961608.1	1757566108	XP_030961608.1	97700
XP_031119331.1	1766830670	XP_031119331.1	35885
XP_031119332.1	1766830672	XP_031119332.1	35885
XP_031119333.1	1766830674	XP_031119333.1	35885
XP_031119335.1	1766830676	XP_031119333.1	35885
XP_031121568.1	1766834794	XP_031121568.1	35885
XP_031123811.1	1766839119	XP_031123811.1	35885
XP_031253635.1	1768551896	XP_031253635.1	55513
XP_031259065.1	1768562326	XP_031259065.1	55513
XP_031264643.1	1768493140	XP_031264643.1	55513
XP_031265854.1	1768483082	XP_031265854.1	55513
XP_031268546.1	1768500710	XP_031268546.1	55513
XP_031268548.1	1768500714	XP_031268548.1	55513
XP_031269471.1	1768502490	XP_031269471.1	55513
XP_031283094.1	1768529020	XP_031283094.1	55513
XP_031285322.1	1768533342	XP_031285322.1	55513
XP_031285323.1	1768533344	XP_031285322.1	55513
XP_031285382.1	1768533456	XP_031285382.1	55513
XP_031285543.1	1768533772	XP_031285543.1	55513
XP_031286207.1	1768535069	XP_031264643.1	55513
XP_031341425.1	1770344155	XP_031341425.1	7054
XP_031341426.1	1770344157	XP_031341426.1	7054
XP_031341430.1	1770344163	XP_031341430.1	7054
XP_031374946.1	1773000915	XP_031374946.1	22663
XP_031378865.1	1773006986	XP_031378865.1	22663
XP_031379955.1	1773009215	XP_031379955.1	22663
XP_031383070.1	1773015622	XP_031383070.1	22663
XP_031383071.1	1773015624	XP_031383071.1	22663
XP_031383819.1	1773017123	XP_031383819.1	22663
XP_031403407.1	1773060874	XP_031403407.1	22663
XP_031407818.1	1773069804	XP_031407818.1	22663
XP_031491535.1	1776157194	XP_031491535.1	210225
XP_031491536.1	1776157198	XP_031491535.1	210225
XP_971626.2	189236219	XP_971626.2	7070
2PQ6_A	152149367	2PQ6_A	3880
5U6M_A	1189450509	At_74F2_S1	3702
5U6M_B	1189450510	At_74F2_S1	3702
5U6N_A	1189450511	5U6N_A	3702
5U6N_B	1189450512	5U6N_A	3702
5U6S_A	1189450513	At_74F2_S1	3702
5U6S_B	1189450514	At_74F2_S1	3702
5V2J_A	1189450612	5U6N_A	3702
5V2J_B	1189450613	5U6N_A	3702
5V2K_A	1189450614	5V2K_A	3702
5V2K_B	1189450615	5V2K_A	3702
