RWR74013.1	RWR74013.1
RWR74013.1	RWR74030.1
KAE8694071.1	KAE8694071.1
KYP71899.1	KYP71899.1
KYP71899.1	GAV56904.1
KYP71899.1	RYR75033.1
KYP71899.1	RYR02635.1
KYP71899.1	RYR75034.1
KYP71899.1	XP_020570922.1
KYP71899.1	XP_008351657.2
KYP71899.1	KDO47374.1
KYP71899.1	XP_026378532.1
KYP71899.1	XP_028054580.1
KYP71899.1	AEC11050.1
KYP71899.1	AYE56829.1
XP_006858836.2	XP_006858836.2
XP_006858836.2	KAA8527887.1
XP_006858836.2	OEL17476.1
XP_006858836.2	PWA36889.1
XP_006858836.2	TXG64268.1
XP_006858836.2	KAA8545846.1
XP_006858836.2	RHN69187.1
XP_006858836.2	XP_021984660.1
XP_006858836.2	OEL28772.1
XP_006858836.2	RDX96332.1
XP_006858836.2	KNA09171.1
XP_006858836.2	KAD4584751.1
XP_006858836.2	KAA8549334.1
XP_006858836.2	XP_017233399.1
XP_006858836.2	RZC89580.1
XP_006858836.2	CBI29442.3
XP_006858836.2	GAY32458.1
XP_006858836.2	GAY32463.1
XP_006858836.2	OAY72350.1
XP_006858836.2	OAY72603.1
XP_006858836.2	GER36420.1
XP_006858836.2	THG23125.1
XP_006858836.2	OEL21584.1
XP_006858836.2	XP_017972637.1
XP_006858836.2	KAA3476227.1
XP_006858836.2	PPD98686.1
XP_006858836.2	AET01253.1
XP_006858836.2	GAY42757.1
XP_006858836.2	KAA8531811.1
XP_006858836.2	PPE02172.1
XP_006858836.2	KAB1200258.1
XP_006858836.2	RWR78434.1
XP_006858836.2	RYR16256.1
XP_006858836.2	KAA8533663.1
XP_006858836.2	KYP59905.1
XP_006858836.2	RWR93163.1
XP_006858836.2	OTG09656.1
XP_006858836.2	QCD79139.1
KAA8539974.1	KAA8539974.1
XP_002518722.3	XP_002518722.3
XP_002518722.3	GAY54938.1
XP_002518722.3	GAY52281.1
XP_002518722.3	BBN70121.1
XP_002518722.3	RZC89576.1
XP_002518722.3	GER34354.1
XP_002518722.3	RHN38758.1
XP_002518722.3	RHN38762.1
XP_002518722.3	CAN80193.1
EOX91168.1	EOX91168.1
EOX91168.1	XP_007047011.2
EOX91168.1	XP_021275065.1
EOX91168.1	TYH94932.1
EOX91168.1	XP_003611938.2
EOX91168.1	XP_013453520.1
EOX91168.1	AES94896.1
EOX91168.1	Lj_72AG1_S73
EOX91168.1	PNX83548.1
EOX91168.1	PNX74097.1
EOX91168.1	XP_028799000.1
EOX91168.1	XP_028804021.1
EOX91168.1	GAV61951.1
EOX91168.1	XP_031250314.1
EOX91168.1	GAV92510.1
EOX91168.1	KDO79472.1
EOX91168.1	XP_006425732.1
EOX91168.1	EOX91167.1
EOX91168.1	XP_007047010.2
EOX91168.1	XP_021275067.1
EOX91168.1	XP_023927766.1
EOX91168.1	XP_030973799.1
EOX91168.1	XP_030973811.1
EOX91168.1	XP_002310203.2
EOX91168.1	PNT26817.1
EOX91168.1	ADL67595.1
EOX91168.1	KAB5547683.1
EOX91168.1	XP_011025719.1
EOX91168.1	RVW23065.1
EOX91168.1	CBI17565.3
EOX91168.1	XP_002273356.1
EOX91168.1	XP_031250459.1
EOX91168.1	XP_013596481.1
EOX91168.1	XP_013741251.1
EOX91168.1	VDC82677.1
EOX91168.1	XP_009136554.1
EOX91168.1	XP_013721823.1
EOX91168.1	XP_018468978.1
EOX91168.1	KFK24026.1
EOX91168.1	XP_006404007.1
EOX91168.1	KFK34320.1
EOX91168.1	XP_010507375.1
EOX91168.1	RID72433.1
EOX91168.1	NP_566938.1
EOX91168.1	XP_010431232.1
EOX91168.1	XP_002877765.1
EOX91168.1	OAP04815.1
EOX91168.1	VDD39545.1
EOX91168.1	XP_013721829.1
EOX91168.1	XP_013594127.1
EOX91168.1	XP_006404008.1
EOX91168.1	XP_006293138.1
EOX91168.1	VDC82678.1
EOX91168.1	KFK28349.1
EOX91168.1	XP_018470156.1
EOX91168.1	XP_006280388.1
EOX91168.1	VVB18311.1
EOX91168.1	At_72E2_S4
EOX91168.1	XP_010465056.1
EOX91168.1	XP_013737028.1
EOX91168.1	XP_013691099.1
EOX91168.1	OAO95244.1
EOX91168.1	XP_010446296.2
EOX91168.1	XP_006393862.1
EOX91168.1	RID72434.1
EOX91168.1	RQL88191.1
EOX91168.1	XP_002866746.1
EOX91168.1	XP_019095809.1
EOX91168.1	XP_009136555.1
EOX91168.1	XP_013614875.1
EOX91168.1	At_72E1_S39
EOX91168.1	XP_020217726.1
EOX91168.1	XP_021888888.1
EOX91168.1	TXG59586.1
EOX91168.1	XP_028188555.1
EOX91168.1	XP_003538841.1
EOX91168.1	XP_028242459.1
EOX91168.1	XP_006573595.1
EOX91168.1	TYH29087.1
EOX91168.1	KAB2094687.1
EOX91168.1	XP_017623879.1
EOX91168.1	XP_012469458.1
EOX91168.1	XP_016692353.1
EOX91168.1	TYJ47345.1
EOX91168.1	PPS04881.1
EOX91168.1	KJB17816.1
EOX91168.1	TYI88921.1
EOX91168.1	XP_027933033.1
EOX91168.1	XP_027913334.1
EOX91168.1	QCD90996.1
EOX91168.1	XP_014519607.1
EOX91168.1	BAU00124.1
EOX91168.1	XP_017426929.1
EOX91168.1	QCD78318.1
EOX91168.1	XP_007156903.1
EOX91168.1	AMQ26120.1
EOX91168.1	XP_027362674.1
EOX91168.1	XP_019423461.1
EOX91168.1	VDC75794.1
EOX91168.1	RQM02229.1
EOX91168.1	XP_013587102.1
EOX91168.1	XP_009149425.1
EOX91168.1	RID79379.1
EOX91168.1	XP_013672122.1
EOX91168.1	TKY70479.1
EOX91168.1	AZQ26912.1
EOX91168.1	OEL17382.1
EOX91168.1	EAY75001.1
EOX91168.1	Os_72J1_S88
EOX91168.1	KAB8082283.1
EOX91168.1	XP_006646112.1
EOX91168.1	XP_025799731.1
EOX91168.1	PUZ70374.1
EOX91168.1	KAE8767962.1
EOX91168.1	BAJ85873.1
EOX91168.1	KAE8767970.1
EOX91168.1	BAJ96725.1
EOX91168.1	EAY75000.1
EOX91168.1	EAY74998.1
EOX91168.1	XP_015629899.1
EOX91168.1	EEC79277.1
EOX91168.1	XP_010030882.1
EOX91168.1	XP_030469121.1
EOX91168.1	XP_010029834.1
EOX91168.1	XP_030513369.1
EOX91168.1	XP_030469127.1
EOX91168.1	XP_031398098.1
EOX91168.1	PKI40203.1
EOX91168.1	KCW44779.1
EOX91168.1	XP_010040925.1
EOX91168.1	XP_031400267.1
EOX91168.1	XP_031401902.1
EOX91168.1	PKI66176.1
EOX91168.1	XP_013646744.1
EOX91168.1	XP_009103497.1
EOX91168.1	VDC98294.1
EOX91168.1	XP_010445627.2
EOX91168.1	CDY30762.1
EOX91168.1	CDY72102.1
EOX91168.1	AFJ52922.1
EOX91168.1	AFJ52921.1
EOX91168.1	TXG59587.1
EOX91168.1	TXG59588.1
EOX91168.1	XP_030462691.1
EOX91168.1	XP_030529522.1
EOX91168.1	XP_030514542.1
EOX91168.1	XP_010026163.1
EOX91168.1	XP_010040922.1
EOX91168.1	XP_010070033.1
EOX91168.1	XP_030462594.1
EOX91168.1	XP_030529623.1
EOX91168.1	XP_010040924.1
EOX91168.1	XP_010026164.1
EOX91168.1	KCW58591.1
EOX91168.1	OMO84288.1
EOX91168.1	TXG59585.1
EOX91168.1	XP_031250448.1
EOX91168.1	XP_004301885.1
EOX91168.1	XP_004301887.1
EOX91168.1	XP_004301886.2
EOX91168.1	XP_028775640.1
EOX91168.1	XP_031482697.1
EOX91168.1	XP_031472571.1
EOX91168.1	XP_018826383.1
EOX91168.1	XP_016731436.1
EOX91168.1	KJB48447.1
EOX91168.1	KAE8695913.1
EOX91168.1	KAE8701239.1
EOX91168.1	TYI49999.1
EOX91168.1	KAB1998161.1
EOX91168.1	TYH37927.1
EOX91168.1	TYG40199.1
EOX91168.1	XP_012436931.1
EOX91168.1	XP_012079547.1
EOX91168.1	XP_010667692.1
EOX91168.1	XP_021717927.1
EOX91168.1	XP_021853201.1
EOX91168.1	KNA12499.1
EOX91168.1	XP_028802615.1
EOX91168.1	XP_028753506.1
EOX91168.1	XP_028802614.1
EOX91168.1	XP_028753508.1
EOX91168.1	XP_028802617.1
EOX91168.1	XP_021888881.1
EOX91168.1	XP_018471400.1
EOX91168.1	XP_013592490.1
EOX91168.1	RQL79331.1
EOX91168.1	VDC73700.1
EOX91168.1	XP_013665367.1
EOX91168.1	XP_010451029.1
EOX91168.1	XP_009142135.1
EOX91168.1	XP_006282774.1
EOX91168.1	KFK30296.1
EOX91168.1	XP_006411963.1
EOX91168.1	XP_019086373.1
EOX91168.1	XP_010444943.1
EOX91168.1	At_72C1_S41
EOX91168.1	NP_195395.4
EOX91168.1	OAO96651.1
EOX91168.1	XP_002866993.1
EOX91168.1	PKI78561.1
EOX91168.1	XP_031385506.1
EOX91168.1	OWM66358.1
EOX91168.1	XP_002310204.3
EOX91168.1	XP_021687535.1
EOX91168.1	XP_024461436.1
EOX91168.1	XP_021632249.1
EOX91168.1	ADL67596.1
EOX91168.1	KAB5547681.1
EOX91168.1	XP_011025720.1
EOX91168.1	ADL67597.1
EOX91168.1	XP_016731420.1
EOX91168.1	XP_012436930.1
EOX91168.1	KAE8685994.1
EOX91168.1	XP_022773980.1
EOX91168.1	TYG89092.1
EOX91168.1	TYG40197.1
EOX91168.1	TYH37925.1
EOX91168.1	TYI49998.1
EOX91168.1	PPS12196.1
EOX91168.1	TYJ04077.1
EOX91168.1	XP_017971763.1
EOX91168.1	EOX91166.1
EOX91168.1	XP_016705725.1
EOX91168.1	TYH94930.1
EOX91168.1	KAB1200261.1
EOX91168.1	KAB1214607.1
EOX91168.1	XP_018826382.1
EOX91168.1	CDM84026.1
EOX91168.1	XP_003571661.1
EOX91168.1	XP_025809955.1
EOX91168.1	PUZ74862.1
EOX91168.1	PWZ26667.1
EOX91168.1	XP_020407265.1
EOX91168.1	XP_021314361.1
EOX91168.1	XP_020182253.1
EOX91168.1	KAE8778640.1
EOX91168.1	VAH25569.1
EOX91168.1	VAH41353.1
EOX91168.1	XP_003571159.1
EOX91168.1	XP_021314552.1
EOX91168.1	XP_025809966.1
EOX91168.1	BAS77848.1
EOX91168.1	KAB8086632.1
EOX91168.1	XP_015624368.1
EOX91168.1	EAZ22385.1
EOX91168.1	RLM78740.1
EOX91168.1	PUZ74860.1
EOX91168.1	TKW37036.1
EOX91168.1	XP_004951336.1
EOX91168.1	EEC72810.1
EOX91168.1	Os_72H3_S87
EOX91168.1	EEC72809.1
EOX91168.1	ACG30396.1
EOX91168.1	NP_001148283.2
EOX91168.1	PWZ26461.1
EOX91168.1	RWR96520.1
EOX91168.1	PWA67060.1
EOX91168.1	XP_022005427.1
EOX91168.1	XP_021973676.1
EOX91168.1	XP_021973677.1
EOX91168.1	KMZ60216.1
EOX91168.1	KMZ56482.1
EOX91168.1	KMZ60218.1
EOX91168.1	XP_015688532.1
EOX91168.1	Zm_56026_S100
EOX91168.1	XP_003571160.1
EOX91168.1	BAJ93179.1
EOX91168.1	XP_020151630.1
EOX91168.1	KAE8807738.1
EOX91168.1	VAH52282.1
EOX91168.1	VAH36991.1
EOX91168.1	KAE8817474.1
EOX91168.1	CBI75538.1
EOX91168.1	RLN09683.1
EOX91168.1	PUZ74863.1
EOX91168.1	XP_025797192.1
EOX91168.1	RLN09385.1
EOX91168.1	RLM80140.1
EOX91168.1	RLM80840.1
EOX91168.1	XP_002451052.1
EOX91168.1	XP_002449789.1
EOX91168.1	VAH55626.1
EOX91168.1	RLM69097.1
EOX91168.1	XP_025828666.1
EOX91168.1	XP_004979487.1
EOX91168.1	XP_025828073.1
EOX91168.1	TKW01216.1
EOX91168.1	VAH43106.1
EOX91168.1	XP_020196329.1
EOX91168.1	VAH27290.1
EOX91168.1	VAH43105.1
EOX91168.1	VAH27329.1
EOX91168.1	KAE8817495.1
EOX91168.1	BAJ97865.1
EOX91168.1	XP_025878635.1
EOX91168.1	XP_006648495.1
EOX91168.1	XP_010232034.1
EOX91168.1	EAY85163.1
EOX91168.1	BAD28882.1
EOX91168.1	XP_015624646.1
EOX91168.1	BAF08321.1
EOX91168.1	EEC72808.1
EOX91168.1	VAI01884.1
EOX91168.1	XP_020151761.1
EOX91168.1	VAI01882.1
EOX91168.1	RCV04689.1
EOX91168.1	TKW37034.1
EOX91168.1	VAI53636.1
EOX91168.1	VAI53635.1
EOX91168.1	XP_020155470.1
EOX91168.1	VAI42144.1
EOX91168.1	VAI53633.1
EOX91168.1	BAJ91831.1
EOX91168.1	KAE8807317.1
EOX91168.1	KMZ76046.1
EOX91168.1	TXG71034.1
EOX91168.1	TXG71033.1
EOX91168.1	XP_010228991.1
EOX91168.1	OAY83401.1
EOX91168.1	PWZ16094.1
EOX91168.1	XP_008649435.1
EOX91168.1	Os_72F1_S86
EOX91168.1	EEC78723.1
EOX91168.1	XP_002440798.1
EOX91168.1	TVU16959.1
EOX91168.1	XP_031474233.1
EOX91168.1	XP_004960627.1
EOX91168.1	RLN29507.1
EOX91168.1	TKW24878.1
EOX91168.1	XP_028116769.1
EOX91168.1	XP_015968391.1
EOX91168.1	XP_025603418.1
EOX91168.1	XP_016205282.1
EOX91168.1	RYR02634.1
EOX91168.1	RYR52768.1
EOX91168.1	XP_009785688.1
EOX91168.1	XP_009628747.1
EOX91168.1	Nt_UGT1_S2
EOX91168.1	XP_009788732.1
EOX91168.1	XP_019257343.1
EOX91168.1	XP_016489675.1
EOX91168.1	XP_019230479.1
EOX91168.1	Sl_GT5_S92
EOX91168.1	XP_019239435.1
EOX91168.1	TMW84173.1
EOX91168.1	XP_015062343.1
EOX91168.1	XP_028085525.1
EOX91168.1	XP_023746395.1
EOX91168.1	AQQ16625.1
EOX91168.1	AFX67020.1
EOX91168.1	XP_030540984.1
EOX91168.1	KCW78150.1
EOX91168.1	XP_015167719.1
EOX91168.1	PON82465.1
EOX91168.1	XP_010053797.1
EOX91168.1	XP_010053798.1
EOX91168.1	PON45254.1
EOX91168.1	XP_010053796.1
EOX91168.1	XP_030540911.1
EOX91168.1	XP_016538197.1
EOX91168.1	XP_004133821.1
EOX91168.1	XP_008437921.1
EOX91168.1	XP_022979638.1
EOX91168.1	XP_031262984.1
EOX91168.1	PSS24207.1
EOX91168.1	XP_023529187.1
EOX91168.1	XP_022924811.1
EOX91168.1	NP_001351694.1
EOX91168.1	TMW85405.1
EOX91168.1	XP_006366559.1
EOX91168.1	AGU14071.1
EOX91168.1	RQO88325.1
EOX91168.1	XP_015896245.2
EOX91168.1	XP_002303638.2
EOX91168.1	KAB5564590.1
EOX91168.1	XP_011022526.1
EOX91168.1	PIN26543.1
EOX91168.1	PON70228.1
EOX91168.1	OMO79697.1
EOX91168.1	XP_010556588.1
EOX91168.1	BBG97629.1
EOX91168.1	XP_008233421.1
EOX91168.1	PQQ12479.1
EOX91168.1	XP_021808075.1
EOX91168.1	XP_007219620.1
EOX91168.1	XP_031270892.1
EOX91168.1	RAL54197.1
EOX91168.1	XP_026387555.1
EOX91168.1	XP_018827906.1
EOX91168.1	TXG63001.1
EOX91168.1	XP_028794762.1
EOX91168.1	QDM38907.1
EOX91168.1	XP_016548096.1
EOX91168.1	XP_008233208.1
EOX91168.1	XP_011037856.1
EOX91168.1	XP_020413344.1
EOX91168.1	XP_021808014.1
EOX91168.1	VVA23740.1
EOX91168.1	XP_008350138.1
EOX91168.1	XP_004306692.1
EOX91168.1	KAB2595824.1
EOX91168.1	XP_009350467.1
EOX91168.1	TQE13474.1
EOX91168.1	PQQ12478.1
EOX91168.1	XP_009377277.2
EOX91168.1	XP_024176309.1
EOX91168.1	XP_004308317.1
EOX91168.1	XP_031263012.1
EOX91168.1	TXG63000.1
EOX91168.1	TVU16961.1
EOX91168.1	PIN13879.1
EOX91168.1	PIN13880.1
EOX91168.1	XP_006491242.1
EOX91168.1	GAY51363.1
EOX91168.1	XP_006444878.1
EOX91168.1	XP_016738143.1
EOX91168.1	PSS26289.1
EOX91168.1	XP_016735486.1
EOX91168.1	TYH95767.1
EOX91168.1	TYI50811.1
EOX91168.1	XP_012437747.1
EOX91168.1	TYG89788.1
EOX91168.1	KAB2052407.1
EOX91168.1	XP_028054563.1
EOX91168.1	OMO79698.1
EOX91168.1	XP_028059417.1
EOX91168.1	XP_028063333.1
EOX91168.1	XP_023770174.1
EOX91168.1	EPS59751.1
EOX91168.1	TYJ04825.1
EOX91168.1	XP_006480475.3
EOX91168.1	GAY55503.1
EOX91168.1	XP_006428663.1
EOX91168.1	KDO53104.1
EOX91168.1	KDO53101.1
EOX91168.1	XP_006428661.1
EOX91168.1	XP_006480472.1
EOX91168.1	GAY66988.1
EOX91168.1	ACG27777.1
EOX91168.1	NP_001147512.2
EOX91168.1	XP_021818669.1
EOX91168.1	XP_016651183.1
EOX91168.1	XP_007208773.1
EOX91168.1	PQM42556.1
EOX91168.1	PQM42558.1
EOX91168.1	XP_004300860.1
EOX91168.1	XP_025814035.1
EOX91168.1	RLM93102.1
EOX91168.1	PUZ55763.1
EOX91168.1	XP_009352454.1
EOX91168.1	KAB2632893.1
EOX91168.1	XP_008392434.2
EOX91168.1	XP_028959530.1
EOX91168.1	XP_009352389.1
EOX91168.1	KAB2632894.1
EOX91168.1	PQM36760.1
EOX91168.1	XP_016651448.1
EOX91168.1	BBH03455.1
EOX91168.1	XP_007221237.1
EOX91168.1	XP_007210088.2
EOX91168.1	VVA41615.1
EOX91168.1	PQM42555.1
EOX91168.1	XP_023927676.1
EOX91168.1	BBH03453.1
EOX91168.1	TKW15446.1
EOX91168.1	XP_004969192.1
EOX91168.1	Zm_85854_S107
EOX91168.1	PWZ29387.1
EOX91168.1	TXG50643.1
EOX91168.1	TXG50642.1
EOX91168.1	EAY81508.1
EOX91168.1	XP_015617717.1
EOX91168.1	TKW01488.1
EOX91168.1	XP_012704051.1
EOX91168.1	PUZ45400.1
EOX91168.1	XP_025827999.1
EOX91168.1	RLM70119.1
EOX91168.1	XP_010232036.1
EOX91168.1	XP_004980356.4
EOX91168.1	XP_002438627.1
EOX91168.1	TKW01212.1
EOX91168.1	XP_004979486.1
EOX91168.1	XP_003577390.2
EOX91168.1	XP_006428662.1
EOX91168.1	OEL25784.1
EOX91168.1	AFJ52920.1
EOX91168.1	AFJ52918.1
EOX91168.1	RWR96519.1
EOX91168.1	VAH71311.1
EOX91168.1	XP_020153378.1
EOX91168.1	BAJ88919.1
EOX91168.1	XP_020192004.1
EOX91168.1	VAH56229.1
EOX91168.1	VAH71673.1
EOX91168.1	CDM80806.1
EOX91168.1	CDM80561.1
EOX91168.1	VAH71674.1
EOX91168.1	VAH56230.1
EOX91168.1	NP_001322549.1
EOX91168.1	OAP17404.1
EOX91168.1	At_72B3_S42
EOX91168.1	KFK30683.1
EOX91168.1	VVB06869.1
EOX91168.1	BAJ34074.1
EOX91168.1	ESQ37758.1
EOX91168.1	XP_006396305.2
EOX91168.1	XP_013619549.1
EOX91168.1	XP_018466826.1
EOX91168.1	XP_013718503.1
EOX91168.1	VDD23940.1
EOX91168.1	XP_009128501.1
EOX91168.1	BAD43267.1
EOX91168.1	EFH65628.1
EOX91168.1	RZS21721.1
EOX91168.1	RWV80402.1
EOX91168.1	XP_009390686.1
EOX91168.1	KNA18881.1
EOX91168.1	XP_010676324.1
EOX91168.1	XP_021846688.1
EOX91168.1	XP_006418419.1
EOX91168.1	XP_004133820.1
EOX91168.1	XP_008437917.1
EOX91168.1	XP_021818670.1
EOX91168.1	XP_002449704.1
EOX91168.1	PON42713.1
EOX91168.1	PON67268.1
EOX91168.1	PON42712.1
EOX91168.1	PON67267.1
EOX91168.1	XP_030510784.1
EOX91168.1	RID70902.1
EOX91168.1	XP_018473411.1
EOX91168.1	XP_013622316.1
EOX91168.1	XP_009134508.1
EOX91168.1	XP_013684345.1
EOX91168.1	VDC81140.1
EOX91168.1	XP_009404467.1
EOX91168.1	THU49932.1
EOX91168.1	RWW04150.1
EOX91168.1	XP_009421247.1
EOX91168.1	RWW35750.1
EOX91168.1	RZS11174.1
EOX91168.1	XP_010925766.1
EOX91168.1	XP_030502948.1
EOX91168.1	Zm_72068_S106
EOX91168.1	ACF83865.1
EOX91168.1	ACG27865.1
EOX91168.1	ACF84281.1
EOX91168.1	XP_021894852.1
EOX91168.1	OVA00841.1
EOX91168.1	PQM36756.1
EOX91168.1	OMP02956.1
EOX91168.1	OMO79739.1
EOX91168.1	XP_021282804.1
EOX91168.1	EOY24973.1
EOX91168.1	XP_023899281.1
EOX91168.1	XP_030951917.1
EOX91168.1	XP_022773430.1
EOX91168.1	XP_022773420.1
EOX91168.1	XP_020097900.1
EOX91168.1	THU53535.1
EOX91168.1	XP_015896385.1
EOX91168.1	XP_022733338.1
EOX91168.1	XP_023898879.1
EOX91168.1	XP_030962275.1
EOX91168.1	XP_030966638.1
EOX91168.1	VAH71365.1
EOX91168.1	XP_020186241.1
EOX91168.1	VAH71364.1
EOX91168.1	CDM80576.1
EOX91168.1	XP_020595201.1
EOX91168.1	XP_021757633.1
EOX91168.1	AGN33444.1
EOX91168.1	XP_023875154.1
EOX91168.1	XP_023876142.1
EOX91168.1	XP_030966515.1
EOX91168.1	XP_023923919.1
EOX91168.1	XP_030967178.1
EOX91168.1	XP_023914549.1
EOX91168.1	XP_023905565.1
EOX91168.1	XP_030967080.1
EOX91168.1	KAB1225261.1
EOX91168.1	PKA55942.1
EOX91168.1	PKA55940.1
EOX91168.1	KAE8056013.1
EOX91168.1	PIA49079.1
EOX91168.1	XP_021687733.1
EOX91168.1	XP_021618169.1
EOX91168.1	XP_030488881.1
EOX91168.1	XP_023876189.1
EOX91168.1	XP_030967543.1
EOX91168.1	XP_023927464.1
EOX91168.1	XP_023905554.1
EOX91168.1	PIA49078.1
EOX91168.1	XP_020588992.1
EOX91168.1	XP_030962213.1
EOX91168.1	XP_023923918.1
EOX91168.1	XP_010916760.1
EOX91168.1	XP_028098461.1
EOX91168.1	XP_028080981.1
EOX91168.1	XP_028116183.1
EOX91168.1	XP_028065575.1
EOX91168.1	XP_028109187.1
EOX91168.1	ALO19887.1
EOX91168.1	PKA55905.1
EOX91168.1	XP_002320189.1
EOX91168.1	XP_011037843.1
EOX91168.1	PWA87820.1
EOX91168.1	EYU18465.1
EOX91168.1	XP_012828429.1
EOX91168.1	XP_020584449.1
EOX91168.1	XP_020685543.1
EOX91168.1	RZC73287.1
EOX91168.1	XP_026409796.1
EOX91168.1	XP_021753830.1
EOX91168.1	PLY71386.1
EOX91168.1	KAB1225225.1
EOX91168.1	KAB1225223.1
EOX91168.1	XP_018852773.1
EOX91168.1	XP_010278886.1
EOX91168.1	BBB16127.1
EOX91168.1	BBB16128.1
EOX91168.1	XP_008376064.2
EOX91168.1	XP_018854234.1
EOX91168.1	XP_015889373.1
EOX91168.1	XP_022940881.1
EOX91168.1	XP_023539566.1
EOX91168.1	XP_022974942.1
EOX91168.1	XP_022974660.1
EOX91168.1	AEM43001.1
EOX91168.1	XP_022974940.1
EOX91168.1	XP_023538925.1
EOX91168.1	AEM43000.1
EOX91168.1	XP_022962318.1
EOX91168.1	XP_023540105.1
EOX91168.1	XP_030457300.1
EOX91168.1	XP_023540395.1
EOX91168.1	XP_022974925.1
EOX91168.1	XP_022947541.1
EOX91168.1	XP_022974623.1
EOX91168.1	XP_022974927.1
EOX91168.1	XP_030966425.1
EOX91168.1	XP_023902337.1
EOX91168.1	TKY61277.1
EOX91168.1	XP_010095793.1
EOX91168.1	XP_030488880.1
EOX91168.1	PON42236.1
EOX91168.1	XP_030488749.1
EOX91168.1	XP_010099247.1
EOX91168.1	PON97538.1
EOX91168.1	XP_011093530.1
EOX91168.1	VAH25543.1
EOX91168.1	VAH41312.1
EOX91168.1	XP_020157866.1
EOX91168.1	XP_020157863.1
EOX91168.1	BAF49302.1
EOX91168.1	XP_022974954.1
EOX91168.1	XP_010104975.1
EOX91168.1	XP_031374946.1
EOX91168.1	XP_012835650.1
EOX91168.1	RDX58704.1
EOX91168.1	XP_021748862.1
EOX91168.1	XP_027335907.1
EOX91168.1	XP_027335905.1
EOX91168.1	XP_027335906.1
EOX91168.1	XP_027337373.1
EOX91168.1	XP_021612048.1
EOX91168.1	Fe_72B19_S65
EOX91168.1	XP_022856674.1
EOX91168.1	AQD20582.1
EOX91168.1	ACD87062.1
EOX91168.1	AUI41117.1
EOX91168.1	AFJ52927.1
EOX91168.1	AFJ52928.1
EOX91168.1	BAF75896.1
EOX91168.1	KAE8676873.1
EOX91168.1	EXC24804.1
EOX91168.1	XP_022895845.1
EOX91168.1	BAI65909.1
EOX91168.1	KAD3069084.1
EOX91168.1	XP_022035740.1
EOX91168.1	XP_024986403.1
EOX91168.1	AFJ52916.1
EOX91168.1	AFJ52917.1
EOX91168.1	AIE12483.1
EOX91168.1	AIZ00426.1
EOX91168.1	XP_017215354.1
EOX91168.1	XP_017215417.1
EOX91168.1	XP_017216596.1
EOX91168.1	XP_017235599.1
EOX91168.1	KMZ67923.1
EOX91168.1	KAD4384764.1
EOX91168.1	EXB37611.1
EOX91168.1	XP_010661895.1
EOX91168.1	XP_021969657.1
EOX91168.1	RVX09918.1
EOX91168.1	XP_024992826.1
EOX91168.1	XP_022035741.1
EOX91168.1	ACB56923.1
EOX91168.1	XP_031111378.1
EOX91168.1	XP_008392435.2
EOX91168.1	KAB2608731.1
EOX91168.1	KAB2620791.1
EOX91168.1	KAB2608864.1
EOX91168.1	TQE01757.1
EOX91168.1	XP_004298887.1
EOX91168.1	XP_010534239.1
EOX91168.1	XP_010109870.1
EOX91168.1	QDM38905.1
EOX91168.1	BBN60796.1
EOX91168.1	XP_015947947.1
EOX91168.1	XP_025638642.1
EOX91168.1	XP_016181161.1
EOX91168.1	RYR75036.1
EOX91168.1	RYR75035.1
EOX91168.1	PNY00479.1
EOX91168.1	GAU13622.1
EOX91168.1	XP_027350575.1
EOX91168.1	TXG62573.1
EOX91168.1	XP_010089285.1
EOX91168.1	XP_003626556.1
EOX91168.1	ACJ85806.1
EOX91168.1	VDD23942.1
EOX91168.1	XP_018448007.1
EOX91168.1	XP_013718524.1
EOX91168.1	XP_013621576.1
EOX91168.1	XP_009128506.1
EOX91168.1	RID75502.1
EOX91168.1	NP_001302991.1
EOX91168.1	XP_006491243.1
EOX91168.1	XP_006444877.1
EOX91168.1	TEY60069.1
EOX91168.1	RQL82217.1
EOX91168.1	XP_018452323.1
EOX91168.1	RID43193.1
EOX91168.1	XP_009111416.1
EOX91168.1	VDD27695.1
EOX91168.1	XP_013613035.1
EOX91168.1	XP_013660542.1
EOX91168.1	XP_002872912.1
EOX91168.1	XP_010427832.1
EOX91168.1	OAP00532.1
EOX91168.1	XP_006290216.1
EOX91168.1	At_72B1_S3
EOX91168.1	AAB61023.1
EOX91168.1	XP_010456210.1
EOX91168.1	XP_024174915.1
EOX91168.1	PIA50732.1
EOX91168.1	XP_013444666.1
EOX91168.1	PNY17877.1
EOX91168.1	RHN39749.1
EOX91168.1	XP_013444665.1
EOX91168.1	PRQ17466.1
EOX91168.1	XP_024173660.1
EOX91168.1	XP_009616889.1
EOX91168.1	XP_019238796.1
EOX91168.1	XP_016514464.1
EOX91168.1	TKS14440.1
EOX91168.1	XP_002320190.1
EOX91168.1	XP_024171487.1
EOX91168.1	XP_031113669.1
EOX91168.1	XP_027183221.1
EOX91168.1	XP_027084191.1
EOX91168.1	CDP12136.1
EOX91168.1	XP_027080544.1
EOX91168.1	XP_012086751.1
EOX91168.1	XP_021653799.1
EOX91168.1	XP_022924263.1
EOX91168.1	XP_022979637.1
EOX91168.1	XP_023527086.1
EOX91168.1	XP_021688196.1
EOX91168.1	XP_021612299.1
EOX91168.1	KAB1219588.1
EOX91168.1	XP_021850962.1
EOX91168.1	KNA14838.1
EOX91168.1	BAF75897.1
EOX91168.1	KAB1215466.1
EOX91168.1	KAB1215467.1
EOX91168.1	XP_019191013.1
EOX91168.1	XP_022733923.1
EOX91168.1	XP_011023207.1
EOX91168.1	XP_026391414.1
EOX91168.1	RZC43921.1
EOX91168.1	XP_021760343.1
EOX91168.1	XP_031262995.1
EOX91168.1	XP_019100747.1
EOX91168.1	XP_024988961.1
EOX91168.1	XP_026444311.1
EOX91168.1	PIA49081.1
EOX91168.1	OVA00842.1
EOX91168.1	XP_022757519.1
EOX91168.1	KAE8709427.1
EOX91168.1	AKA44589.1
EOX91168.1	RWR93185.1
EOX91168.1	XP_027357905.1
EOX91168.1	XP_023905005.1
EOX91168.1	XP_030963914.1
EOX91168.1	XP_023876282.1
EOX91168.1	XP_020689365.2
EOX91168.1	PKU79922.1
EOX91168.1	XP_021748197.1
EOX91168.1	XP_021760344.1
EOX91168.1	PRQ58413.1
EOX91168.1	XP_024176111.1
EOX91168.1	EEF28476.1
EOX91168.1	XP_024935215.1
EOX91168.1	XP_024935212.1
EOX91168.1	XP_031131325.1
EOX91168.1	XP_019189284.1
EOX91168.1	KCW78154.1
EOX91168.1	EES01087.1
EOX91168.1	TVU35925.1
EOX91168.1	OEL21453.1
EOX91168.1	TVU35896.1
EOX91168.1	AVY91705.1
EOX91168.1	TVU35888.1
EOX91168.1	VAI55268.1
EOX91168.1	XP_020196280.1
EOX91168.1	VAI43680.1
EOX91168.1	BAJ90124.1
EOX91168.1	KAE8791251.1
EOX91168.1	XP_002462236.1
EOX91168.1	XP_021748457.1
EOX91168.1	XP_010673995.1
EOX91168.1	AFJ52926.1
EOX91168.1	TVU35891.1
EOX91168.1	XP_028083158.1
EOX91168.1	THG08086.1
EOX91168.1	XP_028117631.1
EOX91168.1	XP_028060824.1
EOX91168.1	PON70230.1
EOX91168.1	BAG71125.1
EOX91168.1	VVA89659.1
EOX91168.1	XP_013638593.1
EOX91168.1	XP_013666324.1
EOX91168.1	VDD16621.1
EOX91168.1	RID39975.1
EOX91168.1	XP_013693709.1
EOX91168.1	XP_009119690.1
EOX91168.1	XP_027942208.1
EOX91168.1	KFK42529.1
EOX91168.1	XP_014498589.1
EOX91168.1	XP_007137358.1
EOX91168.1	XP_017420568.1
EOX91168.1	OMO64333.1
EOX91168.1	XP_006847343.2
EOX91168.1	ERN08924.1
EOX91168.1	XP_006847344.1
EOX91168.1	XP_017437329.1
EOX91168.1	XP_014491619.1
EOX91168.1	XP_007147290.1
EOX91168.1	AGV54472.1
EOX91168.1	XP_020213858.1
EOX91168.1	QCD77545.1
EOX91168.1	XP_027932240.1
EOX91168.1	XP_003553781.1
EOX91168.1	NP_001235053.1
EOX91168.1	XP_002301402.2
EOX91168.1	TYJ26917.1
EOX91168.1	XP_012481207.1
EOX91168.1	XP_017614808.1
EOX91168.1	XP_016745577.1
EOX91168.1	TYH63046.1
EOX91168.1	TYG61637.1
EOX91168.1	EOX95757.1
EOX91168.1	XP_021280942.1
EOX91168.1	XP_007051600.2
EOX91168.1	PPS19806.1
EOX91168.1	Q9AR73.1
EOX91168.1	XP_017636519.1
EOX91168.1	KAA8520724.1
EOX91168.1	ABL85472.1
EOX91168.1	XP_012083243.1
EOX91168.1	XP_015887616.1
EOX91168.1	XP_015887659.1
EOX91168.1	XP_015887649.1
EOX91168.1	XP_015888996.1
EOX91168.1	XP_015887635.1
EOX91168.1	PON60902.1
EOX91168.1	PON60901.1
EOX91168.1	PON70231.1
EOX91168.1	XP_030489460.1
EOX91168.1	XP_004516402.1
EOX91168.1	XP_019455725.1
EOX91168.1	KMZ60217.1
EOX91168.1	Pt_UGT1_S1
EOX91168.1	BBB06426.1
EOX91168.1	XP_010266460.1
EOX91168.1	XP_026440946.1
EOX91168.1	XP_026425522.1
EOX91168.1	XP_026441342.1
EOX91168.1	XP_025698805.1
EOX91168.1	XP_016201824.1
EOX91168.1	XP_015964058.1
EOX91168.1	RYQ80310.1
EOX91168.1	XP_010669265.1
EOX91168.1	XP_012843823.1
EOX91168.1	RWW58395.1
EOX91168.1	XP_009385281.1
EOX91168.1	XP_009385373.1
EOX91168.1	THU73688.1
EOX91168.1	RRT69830.1
EOX91168.1	XP_025625669.1
EOX91168.1	XP_016186417.1
EOX91168.1	XP_015948064.1
EOX91168.1	RYR75032.1
EOX91168.1	XP_019191010.1
EOX91168.1	XP_022924261.1
EOX91168.1	XP_023527084.1
EOX91168.1	XP_022979636.1
EOX91168.1	XP_027108518.1
EOX91168.1	XP_027160895.1
EOX91168.1	XP_027115389.1
EOX91168.1	XP_010669272.1
EOX91168.1	XP_026427676.1
EOX91168.1	RZC91322.1
EOX91168.1	EYU23378.1
EOX91168.1	Lu_72M2_S80
EOX91168.1	OTG20252.1
EOX91168.1	XP_021972741.1
EOX91168.1	Fe_72AC1_S64
EOX91168.1	XP_020687996.1
EOX91168.1	XP_008776769.1
EOX91168.1	XP_010913987.1
EOX91168.1	XP_020105795.1
EOX91168.1	XP_020105796.1
EOX91168.1	XP_020105798.1
EOX91168.1	XP_020083844.1
EOX91168.1	XP_020105799.1
EOX91168.1	XP_020105800.1
EOX91168.1	XP_020105797.1
EOX91168.1	XP_020105801.1
EOX91168.1	XP_026427938.1
EOX91168.1	XP_026441302.1
EOX91168.1	XP_015962761.1
EOX91168.1	XP_016194287.1
EOX91168.1	XP_019459062.1
EOX91168.1	RVX04045.1
EOX91168.1	XP_019072060.1
EOX91168.1	RVW43180.1
EOX91168.1	XP_006468867.2
EOX91168.1	XP_006446970.2
EOX91168.1	ESR60210.1
EOX91168.1	XP_028106974.1
EOX91168.1	XP_026440398.1
EOX91168.1	XP_021630615.1
EOX91168.1	XP_023905553.1
EOX91168.1	XP_026437336.1
EOX91168.1	PSS11327.1
EOX91168.1	OVA01929.1
EOX91168.1	XP_026432439.1
EOX91168.1	XP_026377638.1
EOX91168.1	TXG62999.1
EOX91168.1	TXG62998.1
EOX91168.1	XP_010925982.2
EOX91168.1	XP_018853450.1
EOX91168.1	XP_018854221.1
EOX91168.1	TVU16960.1
EOX91168.1	THU54631.1
EOX91168.1	XP_009419775.1
EOX91168.1	KAD6453115.1
EOX91168.1	XP_024996321.1
EOX91168.1	KAD6453114.1
EOX91168.1	XP_023766485.1
EOX91168.1	XP_022002714.1
EOX91168.1	PWA80144.1
EOX91168.1	KAD6453113.1
EOX91168.1	XP_019440433.1
EOX91168.1	XP_019440430.1
EOX91168.1	PKU75271.1
EOX91168.1	XP_020701576.1
EOX91168.1	XP_020695418.1
EOX91168.1	XP_020597649.1
EOX91168.1	OTG12201.1
EOX91168.1	XP_008783313.1
EOX91168.1	XP_010916874.1
EOX91168.1	XP_008777481.1
EOX91168.1	XP_008777480.1
EOX91168.1	OTF87455.1
EOX91168.1	XP_022025130.1
EOX91168.1	XP_022025292.1
EOX91168.1	XP_022020628.1
EOX91168.1	XP_028090554.1
EOX91168.1	XP_028115147.1
EOX91168.1	XP_010327004.1
EOX91168.1	XP_004248451.1
EOX91168.1	XP_015089477.1
EOX91168.1	XP_021896984.1
EOX91168.1	XP_021896916.1
EOX91168.1	XP_021896917.1
EOX91168.1	XP_021896985.1
RZC84887.1	RZC84887.1
XP_023874385.1	XP_023874385.1
XP_026444310.1	XP_026444310.1
VAI43681.1	VAI43681.1
VAI43681.1	VAI55267.1
VAI43681.1	VAI43682.1
KAA8520934.1	KAA8520934.1
KMS95195.1	KMS95195.1
RWR83917.1	RWR83917.1
TQD75327.1	TQD75327.1
Vv_88A12_S95	Vv_88A12_S95
Vv_88A12_S95	XP_003634093.1
Vv_88A12_S95	RVX02036.1
Vv_88A12_S95	RVX01823.1
Vv_88A12_S95	XP_031393521.1
Vv_88A12_S95	OWM79598.1
Vv_88A12_S95	PKI63488.1
Vv_88A12_S95	XP_002276715.1
Vv_88A12_S95	RVW94580.1
Vv_88A12_S95	RVX02005.1
Vv_88A12_S95	XP_004969648.2
Vv_88A12_S95	VAH39848.1
Vv_88A12_S95	RCV26913.1
Vv_88A12_S95	TKW16229.1
Vv_88A12_S95	Os_88C1_S89
Vv_88A12_S95	XP_002458362.1
Vv_88A12_S95	NP_001335896.1
Vv_88A12_S95	AKP45162.1
Vv_88A12_S95	ACG28449.1
Vv_88A12_S95	ACG35528.1
Vv_88A12_S95	PUZ55211.1
Vv_88A12_S95	XP_025814034.1
Vv_88A12_S95	XP_003569623.1
Vv_88A12_S95	VAH27752.1
Vv_88A12_S95	XP_020146742.1
Vv_88A12_S95	XP_010916896.1
Vv_88A12_S95	XP_020191198.1
Vv_88A12_S95	BAK00839.1
Vv_88A12_S95	KAE8812321.1
Vv_88A12_S95	XP_020164396.1
Vv_88A12_S95	KAE8793614.1
Vv_88A12_S95	VAH71953.1
Vv_88A12_S95	EMS62298.1
Vv_88A12_S95	VAH71954.1
Vv_88A12_S95	VAH78654.1
Vv_88A12_S95	OEL15389.1
Vv_88A12_S95	PWZ33551.1
Vv_88A12_S95	UGT88C4_S124
Vv_88A12_S95	Zm_51683_S99
Vv_88A12_S95	XP_020181351.1
Vv_88A12_S95	CDM83825.1
Vv_88A12_S95	VAH24301.1
Vv_88A12_S95	XP_014751813.1
Vv_88A12_S95	KAB1204927.1
Vv_88A12_S95	BAK07330.1
Vv_88A12_S95	KAE8817493.1
Vv_88A12_S95	XP_020193441.1
Vv_88A12_S95	XP_020098472.1
Vv_88A12_S95	OAY77465.1
Vv_88A12_S95	VAI93174.1
Vv_88A12_S95	VAI93100.1
Vv_88A12_S95	XP_020151722.1
Vv_88A12_S95	VAI80982.1
Vv_88A12_S95	XP_020199515.1
Vv_88A12_S95	VAI93099.1
Vv_88A12_S95	VAI93166.1
Vv_88A12_S95	VAI93173.1
Vv_88A12_S95	VAI80983.1
Vv_88A12_S95	TKV96192.1
Vv_88A12_S95	XP_004984434.1
Vv_88A12_S95	Zm_43295_S98
Vv_88A12_S95	KAE8798717.1
Vv_88A12_S95	BAJ97132.1
Vv_88A12_S95	VAH21489.1
Vv_88A12_S95	XP_020186630.1
Vv_88A12_S95	XP_003567088.1
Vv_88A12_S95	XP_010232274.1
Vv_88A12_S95	XP_027110186.1
Vv_88A12_S95	XP_027110185.1
Vv_88A12_S95	XP_027163880.1
Vv_88A12_S95	XP_027103667.1
Vv_88A12_S95	XP_027103666.1
Vv_88A12_S95	XP_027110187.1
Vv_88A12_S95	XP_027159475.1
Vv_88A12_S95	XP_025796746.1
Vv_88A12_S95	PUZ41162.1
Vv_88A12_S95	RLN24833.1
Vv_88A12_S95	XP_025814170.1
Vv_88A12_S95	XP_004969868.1
Vv_88A12_S95	PUZ54899.1
Vv_88A12_S95	RLM94042.1
Vv_88A12_S95	XP_020105803.1
Vv_88A12_S95	VAH36645.1
Vv_88A12_S95	OEL28047.1
Vv_88A12_S95	XP_003569622.1
Vv_88A12_S95	XP_006644564.2
Vv_88A12_S95	TKW16629.1
Vv_88A12_S95	AZQ26915.1
Vv_88A12_S95	AZQ26914.1
Vv_88A12_S95	BAJ98817.1
Vv_88A12_S95	SPT15509.1
Vv_88A12_S95	XP_020148630.1
Vv_88A12_S95	XP_022737159.1
Vv_88A12_S95	XP_022737821.1
Vv_88A12_S95	XP_020154098.1
Vv_88A12_S95	KAE8798718.1
Vv_88A12_S95	OAY76889.1
Vv_88A12_S95	TKW16621.1
Vv_88A12_S95	XP_004969864.1
Vv_88A12_S95	PKA66630.1
Vv_88A12_S95	XP_020244370.1
Vv_88A12_S95	XP_006852521.1
Vv_88A12_S95	XP_024027551.1
Vv_88A12_S95	ABL85471.2
Vv_88A12_S95	KCW80554.1
Vv_88A12_S95	XP_018726341.1
Vv_88A12_S95	XP_010048298.1
Vv_88A12_S95	XP_010048301.1
Vv_88A12_S95	XP_010048299.1
Vv_88A12_S95	KCW80553.1
Vv_88A12_S95	RWW33496.1
Vv_88A12_S95	RRT84871.1
Vv_88A12_S95	RZS15748.1
Vv_88A12_S95	RWW85440.1
Vv_88A12_S95	RWW47033.1
Vv_88A12_S95	XP_009410868.1
Vv_88A12_S95	Zm_60993_S102
Vv_88A12_S95	XP_030533133.1
Vv_88A12_S95	XP_010060186.1
Vv_88A12_S95	XP_030449163.1
Vv_88A12_S95	XP_010060137.1
Vv_88A12_S95	XP_020080582.1
Vv_88A12_S95	OAY80539.1
Vv_88A12_S95	Lu_88G1_S82
Vv_88A12_S95	ADV71360.1
Vv_88A12_S95	KAB1204924.1
Vv_88A12_S95	XP_030475818.1
Vv_88A12_S95	XP_030550908.1
Vv_88A12_S95	XP_007153279.1
Vv_88A12_S95	XP_010060179.1
Vv_88A12_S95	XP_010060113.1
Vv_88A12_S95	XP_020595172.1
Vv_88A12_S95	BBC62110.1
Vv_88A12_S95	TEY84792.1
Vv_88A12_S95	VDD47833.1
Vv_88A12_S95	XP_010060091.2
Vv_88A12_S95	XP_030449127.1
Vv_88A12_S95	XP_010060102.1
Vv_88A12_S95	KCW90584.1
Vv_88A12_S95	XP_030533193.1
Vv_88A12_S95	XP_030533197.1
Vv_88A12_S95	XP_022890345.1
Vv_88A12_S95	XP_022890352.1
Vv_88A12_S95	XP_020589850.1
Vv_88A12_S95	XP_031269532.1
Vv_88A12_S95	XP_006374282.2
Vv_88A12_S95	XP_010105724.1
Vv_88A12_S95	XP_023740747.1
Vv_88A12_S95	XP_024989311.1
Vv_88A12_S95	XP_023740690.1
Vv_88A12_S95	XP_024981591.1
Vv_88A12_S95	PWA80794.1
Vv_88A12_S95	XP_022006713.1
Vv_88A12_S95	XP_022006714.1
Vv_88A12_S95	XP_023769289.1
Vv_88A12_S95	KAD7478150.1
Vv_88A12_S95	Sr_88B1_S94
Vv_88A12_S95	RVW12202.1
Vv_88A12_S95	BAG31945.1
Vv_88A12_S95	PIN21664.1
Vv_88A12_S95	NP_001306616.1
Vv_88A12_S95	BAH47552.1
Vv_88A12_S95	XP_021839736.1
Vv_88A12_S95	KNA17114.1
Vv_88A12_S95	XP_002268560.2
Vv_88A12_S95	XP_003634091.1
Vv_88A12_S95	RVW13438.1
Vv_88A12_S95	CBI22736.3
Vv_88A12_S95	ATY39978.1
Vv_88A12_S95	QDM38898.1
Vv_88A12_S95	XP_010671721.1
Vv_88A12_S95	KDO56858.1
Vv_88A12_S95	XP_006490599.1
Vv_88A12_S95	XP_006422086.1
Vv_88A12_S95	XP_010671586.1
Vv_88A12_S95	XP_021852290.1
Vv_88A12_S95	PIA35640.1
Vv_88A12_S95	GAV72731.1
Vv_88A12_S95	XP_018847318.1
Vv_88A12_S95	XP_010045221.1
Vv_88A12_S95	XP_031269513.1
Vv_88A12_S95	XP_012075472.1
Vv_88A12_S95	XP_015576377.1
Vv_88A12_S95	XP_010916885.1
Vv_88A12_S95	XP_010916861.2
Vv_88A12_S95	XP_024027547.1
Vv_88A12_S95	XP_006376609.1
Vv_88A12_S95	XP_002317730.2
Vv_88A12_S95	XP_011003675.1
Vv_88A12_S95	RVW94963.1
Vv_88A12_S95	XP_002272033.2
Vv_88A12_S95	RVW12207.1
Vv_88A12_S95	XP_002266349.1
Vv_88A12_S95	XP_003634599.1
Vv_88A12_S95	XP_010665386.1
Vv_88A12_S95	XP_002280543.1
Vv_88A12_S95	RVW94960.1
Vv_88A12_S95	XP_002272345.1
Vv_88A12_S95	XP_019071827.1
Vv_88A12_S95	RVW57998.1
Vv_88A12_S95	XP_010665387.1
Vv_88A12_S95	XP_010665380.1
Vv_88A12_S95	XP_002282935.2
Vv_88A12_S95	XP_003634598.1
Vv_88A12_S95	XP_003634592.1
Vv_88A12_S95	RVW18141.1
Vv_88A12_S95	RVW95043.1
Vv_88A12_S95	RVW95041.1
Vv_88A12_S95	XP_010665457.1
Vv_88A12_S95	XP_013749593.1
Vv_88A12_S95	XP_013749708.1
Vv_88A12_S95	XP_013586358.1
Vv_88A12_S95	XP_018491971.1
Vv_88A12_S95	RID63500.1
Vv_88A12_S95	XP_010487515.1
Vv_88A12_S95	XP_009146078.1
Vv_88A12_S95	CDY43105.1
Vv_88A12_S95	XP_018838591.1
Vv_88A12_S95	XP_018838592.1
Vv_88A12_S95	XP_010097013.1
Vv_88A12_S95	XP_010097012.1
Vv_88A12_S95	RWR93161.1
Vv_88A12_S95	Mt_88E1_S84
Vv_88A12_S95	XP_013451676.1
Vv_88A12_S95	PNX94393.1
Vv_88A12_S95	XP_015644111.1
Vv_88A12_S95	EAZ00831.1
Vv_88A12_S95	XP_009377582.1
Vv_88A12_S95	XP_014515686.1
Vv_88A12_S95	NP_001316766.1
Vv_88A12_S95	QCD94718.1
Vv_88A12_S95	XP_027924895.1
Vv_88A12_S95	XP_027924663.1
Vv_88A12_S95	QCD94717.1
Vv_88A12_S95	XP_014516340.1
Vv_88A12_S95	KOM55224.1
Vv_88A12_S95	XP_028207064.1
Vv_88A12_S95	NP_001304440.2
Vv_88A12_S95	NP_001353995.1
Vv_88A12_S95	XP_028207376.1
Vv_88A12_S95	XP_003533968.1
Vv_88A12_S95	BAO79435.1
Vv_88A12_S95	XP_017438561.1
Vv_88A12_S95	BAO79434.1
Vv_88A12_S95	A0A067YB04.1
Vv_88A12_S95	KRH08801.1
Vv_88A12_S95	XP_007152119.1
Vv_88A12_S95	XP_025979537.1
Vv_88A12_S95	XP_023875936.1
Vv_88A12_S95	XP_030935689.1
Vv_88A12_S95	Gm_88E3_S70
Vv_88A12_S95	CAK26792.1
Vv_88A12_S95	AMQ26113.1
Vv_88A12_S95	ACJ72159.1
Vv_88A12_S95	GAU29067.1
Vv_88A12_S95	XP_010915770.1
Vv_88A12_S95	XP_010487514.1
Vv_88A12_S95	XP_006406828.1
Vv_88A12_S95	XP_010465677.1
Vv_88A12_S95	XP_019092592.1
Vv_88A12_S95	XP_019092591.1
Vv_88A12_S95	XP_010504414.1
Vv_88A12_S95	XP_006299958.1
Vv_88A12_S95	At_88A1_S37
Vv_88A12_S95	XP_020889144.1
Vv_88A12_S95	KHN45543.1
Vv_88A12_S95	KFK38998.1
Vv_88A12_S95	XP_010548937.1
Vv_88A12_S95	KRH08802.1
Vv_88A12_S95	NP_001279020.1
Vv_88A12_S95	XP_031390684.1
Vv_88A12_S95	OWM79601.1
Vv_88A12_S95	XP_031390685.1
Vv_88A12_S95	XP_031390683.1
Vv_88A12_S95	XP_006422077.1
Vv_88A12_S95	XP_031393879.1
Vv_88A12_S95	OWM79597.1
Vv_88A12_S95	KAD6796465.1
Vv_88A12_S95	PWA82384.1
Vv_88A12_S95	TXG70924.1
Vv_88A12_S95	XP_006843338.2
Vv_88A12_S95	ERN05013.1
Vv_88A12_S95	Fe_88J1_S66
Vv_88A12_S95	XP_028109021.1
Vv_88A12_S95	XP_028109022.1
Vv_88A12_S95	KAB1204923.1
Vv_88A12_S95	XP_010051878.1
Vv_88A12_S95	XP_010051880.2
Vv_88A12_S95	XP_010051881.1
Vv_88A12_S95	KCW75717.1
Vv_88A12_S95	XP_010060171.1
Vv_88A12_S95	XP_030449081.1
Vv_88A12_S95	XP_030533105.1
Vv_88A12_S95	XP_030533196.1
Vv_88A12_S95	XP_010060148.1
Vv_88A12_S95	XP_030449082.1
Vv_88A12_S95	XP_031269447.1
Vv_88A12_S95	XP_022890344.1
Vv_88A12_S95	BAF75899.1
Vv_88A12_S95	RWR84683.1
Vv_88A12_S95	OVA14384.1
Vv_88A12_S95	XP_006827672.1
Vv_88A12_S95	TYH98140.1
Vv_88A12_S95	XP_012440077.1
Vv_88A12_S95	XP_016731504.1
Vv_88A12_S95	TYG42940.1
Vv_88A12_S95	XP_012440078.1
Vv_88A12_S95	TYH41183.1
Vv_88A12_S95	KAB2001150.1
Vv_88A12_S95	XP_017636617.1
Vv_88A12_S95	TYG91755.1
Vv_88A12_S95	KAB2054604.1
Vv_88A12_S95	TYJ07040.1
Vv_88A12_S95	XP_021909125.1
Vv_88A12_S95	PPD82970.1
Vv_88A12_S95	XP_017635391.1
Vv_88A12_S95	TYJ07041.1
Vv_88A12_S95	XP_016731496.1
Vv_88A12_S95	XP_012440079.1
Vv_88A12_S95	TYH98141.1
Vv_88A12_S95	TYG91756.1
Vv_88A12_S95	KAB2054605.1
Vv_88A12_S95	TYH41184.1
Vv_88A12_S95	XP_016733751.1
Vv_88A12_S95	EEF49033.1
Vv_88A12_S95	XP_025012119.1
Vv_88A12_S95	TwUGT1_S181
Vv_88A12_S95	KAB2596740.1
Vv_88A12_S95	KAB2598699.1
Vv_88A12_S95	TQD81600.1
Vv_88A12_S95	XP_009368718.2
Vv_88A12_S95	XP_008347243.1
Vv_88A12_S95	XP_018507171.1
Vv_88A12_S95	KAB2604488.1
Vv_88A12_S95	XP_024027546.1
Vv_88A12_S95	XP_024027539.1
Vv_88A12_S95	XP_008347244.1
Vv_88A12_S95	AII32292.1
Vv_88A12_S95	AII32291.1
Vv_88A12_S95	XP_030480084.1
Vv_88A12_S95	XP_030480083.1
Vv_88A12_S95	XP_031286082.1
Vv_88A12_S95	XP_031269477.1
Vv_88A12_S95	TQD75326.1
Vv_88A12_S95	XP_009377579.1
Vv_88A12_S95	TQD75325.1
Vv_88A12_S95	XP_031390191.1
Vv_88A12_S95	OWM79599.1
Vv_88A12_S95	XP_009395979.2
Vv_88A12_S95	THU72241.1
Vv_88A12_S95	RWW32761.1
Vv_88A12_S95	RWW47032.1
Vv_88A12_S95	XP_015878314.1
Vv_88A12_S95	AFJ53020.1
Vv_88A12_S95	XP_024027545.1
Vv_88A12_S95	XP_024027576.1
Vv_88A12_S95	VVA11197.1
Vv_88A12_S95	XP_021826890.1
Vv_88A12_S95	XP_008234818.1
Vv_88A12_S95	XP_007217946.1
Vv_88A12_S95	XP_021826878.1
Vv_88A12_S95	PQM38854.1
Vv_88A12_S95	AIL51399.1
Vv_88A12_S95	PSS04402.1
Vv_88A12_S95	XP_030933605.1
Vv_88A12_S95	XP_023875939.1
Vv_88A12_S95	XP_023875938.1
Vv_88A12_S95	XP_030935201.1
Vv_88A12_S95	XP_023877803.1
Vv_88A12_S95	XP_021671411.1
Vv_88A12_S95	XP_021592725.1
Vv_88A12_S95	XP_021671412.1
Vv_88A12_S95	XP_021671415.1
Vv_88A12_S95	KMZ66731.1
Vv_88A12_S95	KMZ68349.1
Vv_88A12_S95	RYR06561.1
Vv_88A12_S95	XP_029154443.1
Vv_88A12_S95	RYR56095.1
Vv_88A12_S95	XP_025656965.1
Vv_88A12_S95	RYR56094.1
Vv_88A12_S95	XP_016200520.1
Vv_88A12_S95	RYR56096.1
Vv_88A12_S95	XP_004515407.1
Vv_88A12_S95	KMZ75054.1
Vv_88A12_S95	XP_004499699.1
Vv_88A12_S95	XP_004499680.1
Vv_88A12_S95	XP_010244851.1
Vv_88A12_S95	XP_017257598.1
Vv_88A12_S95	XP_017257596.1
Vv_88A12_S95	KZM92357.1
Vv_88A12_S95	XP_017257597.1
Vv_88A12_S95	XP_010060213.2
Vv_88A12_S95	XP_030533027.1
Vv_88A12_S95	XP_010060195.1
Vv_88A12_S95	XP_030441183.1
Vv_88A12_S95	XP_028070375.1
Vv_88A12_S95	XP_020223366.1
Vv_88A12_S95	XP_002267573.1
Vv_88A12_S95	XP_031477302.1
Vv_88A12_S95	XP_031477035.1
Vv_88A12_S95	XP_031475706.1
Vv_88A12_S95	XP_031475548.1
Vv_88A12_S95	PKA62496.1
Vv_88A12_S95	XP_002271726.3
Vv_88A12_S95	OMP05792.1
Vv_88A12_S95	EOY23359.1
Vv_88A12_S95	XP_017972984.1
Vv_88A12_S95	OMO66939.1
Vv_88A12_S95	OMO69029.1
Vv_88A12_S95	PWA55712.1
Vv_88A12_S95	XP_022006711.1
Vv_88A12_S95	XP_008776267.1
Vv_88A12_S95	THU63538.1
Vv_88A12_S95	XP_009402907.2
Vv_88A12_S95	VAH63617.1
Vv_88A12_S95	EMS48262.1
Vv_88A12_S95	VAH63618.1
Vv_88A12_S95	BAK06294.1
Vv_88A12_S95	KYP69678.1
Vv_88A12_S95	XP_020212652.1
Vv_88A12_S95	XP_003533971.1
Vv_88A12_S95	XP_003548145.1
Vv_88A12_S95	XP_019081383.1
Vv_88A12_S95	RVW94547.1
Vv_88A12_S95	XP_018838593.1
Vv_88A12_S95	KAB1204925.1
Vv_88A12_S95	XP_010100778.1
Vv_88A12_S95	XP_008354288.2
Vv_88A12_S95	KAE8678277.1
Vv_88A12_S95	XP_018847316.1
Vv_88A12_S95	XP_022738090.1
Vv_88A12_S95	PRQ60227.1
Vv_88A12_S95	XP_024176267.1
Vv_88A12_S95	XP_016741000.1
Vv_88A12_S95	XP_012470524.1
Vv_88A12_S95	TYH79950.1
Vv_88A12_S95	XP_017617943.1
Vv_88A12_S95	XP_023895378.1
Vv_88A12_S95	XP_030934799.1
Vv_88A12_S95	XP_030936955.1
Vv_88A12_S95	XP_023890913.1
Vv_88A12_S95	XP_030934802.1
Vv_88A12_S95	TXG71036.1
Vv_88A12_S95	KAE8076771.1
Vv_88A12_S95	XP_030935521.1
Vv_88A12_S95	XP_030951561.1
Vv_88A12_S95	XP_023875925.1
Vv_88A12_S95	XP_030933133.1
Vv_88A12_S95	XP_030933199.1
Vv_88A12_S95	XP_023875937.1
Vv_88A12_S95	XP_019200220.1
Vv_88A12_S95	PON96954.1
Vv_88A12_S95	PON58227.1
Vv_88A12_S95	XP_024455100.1
Vv_88A12_S95	TKR99953.1
Vv_88A12_S95	XP_030500270.1
Vv_88A12_S95	BAJ11653.1
Vv_88A12_S95	BAJ11649.1
Vv_88A12_S95	XP_031504614.1
Vv_88A12_S95	TXG59813.1
Vv_88A12_S95	TXG71035.1
Vv_88A12_S95	BBA68562.1
Vv_88A12_S95	KAA8533662.1
Vv_88A12_S95	OVA18916.1
Vv_88A12_S95	XP_021688359.1
Vv_88A12_S95	XP_004308038.1
Vv_88A12_S95	XP_021688449.1
Vv_88A12_S95	XP_021625784.1
Vv_88A12_S95	AUI41126.1
Vv_88A12_S95	PSS33025.1
Vv_88A12_S95	KAB5516876.1
Vv_88A12_S95	XP_006384098.2
Vv_88A12_S95	XP_011046065.1
Vv_88A12_S95	XP_011046066.1
Vv_88A12_S95	PSS33026.1
Vv_88A12_S95	XP_026440775.1
Vv_88A12_S95	RZC91143.1
Vv_88A12_S95	XP_026425225.1
Vv_88A12_S95	XP_028054461.1
Vv_88A12_S95	XP_028785468.1
Vv_88A12_S95	XP_015878293.1
Vv_88A12_S95	XP_022734355.1
Vv_88A12_S95	XP_022888533.1
Vv_88A12_S95	XP_004308036.1
Vv_88A12_S95	Rc_GT1_S91
Vv_88A12_S95	XP_024178357.1
Vv_88A12_S95	BAE72451.1
Vv_88A12_S95	PWA66979.1
Vv_88A12_S95	XP_024979006.1
Vv_88A12_S95	RWR93164.1
Vv_88A12_S95	XP_021994994.1
Vv_88A12_S95	XP_021992404.1
Vv_88A12_S95	XP_024971708.1
Vv_88A12_S95	XP_024971324.1
Vv_88A12_S95	GAV76325.1
Vv_88A12_S95	ANW09830.1
Vv_88A12_S95	XP_023769449.1
Vv_88A12_S95	OTF98741.1
Vv_88A12_S95	XP_022005425.1
Vv_88A12_S95	ACB56925.1
Vv_88A12_S95	EPS73615.1
Vv_88A12_S95	BAG31949.1
Vv_88A12_S95	XP_012065721.1
Vv_88A12_S95	XP_019453274.1
Vv_88A12_S95	PON96950.1
Vv_88A12_S95	PON96955.1
Vv_88A12_S95	PON58226.1
Vv_88A12_S95	PON58228.1
Vv_88A12_S95	GAV72728.1
Vv_88A12_S95	XP_022005420.1
Vv_88A12_S95	XP_022890343.1
Vv_88A12_S95	Fi_88A10_S67
Vv_88A12_S95	XP_022890351.1
Vv_88A12_S95	KAD1027254.1
Vv_88A12_S95	KAD4585944.1
Vv_88A12_S95	PWA56117.1
Vv_88A12_S95	XP_022005426.1
Vv_88A12_S95	KAD4585950.1
Vv_88A12_S95	XP_023769451.1
Vv_88A12_S95	ACB56924.1
Vv_88A12_S95	KAD4585952.1
Vv_88A12_S95	XP_022005423.1
Vv_88A12_S95	XP_022005421.1
Vv_88A12_S95	XP_022005422.1
Vv_88A12_S95	XP_022005424.1
Vv_88A12_S95	KAD4585947.1
Vv_88A12_S95	XP_020548992.1
Vv_88A12_S95	XP_020548991.1
Vv_88A12_S95	XP_020677841.1
Vv_88A12_S95	XP_012852131.1
Vv_88A12_S95	PSS04403.1
Vv_88A12_S95	AGS12592.1
Vv_88A12_S95	XP_020548990.1
Vv_88A12_S95	PIM97598.1
Vv_88A12_S95	XP_020548989.1
Vv_88A12_S95	RVW94545.1
Vv_88A12_S95	RVX01900.1
Vv_88A12_S95	XP_002276981.1
Vv_88A12_S95	XP_018723537.1
Vv_88A12_S95	BAT92922.1
Vv_88A12_S95	XP_017423888.1
Vv_88A12_S95	KOM42965.1
Vv_88A12_S95	RDX70950.1
Vv_88A12_S95	Gj_88F6_S69
Vv_88A12_S95	XP_027092618.1
Vv_88A12_S95	XP_028126279.1
Vv_88A12_S95	XP_019440920.1
Vv_88A12_S95	TKY49881.1
Vv_88A12_S95	TEY62830.1
Vv_88A12_S95	TEY62829.1
Vv_88A12_S95	XP_002271558.1
Vv_88A12_S95	RVW95629.1
Vv_88A12_S95	CAN63439.1
Vv_88A12_S95	XP_021686175.1
Vv_88A12_S95	XP_021650427.1
Vv_88A12_S95	XP_012084626.1
Vv_88A12_S95	XP_012075473.1
Vv_88A12_S95	XP_021600313.1
Vv_88A12_S95	RWW22506.1
Vv_88A12_S95	RWW44508.1
Vv_88A12_S95	XP_015639821.1
Vv_88A12_S95	XP_015626261.1
Vv_88A12_S95	EAY75738.1
Vv_88A12_S95	BAB68088.1
Vv_88A12_S95	BAJ87788.1
Vv_88A12_S95	XP_002441419.2
Vv_88A12_S95	EES19849.1
Vv_88A12_S95	XP_006644668.1
Vv_88A12_S95	XP_006646296.1
Vv_88A12_S95	XP_020181306.1
Vv_88A12_S95	CDM84022.1
Vv_88A12_S95	VAH79419.1
Vv_88A12_S95	VAH63624.1
Vv_88A12_S95	EMS58610.1
Vv_88A12_S95	VAH63625.1
Vv_88A12_S95	KAE8797644.1
Vv_88A12_S95	XP_003569750.1
Vv_88A12_S95	XP_020179070.1
Vv_88A12_S95	BAJ89091.1
Vv_88A12_S95	BAJ97944.1
Vv_88A12_S95	EAY98767.1
Vv_88A12_S95	XP_015637646.1
Vv_88A12_S95	KAB8100282.1
Vv_88A12_S95	BAJ85760.1
Vv_88A12_S95	XP_020186629.1
Vv_88A12_S95	XP_020186628.1
Vv_88A12_S95	VAH09553.1
Vv_88A12_S95	XP_003568057.1
Vv_88A12_S95	XP_006654678.2
Vv_88A12_S95	TKW26250.1
Vv_88A12_S95	XP_004961426.1
Vv_88A12_S95	OEL37933.1
Vv_88A12_S95	RLN28752.1
Vv_88A12_S95	Zm_58314_S101
Vv_88A12_S95	NP_001149283.2
Vv_88A12_S95	XP_002440116.1
Vv_88A12_S95	TVU35188.1
Vv_88A12_S95	XP_006654679.1
Vv_88A12_S95	AXL95249.1
Vv_88A12_S95	XP_003567087.1
Vv_88A12_S95	XP_020099108.1
Vv_88A12_S95	VAH63628.1
Vv_88A12_S95	Zm_11344_S96
Vv_88A12_S95	XP_004969869.1
Vv_88A12_S95	EES01435.2
Vv_88A12_S95	XP_002456313.1
Vv_88A12_S95	PUZ54898.1
Vv_88A12_S95	OEL35176.1
Vv_88A12_S95	XP_025818663.1
Vv_88A12_S95	TVU34749.1
Vv_88A12_S95	XP_004969866.1
Vv_88A12_S95	RLN24822.1
Vv_88A12_S95	XP_002456311.2
Vv_88A12_S95	XP_004969867.2
Vv_88A12_S95	XP_002456310.1
Vv_88A12_S95	TKW16627.1
Vv_88A12_S95	RCV27240.1
Vv_88A12_S95	RLN24208.1
Vv_88A12_S95	NP_001142382.2
Vv_88A12_S95	ACF88367.1
Vv_88A12_S95	PWZ32989.1
Vv_88A12_S95	PUZ65088.1
Vv_88A12_S95	RLN21902.1
Vv_88A12_S95	XP_002456308.1
Vv_88A12_S95	KAE8797643.1
Vv_88A12_S95	BAJ89854.1
Vv_88A12_S95	VAH79418.1
Vv_88A12_S95	EMS48418.1
Vv_88A12_S95	VAH63626.1
Vv_88A12_S95	XP_006646297.1
Vv_88A12_S95	BAJ88230.1
Vv_88A12_S95	XP_015632478.1
Vv_88A12_S95	EAY75739.1
Vv_88A12_S95	XP_021312775.1
Vv_88A12_S95	NP_001148567.1
Vv_88A12_S95	EES01436.1
Vv_88A12_S95	XP_002456316.2
Vv_88A12_S95	RLN24684.1
Vv_88A12_S95	TKW16631.1
Vv_88A12_S95	RLM92083.1
Vv_88A12_S95	XP_004969870.1
Vv_88A12_S95	PUZ54897.1
Vv_88A12_S95	XP_025814400.1
Vv_88A12_S95	XP_003569748.1
Vv_88A12_S95	PUZ54870.1
Vv_88A12_S95	KAE8798714.1
Vv_88A12_S95	EAY75731.1
Vv_88A12_S95	EAZ13448.1
Vv_88A12_S95	XP_006644666.1
Vv_88A12_S95	XP_025876581.1
Vv_88A12_S95	VAI83669.1
Vv_88A12_S95	XP_003566011.1
Vv_88A12_S95	BAS74225.1
Vv_88A12_S95	XP_015632784.1
Vv_88A12_S95	EEC70872.1
Vv_88A12_S95	VAI76781.1
Vv_88A12_S95	VAI89201.1
Vv_88A12_S95	XP_006656061.1
Vv_88A12_S95	XP_013451675.1
Vv_88A12_S95	PNY00008.1
Vv_88A12_S95	XP_020204345.1
Vv_88A12_S95	XP_028181437.1
Vv_88A12_S95	XP_004516693.1
Vv_88A12_S95	XP_004515155.1
Vv_88A12_S95	XP_004516947.1
Vv_88A12_S95	XP_004516705.1
Vv_88A12_S95	AGU14141.1
Vv_88A12_S95	A0A067YBQ3.1
Vv_88A12_S95	XP_003533970.1
Vv_88A12_S95	TKY45295.1
Vv_88A12_S95	NP_001280039.1
Vv_88A12_S95	XP_027358968.1
Vv_88A12_S95	XP_027187092.1
Vv_88A12_S95	Am_88D3_S58
Vv_88A12_S95	Bm_88D9_S60
Vv_88A12_S95	Pf_88D7_S90
Vv_88A12_S95	KZV29556.1
Vv_88A12_S95	PIN10382.1
THG23402.1	THG23402.1
XP_021280374.1	XP_021280374.1
XP_021280374.1	EOY24974.1
KAA8532161.1	KAA8532161.1
KAA8532161.1	PNX75229.1
KAA8532161.1	RHN50153.1
GER45429.1	GER45429.1
TXG64266.1	TXG64266.1
PLY94511.1	PLY94511.1
QCE16900.1	QCE16900.1
OMO51300.1	OMO51300.1
KAA8546286.1	KAA8546286.1
RDX89904.1	RDX89904.1
TXG50328.1	TXG50328.1
PSS11326.1	PSS11326.1
PSS11326.1	GAV72135.1
PSS11326.1	GAV72129.1
PSS11326.1	XP_031259635.1
PSS11326.1	RZC91321.1
PSS11326.1	RWW05102.1
PSS11326.1	KDO53102.1
PSS11326.1	CDY48501.1
PSS11326.1	CDY67473.1
PSS11326.1	KAE8694634.1
PSS11326.1	XP_026395897.1
PSS11326.1	XP_016437689.1
PSS11326.1	XP_008781597.1
PSS11326.1	KMT20342.1
PSS11326.1	XP_030510789.1
PSS11326.1	XP_026440529.1
PSS11326.1	EXC24802.1
PSS11326.1	ADL67598.1
PSS11326.1	EEE62755.1
PSS11326.1	OQU77629.1
PSS11326.1	XP_022974643.1
PSS11326.1	XP_022950028.1
PSS11326.1	XP_009387161.1
PSS11326.1	XP_020675531.1
PSS11326.1	KAE8077781.1
PSS11326.1	OVA02986.1
PSS11326.1	XP_011469519.1
PSS11326.1	QDM38900.1
PSS11326.1	KDP43616.1
PSS11326.1	XP_012065641.1
PSS11326.1	XP_012065642.1
PSS11326.1	XP_006384103.1
PSS11326.1	XP_011035379.1
PSS11326.1	XP_024454940.1
PSS11326.1	XP_002305279.2
PSS11326.1	XP_011035381.1
PSS11326.1	XP_011035380.1
PSS11326.1	XP_011035382.1
PSS11326.1	TKR99955.1
PSS11326.1	XP_002305022.2
PSS11326.1	ACV87307.2
PSS11326.1	XP_002305021.2
PSS11326.1	TKR99956.1
PSS11326.1	XP_010911110.1
PSS11326.1	RYR56093.1
PSS11326.1	VVB06548.1
PSS11326.1	KCW90587.1
PSS11326.1	XP_006663026.1
PSS11326.1	PKA63597.1
PSS11326.1	XP_020675409.1
PSS11326.1	XP_020598869.1
PSS11326.1	XP_020688777.1
PSS11326.1	PKA58963.1
PSS11326.1	VAH70762.1
PSS11326.1	VAI01885.1
PSS11326.1	VAH52280.1
PSS11326.1	VAI93175.1
PSS11326.1	VAI93101.1
PSR86285.1	PSR86285.1
PSR86285.1	XP_004290110.1
PSR86285.1	KAE8650862.1
PSR86285.1	XP_022157627.1
PSR86285.1	XP_008460408.1
PSR86285.1	XP_011651671.1
PSR86285.1	XP_006439748.2
PSR86285.1	ESR52988.1
PSR86285.1	GAY38927.1
PSR86285.1	KDO69768.1
PSR86285.1	XP_006476729.1
PSR86285.1	RYR08444.1
PSR86285.1	XP_031277557.1
PSR86285.1	XP_008239719.1
PSR86285.1	RYR56698.1
PSR86285.1	KAE8124169.1
PSR86285.1	KAB1202463.1
PSR86285.1	XP_022735759.1
PSR86285.1	XP_002321569.1
PSR86285.1	XP_011028616.1
PSR86285.1	XP_007210590.1
PSR86285.1	PQQ02950.1
PSR86285.1	XP_021825943.1
PSR86285.1	VVA16955.1
PSR86285.1	XP_030940617.1
PSR86285.1	XP_024047834.1
PSR86285.1	KDO43524.1
PSR86285.1	XP_024950405.1
PSR86285.1	XP_006447933.1
PSR86285.1	KDO43523.1
PSR86285.1	XP_006469355.1
PSR86285.1	XP_021675760.1
PSR86285.1	XP_031265854.1
PSR86285.1	XP_021632536.1
PSR86285.1	XP_002320558.1
PSR86285.1	KAE8038035.1
PSR86285.1	XP_004289758.1
PSR86285.1	XP_024162030.1
PSR86285.1	XP_004289756.1
PSR86285.1	XP_004289755.1
PSR86285.1	XP_024167972.1
PSR86285.1	XP_030935439.1
PSR86285.1	XP_018823226.1
PSR86285.1	XP_018817933.1
PSR86285.1	XP_023924982.1
PSR86285.1	XP_030942266.1
PSR86285.1	XP_018823194.1
PSR86285.1	XP_002532451.1
PSR86285.1	XP_018837443.1
PSR86285.1	XP_030935440.1
PSR86285.1	XP_018823317.1
PSR86285.1	XP_018810592.1
PSR86285.1	XP_002269003.2
PSR86285.1	XP_022759824.1
PSR86285.1	KAA8543590.1
PSR86285.1	XP_003632443.1
PSR86285.1	RVW27204.1
PSR86285.1	XP_002273866.1
PSR86285.1	RVW73426.1
PSR86285.1	TQE12067.1
PSR86285.1	RXH87528.1
PSR86285.1	PRQ22266.1
PSR86285.1	XP_028965527.1
PSR86285.1	RXH87523.1
PSR86285.1	XP_009335348.1
PSR86285.1	TQE12065.1
PSR86285.1	XP_020409538.1
PSR86285.1	PQQ21989.1
PSR86285.1	XP_008236255.1
PSR86285.1	XP_008236257.1
PSR86285.1	XP_020425658.1
PSR86285.1	XP_020425657.1
PSR86285.1	XP_007199830.1
PSR86285.1	PQQ21990.1
PSR86285.1	XP_021823305.1
PSR86285.1	VVA15544.1
PSR86285.1	XP_008236256.1
PSR86285.1	XP_021842820.1
PSR86285.1	KNA08531.1
PSR86285.1	XP_010692817.1
PSR86285.1	XP_010695870.1
PSR86285.1	XP_021747943.1
PSR86285.1	KNA08530.1
PSR86285.1	XP_030493647.1
PSR86285.1	PIA62225.1
PSR86285.1	GAV90604.1
PSR86285.1	XP_010095579.2
PSR86285.1	EXB61152.1
PSR86285.1	KAA8550510.1
PSR86285.1	XP_010095580.1
PSR86285.1	XP_020409262.1
PSR86285.1	XP_007201692.1
PSR86285.1	XP_021834102.1
PSR86285.1	ONH92638.1
PSR86285.1	XP_007201501.2
PSR86285.1	VVA30581.1
PSR86285.1	XP_021815583.1
PSR86285.1	ONH92639.1
PSR86285.1	PQM42311.1
PSR86285.1	XP_021815585.1
PSR86285.1	XP_008235864.1
PSR86285.1	XP_024165573.1
PSR86285.1	XP_008235865.1
PSR86285.1	XP_021815584.1
PSR86285.1	PIA61854.1
PSR86285.1	PIA61856.1
PSR86285.1	PIA29593.1
PSR86285.1	XP_026447931.1
PSR86285.1	XP_026453123.1
PSR86285.1	OVA11044.1
PSR86285.1	TXG55660.1
PSR86285.1	GAY51608.1
PSR86285.1	XP_006469356.1
PSR86285.1	XP_006447240.1
PSR86285.1	KDO43525.1
PSR86285.1	AFJ52952.1
PSR86285.1	XP_012084448.1
PSR86285.1	XP_021631998.1
PSR86285.1	XP_004292062.1
PSR86285.1	XP_028784231.1
PSR86285.1	XP_028765439.1
PSR86285.1	XP_028784229.1
PSR86285.1	XP_028765432.1
PSR86285.1	KAE8038036.1
PSR86285.1	KAE8038033.1
PSR86285.1	XP_019178395.1
PSR86285.1	XP_010321783.1
PSR86285.1	XP_006344123.1
PSR86285.1	XP_027773855.1
PSR86285.1	KAD7478876.1
PSR86285.1	XP_023740338.1
PSR86285.1	XP_022011687.1
PSR86285.1	PWA40804.1
PSR86285.1	XP_024995293.1
PSR86285.1	PWA87511.1
PSR86285.1	XP_009115475.1
PSR86285.1	XP_013662853.1
PSR86285.1	ALR85712.1
PSR86285.1	XP_013585978.1
PSR86285.1	ADW54462.1
PSR86285.1	AAL09350.1
PSR86285.1	XP_022552060.1
PSR86285.1	AAZ15016.1
PSR86285.1	XP_018442109.1
PSR86285.1	RQL76244.1
PSR86285.1	VDC61962.1
PSR86285.1	KFK44473.1
PSR86285.1	XP_006416029.1
PSR86285.1	XP_010498931.1
PSR86285.1	XP_006307446.1
PSR86285.1	XP_010552632.1
PSR86285.1	XP_010477734.1
PSR86285.1	XP_010460183.1
PSR86285.1	XP_002893325.1
PSR86285.1	UGT74B1_S187
PSR86285.1	At_74B1_S25
PSR86285.1	XP_015967708.1
PSR86285.1	XP_025701619.1
PSR86285.1	XP_016203177.1
PSR86285.1	XP_031123811.1
PSR86285.1	XP_019157928.1
PSR86285.1	XP_019157929.1
PSR86285.1	RAL53238.1
PSR86285.1	XP_019157943.1
PSR86285.1	KZV36084.1
PSR86285.1	AFJ52950.1
PSR86285.1	XP_006469359.1
PSR86285.1	TXG55663.1
PSR86285.1	GAY51609.1
PSR86285.1	XP_006447932.1
PSR86285.1	XP_006447928.1
PSR86285.1	XP_006447926.1
PSR86285.1	XP_006447931.1
PSR86285.1	XP_006469357.1
PSR86285.1	XP_021834103.1
PSR86285.1	XP_007199115.1
PSR86285.1	XP_008235866.1
PSR86285.1	XP_031259065.1
PSR86285.1	XP_006447930.1
PSR86285.1	XP_017252716.1
PSR86285.1	XP_017251872.1
PSR86285.1	XP_003613351.1
PSR86285.1	AES96307.2
PSR86285.1	PNX95999.1
PSR86285.1	AFK36738.1
PSR86285.1	XP_024639733.1
PSR86285.1	XP_021635818.1
PSR86285.1	XP_002520220.1
PSR86285.1	XP_021612011.1
PSR86285.1	XP_012092034.1
PSR86285.1	XP_021629927.1
PSR86285.1	XP_021651369.1
PSR86285.1	XP_031479130.1
PSR86285.1	XP_010037079.1
PSR86285.1	XP_030521769.1
PSR86285.1	XP_030472383.1
PSR86285.1	KCW48703.1
PSR86285.1	XP_010037080.1
PSR86285.1	XP_030472382.1
PSR86285.1	XP_030521496.1
PSR86285.1	XP_010037078.1
PSR86285.1	XP_010037076.1
PSR86285.1	KCW48704.1
PSR86285.1	UGT74N1_S114
PSR86285.1	BAG80541.1
PSR86285.1	NP_001274852.1
PSR86285.1	XP_015083781.1
PSR86285.1	XP_016555422.1
PSR86285.1	XP_009590532.1
PSR86285.1	XP_019264513.1
PSR86285.1	XP_016444467.1
PSR86285.1	XP_006357048.1
PSR86285.1	XP_009776061.1
PSR86285.1	XP_016555414.1
PSR86285.1	TMW98877.1
PSR86285.1	XP_004244487.1
PSR86285.1	XP_019260770.1
PSR86285.1	TMW82181.1
PSR86285.1	XP_006357100.1
PSR86285.1	XP_006357098.1
PSR86285.1	XP_015085040.1
PSR86285.1	CAI62049.1
PSR86285.1	XP_015085041.1
PSR86285.1	XP_006357047.1
PSR86285.1	ACM09899.2
PSR86285.1	NP_001234680.2
PSR86285.1	XP_016570238.1
PSR86285.1	XP_009783229.1
PSR86285.1	NP_001312643.1
PSR86285.1	XP_009783231.1
PSR86285.1	XP_009783230.1
PSR86285.1	XP_019260769.1
PSR86285.1	XP_009625439.1
PSR86285.1	XP_009630994.1
PSR86285.1	XP_016481329.1
PSR86285.1	XP_016481331.1
PSR86285.1	XP_010242476.1
PSR86285.1	XP_010242477.1
PSR86285.1	AYR16607.1
PSR86285.1	XP_031120005.1
PSR86285.1	TQD76939.1
PSR86285.1	XP_028947888.1
PSR86285.1	RXH77592.1
PSR86285.1	XP_015884240.1
PSR86285.1	XP_028123315.1
PSR86285.1	XP_004299583.1
PSR86285.1	XP_015882647.1
PSR86285.1	XP_030521883.1
PSR86285.1	XP_030477577.1
PSR86285.1	XP_010039151.2
PSR86285.1	XP_021829522.1
PSR86285.1	VVA27071.1
PSR86285.1	XP_016650079.1
PSR86285.1	XP_007206411.2
PSR86285.1	XP_021829523.1
PSR86285.1	XP_008237299.1
PSR86285.1	PQQ08208.1
PSR86285.1	XP_007208502.2
PSR86285.1	XP_024162032.1
PSR86285.1	XP_031374949.1
PSR86285.1	PKI78055.1
PSR86285.1	XP_010091051.1
PSR86285.1	XP_016755745.1
PSR86285.1	TYH81231.1
PSR86285.1	XP_017638993.1
PSR86285.1	KAE8704333.1
PSR86285.1	XP_012471807.1
PSR86285.1	TYI34737.1
PSR86285.1	PPS06689.1
PSR86285.1	TYG77341.1
PSR86285.1	TYH23647.1
PSR86285.1	XP_007036115.2
PSR86285.1	XP_021292397.1
PSR86285.1	EOY20616.1
PSR86285.1	XP_021658997.1
PSR86285.1	XP_028781736.1
PSR86285.1	XP_028782404.1
PSR86285.1	BAG80546.1
PSR86285.1	XP_006355936.1
PSR86285.1	AYR16604.1
PSR86285.1	XP_009590752.1
PSR86285.1	XP_019228618.1
PSR86285.1	XP_016496305.1
PSR86285.1	XP_009797699.1
PSR86285.1	XP_016498804.1
PSR86285.1	XP_006355935.1
PSR86285.1	XP_028194348.1
PSR86285.1	XP_003519432.1
PSR86285.1	TMW97681.1
PSR86285.1	XP_015075206.1
PSR86285.1	XP_019176938.1
PSR86285.1	XP_019176940.1
PSR86285.1	XP_031119455.1
PSR86285.1	XP_019176941.1
PSR86285.1	XP_019176939.1
PSR86285.1	XP_031119332.1
PSR86285.1	XP_031119333.1
PSR86285.1	BAV35237.1
PSR86285.1	KAB1207809.1
PSR86285.1	XP_018824393.1
PSR86285.1	KAA8529523.1
PSR86285.1	XP_030959256.1
PSR86285.1	XP_023918472.1
PSR86285.1	XP_030961608.1
PSR86285.1	XP_023881569.1
PSR86285.1	XP_030957600.1
PSR86285.1	XP_023891627.1
PSR86285.1	XP_021908582.1
PSR86285.1	XP_027151609.1
PSR86285.1	XP_031285382.1
PSR86285.1	AYR16634.1
PSR86285.1	XP_027096503.1
PSR86285.1	XP_022735204.1
PSR86285.1	KAE8687998.1
PSR86285.1	TYG83488.1
PSR86285.1	XP_016708081.1
PSR86285.1	XP_017640867.1
PSR86285.1	XP_012467112.1
PSR86285.1	KAA3466132.1
PSR86285.1	KJB15210.1
PSR86285.1	XP_011086491.1
PSR86285.1	TEY37894.1
PSR86285.1	TYH31303.1
PSR86285.1	XP_031119331.1
PSR86285.1	XP_010242509.1
PSR86285.1	XP_021908832.1
PSR86285.1	ALO19895.1
PSR86285.1	BAT99588.1
PSR86285.1	OMO50756.1
PSR86285.1	XP_028125239.1
PSR86285.1	UGT74B6_S172
PSR86285.1	BAS68505.1
PSR86285.1	THG20485.1
PSR86285.1	XP_028104387.1
PSR86285.1	XP_003601707.1
PSR86285.1	RWR96744.1
PSR86285.1	TKY69807.1
PSR86285.1	XP_020218131.1
PSR86285.1	XP_027362052.1
PSR86285.1	XP_003517852.1
PSR86285.1	XP_015965216.1
PSR86285.1	XP_016202651.1
PSR86285.1	XP_028788046.1
PSR86285.1	XP_028754374.1
PSR86285.1	XP_019420353.1
PSR86285.1	RDX93090.1
PSR86285.1	XP_020217060.1
PSR86285.1	KYP66602.1
PSR86285.1	KAA8533094.1
PSR86285.1	XP_016748306.1
PSR86285.1	XP_028075444.1
PSR86285.1	KAA8533095.1
PSR86285.1	XP_027168512.1
PSR86285.1	XP_027125259.1
PSR86285.1	XP_019105240.1
PSR86285.1	XP_022878222.1
PSR86285.1	XP_012846570.1
PSR86285.1	ONI30582.1
PSR86285.1	XP_007224980.1
PSR86285.1	GAY36461.1
PSR86285.1	ESR51719.1
PSR86285.1	XP_024042093.1
PSR86285.1	XP_024956115.1
PSR86285.1	RVW47155.1
PSR86285.1	XP_002267665.2
PSR86285.1	XP_004298592.2
PSR86285.1	XP_017426297.1
PSR86285.1	XP_016685330.1
PSR86285.1	TYH73943.1
PSR86285.1	KAB2032019.1
PSR86285.1	RXH69811.1
PSR86285.1	XP_012440890.1
PSR86285.1	TYH19573.1
PSR86285.1	KHG30812.1
PSR86285.1	XP_015884241.1
PSR86285.1	TYJ36979.1
PSR86285.1	XP_028120332.1
PSR86285.1	XP_008245156.1
PSR86285.1	XP_024196295.1
PSR86285.1	XP_004297667.1
PSR86285.1	VVA26103.1
PSR86285.1	QCD90577.1
PSR86285.1	XP_007157504.1
PSR86285.1	XP_014492239.1
PSR86285.1	XP_008361795.2
PSR86285.1	TQD86097.1
PSR86285.1	XP_024193847.1
PSR86285.1	XP_027910988.1
PSR86285.1	PQQ03977.1
PSR86285.1	XP_030552066.1
PSR86285.1	PQQ09489.1
PSR86285.1	TXG56365.1
PSR86285.1	XP_030441664.1
PSR86285.1	XP_010043823.1
PSR86285.1	XP_021829868.1
PSR86285.1	KAE8691978.1
PSR86285.1	XP_021292985.1
PSR86285.1	KOM45569.1
PSR86285.1	EOY00346.1
PSR86285.1	XP_007044514.2
PSR86285.1	XP_022726547.1
PSR86285.1	XP_015884239.1
PSR86285.1	KJB61182.1
PSR86285.1	PPS17012.1
PSR86285.1	XP_017604035.1
PSR86285.1	PPD95192.1
PSR86285.1	KAE8726079.1
PSR86285.1	XP_031285322.1
PSR86285.1	TXG56366.1
PSR86285.1	CAN74227.1
PSR86285.1	TEY87048.1
PSR86285.1	XP_021615564.1
PSR86285.1	APR64082.1
PSR86285.1	OAY47730.1
PSR86285.1	XP_024171191.1
PSR86285.1	XP_030496141.1
PSR86285.1	RZC23148.1
PSR86285.1	PON98881.1
PSR86285.1	XP_008785471.1
PSR86285.1	XP_010923186.1
PSR86285.1	XP_008811497.1
PSR86285.1	PSR93158.1
PSR86285.1	XP_010674287.1
PSR86285.1	XP_031114998.1
PSR86285.1	XP_031115475.1
PSR86285.1	XP_031115383.1
PSR86285.1	XP_007009133.1
PSR86285.1	TEY35261.1
PSR86285.1	BBC62115.1
PSR86285.1	XP_019156849.1
PSR86285.1	XP_004302685.2
PSR86285.1	XP_016569001.1
PSR86285.1	XP_016569219.1
PSR86285.1	XP_010923184.1
PSR86285.1	XP_031488473.1
PSR86285.1	XP_017223320.1
PSR86285.1	XP_017223319.1
PSR86285.1	ARU08120.1
PSR86285.1	KAA8518969.1
PSR86285.1	XP_010548356.1
PSR86285.1	OWM79962.1
PSR86285.1	KAA8528293.1
PSR86285.1	XP_006433961.1
PSR86285.1	XP_019446273.1
PSR86285.1	XP_004299648.1
PSR86285.1	EOY15969.1
PSR86285.1	XP_017981739.1
PSR86285.1	XP_015060144.1
PSR86285.1	XP_004252533.1
PSR86285.1	XP_006433963.2
PSR86285.1	XP_015060143.1
PSR86285.1	XP_031114489.1
PSR86285.1	KAA8538100.1
PSR86285.1	XP_019174616.1
PSR86285.1	XP_022738554.1
PSR86285.1	KAA8538104.1
PSR86285.1	XP_022738441.1
PSR86285.1	KAA8538101.1
PSR86285.1	KAA8538103.1
PSR86285.1	XP_031392860.1
PSR86285.1	PKI54239.1
PSR86285.1	BAG80542.1
PSR86285.1	XP_031278236.1
PSR86285.1	XP_031390305.1
PSR86285.1	PKI54238.1
PSR86285.1	XP_031394208.1
PSR86285.1	XP_027338929.1
PSR86285.1	TXG52768.1
PSR86285.1	XP_016571537.1
PSR86285.1	XP_027095146.1
PSR86285.1	XP_028077501.1
PSR86285.1	XP_027092459.1
PSR86285.1	XP_027149284.1
PSR86285.1	XP_011092429.1
PSR86285.1	XP_022867884.1
PSR86285.1	XP_022038601.1
PSR86285.1	XP_023760887.1
PSR86285.1	XP_023760886.1
PSR86285.1	TXG52767.1
PSR86285.1	XP_015170249.1
PSR86285.1	XP_028061755.1
PSR86285.1	THG17842.1
PSR86285.1	XP_028061757.1
PSR86285.1	XP_028061756.1
PSR86285.1	XP_028061752.1
PSR86285.1	XP_028061750.1
PSR86285.1	XP_028078954.1
PSR86285.1	XP_006475483.1
PSR86285.1	XP_006451504.1
PSR86285.1	AUI41147.1
PSR86285.1	XP_020533656.1
PSR86285.1	XP_027094341.1
PSR86285.1	XP_027094580.1
PSR86285.1	XP_027147876.1
PSR86285.1	XP_027150614.1
PSR86285.1	CDP01079.1
PSR86285.1	XP_004237926.1
PSR86285.1	XP_015158860.1
PSR86285.1	XP_016571543.1
PSR86285.1	TMW84991.1
PSR86285.1	AUI41146.1
PSR86285.1	AUI41143.1
PSR86285.1	AUI41144.1
PSR86285.1	AUI41132.1
PSR86285.1	RVW31482.1
PSR86285.1	XP_002263989.1
PSR86285.1	VVA40472.1
PSR86285.1	XP_021811148.1
PSR86285.1	XP_007199429.1
PSR86285.1	XP_008237171.1
PSR86285.1	XP_008358180.2
PSR86285.1	TQE11468.1
PSR86285.1	PQQ11568.1
PSR86285.1	PSR99872.1
PSR86285.1	XP_027095056.1
PSR86285.1	XP_027094771.1
PSR86285.1	CDP01073.1
PSR86285.1	XP_027092489.1
PSR86285.1	XP_024170932.1
PSR86285.1	XP_024173657.1
PSR86285.1	XP_009402932.1
PSR86285.1	THU63536.1
PSR86285.1	RRT56934.1
PSR86285.1	XP_027939736.1
PSR86285.1	XP_010667699.1
PSR86285.1	XP_021757841.1
PSR86285.1	XP_021718499.1
PSR86285.1	KNA13960.1
PSR86285.1	KMS95196.1
PSR86285.1	XP_021861819.1
PSR86285.1	KAE8659278.1
PSR86285.1	XP_021284704.1
PSR86285.1	KAE8715411.1
PSR86285.1	KAE8666800.1
PSR86285.1	XP_012446985.1
PSR86285.1	TYH72335.1
PSR86285.1	XP_017627785.1
PSR86285.1	PPD81525.1
PSR86285.1	NP_001316756.1
PSR86285.1	XP_014492341.1
PSR86285.1	KOM48230.1
PSR86285.1	XP_024180924.1
PSR86285.1	XP_010558128.1
PSR86285.1	XP_018454972.1
PSR86285.1	At_72E3_S38
PSR86285.1	XP_013652796.1
PSR86285.1	VDD28736.1
PSR86285.1	XP_018437154.1
PSR86285.1	XP_013659235.1
PSR86285.1	VDC59020.1
PSR86285.1	XP_013609547.1
PSR86285.1	PQM38919.1
PSR86285.1	XP_021817335.1
PSR86285.1	BBE52863.1
PSR86285.1	ABV68925.1
PSR86285.1	VVA30855.1
PSR86285.1	PpUGT85A2_S174
PSR86285.1	XP_008219457.1
PSR86285.1	XP_024169625.1
PSR86285.1	XP_028771818.1
PSR86285.1	XP_013454066.1
PSR86285.1	XP_004299647.1
PSR86285.1	XP_024169343.1
PSR86285.1	PRQ21850.1
PSR86285.1	XP_010070034.1
PSR86285.1	XP_010030030.1
PSR86285.1	XP_030459058.1
PSR86285.1	PWA63865.1
PSR86285.1	PWA67347.1
PSR86285.1	PWA63864.1
PSR86285.1	XP_017969432.1
PSR86285.1	XP_022739571.1
PSR86285.1	XP_021274537.1
PSR86285.1	EOX91165.1
PSR86285.1	XP_031385836.1
PSR86285.1	KAD2804999.1
PSR86285.1	XP_023742554.1
PSR86285.1	KAD4584752.1
PSR86285.1	PWA58179.1
PSR86285.1	PWA55231.1
PSR86285.1	PWA58258.1
PSR86285.1	PWA47064.1
PSR86285.1	XP_024199767.1
PSR86285.1	XP_024180701.1
PSR86285.1	ACJ84649.1
PSR86285.1	AFK37311.1
PSR86285.1	XP_003615138.1
PSR86285.1	XP_008219318.1
PSR86285.1	XP_024980937.1
PSR86285.1	KVI07929.1
PSR86285.1	XP_007141201.1
PSR86285.1	XP_006853264.2
PSR86285.1	XP_013443149.1
PSR86285.1	KHN13067.1
PSR86285.1	XP_028202619.1
PSR86285.1	XP_003546715.1
PSR86285.1	XP_028095338.1
PSR86285.1	XP_007038859.2
PSR86285.1	EOY23360.1
PSR86285.1	XP_027106248.1
PSR86285.1	XP_027112842.1
PSR86285.1	CDO97432.1
PSR86285.1	XP_027158722.1
PSR86285.1	AXL95247.1
PSR86285.1	AEB61489.1
PSR86285.1	PIN10984.1
PSR86285.1	KAB5547682.1
PSR86285.1	XP_023896383.1
PSR86285.1	XP_030966105.1
PSR86285.1	XP_023891359.1
PSR86285.1	OWM87743.1
PSR86285.1	KAE8663774.1
PSR86285.1	KAE8707588.1
PSR86285.1	KAB2628935.1
PSR86285.1	XP_028962301.1
PSR86285.1	XP_016647409.1
PSR86285.1	XP_024169627.1
PSR86285.1	PQQ03750.1
PSR86285.1	XP_006433960.1
PSR86285.1	ESR47204.1
PSR86285.1	GAY69052.1
PSR86285.1	XP_024040592.1
PSR86285.1	XP_006472584.1
PSR86285.1	XP_006472583.1
PSR86285.1	XP_027181761.1
PSR86285.1	CDP01078.1
PSR86285.1	XP_027181762.1
PSR86285.1	XP_027095000.1
PSR86285.1	XP_027090972.1
PSR86285.1	XP_027150089.1
PSR86285.1	XP_022870692.1
PSR86285.1	XP_019174617.1
PSR86285.1	XP_031278251.1
PSR86285.1	KZV28903.1
PSR86285.1	XP_019152848.1
PSR86285.1	XP_019152849.1
PSR86285.1	RWR84081.1
PSR86285.1	XP_022861223.1
PSR86285.1	AUI41142.1
PSR86285.1	OAY74261.1
PSR86285.1	XP_020089931.1
PSR86285.1	XP_019225688.1
PSR86285.1	PHU20384.1
PSR86285.1	XP_027092319.1
PSR86285.1	XP_019225689.1
PSR86285.1	XP_009775754.1
PSR86285.1	NP_001312409.1
PSR86285.1	ADG65641.1
PSR86285.1	XP_016433084.1
PSR86285.1	UGT85A73_S186
PSR86285.1	XP_016564611.1
PSR86285.1	XP_009590778.1
PSR86285.1	XP_019232058.1
PSR86285.1	XP_020091104.1
PSR86285.1	OAY72348.1
PSR86285.1	XP_020091106.1
PSR86285.1	XP_031131757.1
PSR86285.1	XP_019174245.1
PSR86285.1	XP_019174244.1
PSR86285.1	XP_031095958.1
PSR86285.1	XP_023753551.1
PSR86285.1	XP_023753549.1
PSR86285.1	XP_023753550.1
PSR86285.1	XP_012858542.1
PSR86285.1	XP_012858201.1
PSR86285.1	KZV28905.1
PSR86285.1	F8WKW1.1
PSR86285.1	XP_027075613.1
PSR86285.1	XP_007133183.1
PSR86285.1	TXG60186.1
PSR86285.1	EYU43443.1
PSR86285.1	TKY56267.1
PSR86285.1	XP_007141191.1
PSR86285.1	XP_028200515.1
PSR86285.1	XP_003544213.2
PSR86285.1	RDX80086.1
PSR86285.1	XP_003542333.1
PSR86285.1	AFK34769.1
PSR86285.1	XP_027938543.1
PSR86285.1	XP_007141200.1
PSR86285.1	XP_017429614.1
PSR86285.1	XP_014521804.1
PSR86285.1	XP_020237743.1
PSR86285.1	XP_007141198.1
PSR86285.1	XP_020222645.1
PSR86285.1	TKY56268.1
PSR86285.1	XP_027938893.1
PSR86285.1	XP_017429149.1
PSR86285.1	QCE06158.1
PSR86285.1	XP_014504563.1
PSR86285.1	RDX93294.1
PSR86285.1	XP_027332137.1
PSR86285.1	XP_027332574.1
PSR86285.1	XP_003544799.1
PSR86285.1	KHN34757.1
PSR86285.1	KHN24338.1
PSR86285.1	KAB2628933.1
PSR86285.1	XP_008219319.1
PSR86285.1	XP_016646948.1
PSR86285.1	KAB2617060.1
PSR86285.1	KAB2628932.1
PSR86285.1	XP_009341756.1
PSR86285.1	XP_009341754.1
PSR86285.1	XP_007225655.1
PSR86285.1	PQQ03753.1
PSR86285.1	VVA30856.1
PSR86285.1	TQD97851.1
PSR86285.1	PQM38920.1
PSR86285.1	TQD98341.1
PSR86285.1	XP_028951143.1
PSR86285.1	XP_007222658.1
PSR86285.1	XP_008219316.1
PSR86285.1	VVA30863.1
PSR86285.1	XP_007227225.1
PSR86285.1	KAB2628938.1
PSR86285.1	XP_021817337.1
PSR86285.1	PQM38923.1
PSR86285.1	XP_008219322.1
PSR86285.1	XP_008219314.2
PSR86285.1	TQD97845.1
PSR86285.1	VVA30858.1
PSR86285.1	XP_007222664.1
PSR86285.1	XP_021808262.1
PSR86285.1	XP_009334337.1
PSR86285.1	XP_008219459.1
PSR86285.1	PQQ03751.1
PSR86285.1	TQD97847.1
PSR86285.1	XP_009341757.1
PSR86285.1	KAB2628912.1
PSR86285.1	KAB2628917.1
PSR86285.1	XP_008386105.1
PSR86285.1	XP_024169626.1
PSR86285.1	XP_007224069.1
PSR86285.1	XP_004300654.1
PSR86285.1	PQQ03749.1
PSR86285.1	XP_021817339.1
PSR86285.1	XP_004299645.1
PSR86285.1	VVA30860.1
PSR86285.1	XP_008219317.1
PSR86285.1	XP_021817338.1
PSR86285.1	PQM38924.1
PSR86285.1	XP_008219313.1
PSR86285.1	ONI35173.1
PSR86285.1	VVA30861.1
PSR86285.1	XP_020410732.1
PSR86285.1	XP_007222804.1
PSR86285.1	XP_021803134.1
PSR86285.1	KAB2628936.1
PSR86285.1	KAB2628913.1
PSR86285.1	ONI35172.1
PSR86285.1	VVA30862.1
PSR86285.1	XP_012828449.1
PSR86285.1	VVA30859.1
PSR86285.1	XP_028802012.1
PSR86285.1	XP_008219456.1
PSR86285.1	XP_007222427.1
PSR86285.1	PQQ03759.1
PSR86285.1	VVA30854.1
PSR86285.1	XP_019432845.1
PSR86285.1	XP_019416586.1
PSR86285.1	XP_017622472.1
PSR86285.1	XP_027356242.1
PSR86285.1	XP_027356241.1
PSR86285.1	XP_022861206.1
PSR86285.1	AYC63477.1
PSR86285.1	TQD98340.1
PSR86285.1	KAB2628941.1
PSR86285.1	XP_008386104.1
PSR86285.1	TQD97843.1
PSR86285.1	KAB2617061.1
PSR86285.1	TXG52764.1
PSR86285.1	TXG52766.1
PSR86285.1	TXG52772.1
PSR86285.1	TXG52773.1
PSR86285.1	AIE12476.1
PSR86285.1	XP_030944602.1
PSR86285.1	XP_023874831.1
PSR86285.1	XP_030944958.1
PSR86285.1	XP_023874822.1
PSR86285.1	XP_002525853.1
PSR86285.1	XP_028085423.1
PSR86285.1	XP_022725843.1
PSR86285.1	XP_016716276.1
PSR86285.1	PPD73123.1
PSR86285.1	TYH37090.1
PSR86285.1	XP_012436046.1
PSR86285.1	XP_016715908.1
PSR86285.1	EOX98752.1
PSR86285.1	PSS29221.1
PSR86285.1	PPS20215.1
PSR86285.1	TYI49159.1
PSR86285.1	XP_028800810.1
PSR86285.1	XP_031128438.1
PSR86285.1	XP_019171575.1
PSR86285.1	XP_026437867.1
PSR86285.1	OVA18812.1
PSR86285.1	XP_026391216.1
PSR86285.1	EPS66053.1
PSR86285.1	PIA52100.1
PSR86285.1	PIA52099.1
PSR86285.1	PON47388.1
PSR86285.1	PON50347.1
PSR86285.1	PON33831.1
PSR86285.1	XP_026437921.1
PSR86285.1	XP_026437965.1
PSR86285.1	XP_010098615.1
PSR86285.1	XP_028061749.1
PSR86285.1	XP_031386056.1
PSR86285.1	XP_031386054.1
PSR86285.1	XP_031386055.1
PSR86285.1	AJF48887.1
PSR86285.1	AFI71901.1
PSR86285.1	THG17841.1
PSR86285.1	AFJ52995.1
PSR86285.1	PON43455.1
PSR86285.1	PON51563.1
PSR86285.1	PON94065.1
PSR86285.1	PON95605.1
PSR86285.1	RWR89930.1
PSR86285.1	XP_028199211.1
PSR86285.1	ADV71371.1
PSR86285.1	XP_003544801.1
PSR86285.1	PKI75421.1
PSR86285.1	XP_016162801.1
PSR86285.1	XP_025606595.1
PSR86285.1	XP_020981115.1
PSR86285.1	RYR05899.1
PSR86285.1	XP_008359346.2
PSR86285.1	AUI41118.1
PSR86285.1	OWM85534.1
PSR86285.1	XP_031394205.1
PSR86285.1	XP_031394207.1
PSR86285.1	XP_031390395.1
PSR86285.1	AFJ53006.1
PSR86285.1	EXB38440.1
PSR86285.1	XP_010089826.2
PSR86285.1	XP_024017027.1
PSR86285.1	XP_025691175.1
PSR86285.1	XP_015957590.1
PSR86285.1	XP_016190640.1
PSR86285.1	AYC63488.1
PSR86285.1	XP_025613139.1
PSR86285.1	XP_016163640.1
PSR86285.1	XP_015934802.1
PSR86285.1	XP_014631805.1
PSR86285.1	XP_003526577.2
PSR86285.1	RZC06763.1
PSR86285.1	KHN08945.1
PSR86285.1	XP_020090168.1
PSR86285.1	XP_024924024.1
PSR86285.1	XP_015865848.1
PSR86285.1	PPS02913.1
PSR86285.1	TYJ35477.1
PSR86285.1	XP_016748829.1
PSR86285.1	TYI28424.1
PSR86285.1	AYN74348.1
PSR86285.1	XP_023535015.1
PSR86285.1	XP_022936608.1
PSR86285.1	XP_004136284.1
PSR86285.1	XP_008466222.1
PSR86285.1	XP_022975648.1
PSR86285.1	XP_022143084.1
PSR86285.1	XP_028077500.1
PSR86285.1	XP_028101905.1
PSR86285.1	XP_010320181.1
PSR86285.1	TMW84993.1
PSR86285.1	XP_004237925.1
PSR86285.1	XP_015158862.1
PSR86285.1	XP_026391205.1
PSR86285.1	XP_026426248.1
PSR86285.1	XP_026437779.1
PSR86285.1	XP_012828350.1
PSR86285.1	PSR99870.1
PSR86285.1	AIL51400.1
PSR86285.1	RYR05902.1
PSR86285.1	XP_002513937.1
PSR86285.1	XP_015972326.1
PSR86285.1	XP_025606597.1
PSR86285.1	XP_016162804.1
PSR86285.1	RYR55353.1
PSR86285.1	XP_015972268.1
PSR86285.1	XP_016162802.1
PSR86285.1	XP_025606598.1
PSR86285.1	KAB2628937.1
PSR86285.1	XP_019244683.1
PSR86285.1	XP_016569221.1
PSR86285.1	GAU34119.1
PSR86285.1	XP_028201104.1
PSR86285.1	XP_003544800.1
PSR86285.1	BAG80552.1
PSR86285.1	AES90646.1
PSR86285.1	XP_003608449.2
PSR86285.1	TKY59488.1
PSR86285.1	XP_027348399.1
PSR86285.1	XP_027091957.1
PSR86285.1	CDP01087.1
PSR86285.1	XP_027147875.1
PSR86285.1	XP_027095067.1
PSR86285.1	XP_027094342.1
PSR86285.1	XP_027092367.1
PSR86285.1	TEY52224.1
PSR86285.1	XP_004237927.1
PSR86285.1	XP_022752954.1
PSR86285.1	PIN05078.1
PSR86285.1	XP_022867883.1
PSR86285.1	AYC63486.1
PSR86285.1	XP_011087901.1
PSR86285.1	AYC63483.1
PSR86285.1	XP_011087902.1
PSR86285.1	XP_031118548.1
PSR86285.1	UGT85A20_S116
PSR86285.1	XP_027165353.1
PSR86285.1	XP_031118550.1
PSR86285.1	XP_031118549.1
PSR86285.1	BAO51842.1
PSR86285.1	XP_031118551.1
PSR86285.1	XP_019152850.1
PSR86285.1	KAA8538107.1
PSR86285.1	XP_031118552.1
PSR86285.1	XP_027149646.1
PSR86285.1	XP_016507315.1
PSR86285.1	XP_016570851.1
PSR86285.1	XP_009612740.1
PSR86285.1	XP_009791953.1
PSR86285.1	CDP01076.1
PSR86285.1	XP_019233977.1
PSR86285.1	XP_027094782.1
PSR86285.1	XP_027179903.1
PSR86285.1	AYC63482.1
PSR86285.1	XP_027159492.1
PSR86285.1	XP_027089841.1
PSR86285.1	XP_027149647.1
PSR86285.1	XP_027068999.1
PSR86285.1	XP_027076712.1
PSR86285.1	XP_027149648.1
PSR86285.1	XP_026443981.1
PSR86285.1	AXL95248.1
PSR86285.1	GER55530.1
PSR86285.1	AYC63478.1
PSR86285.1	XP_021900789.1
PSR86285.1	AYR16617.1
PSR86285.1	XP_031114908.1
PSR86285.1	XP_031114898.1
PSR86285.1	THG22558.1
PSR86285.1	XP_028095336.1
PSR86285.1	XP_028052277.1
PSR86285.1	XP_021900833.1
PSR86285.1	XP_027938948.1
PSR86285.1	TEY45254.1
PSR86285.1	TEY79179.1
PSR86285.1	TEY48608.1
PSR86285.1	AYN74350.1
PSR86285.1	XP_021663449.1
PSR86285.1	XP_022857409.1
PSR86285.1	XP_012828379.1
PSR86285.1	XP_021617385.1
PSR86285.1	TXG53952.1
PSR86285.1	EFJ10460.1
PSR86285.1	EFJ10463.1
PSR86285.1	EFJ19131.1
PSR86285.1	EFJ10471.1
PSR86285.1	EFJ10466.1
PSR86285.1	AYC63484.1
PSR86285.1	XP_027161530.1
PSR86285.1	CDO97426.1
PSR86285.1	XP_027106246.1
PSR86285.1	TEY23346.1
PSR86285.1	AFJ52996.1_S193
PSR86285.1	XP_028052289.1
PSR86285.1	TEY23345.1
PSR86285.1	AXL95243.1
PSR86285.1	EPS63474.1
PSR86285.1	XP_006481336.1
PSR86285.1	EPS62953.1
PSR86285.1	TXG52778.1
PSR86285.1	XP_021817332.1
PSR86285.1	PSS02694.1
PSR86285.1	XP_028053269.1
PSR86285.1	XP_028076772.1
PSR86285.1	PSS29319.1
PSR86285.1	XP_021851288.1
PSR86285.1	AUR26624.1
PSR86285.1	KZV41173.1
PSR86285.1	BAF49308.1
PSR86285.1	AKA44594.1
PSR86285.1	ALO19886.1
PSR86285.1	XP_028062375.1
PSR86285.1	AFK79039.1
PSR86285.1	XP_017220147.1
PSR86285.1	XP_017256168.1
PSR86285.1	AFK79034.1
PSR86285.1	GER36953.1
PSR86285.1	TEY52172.1
PSR86285.1	TXG64264.1
PSR86285.1	XP_027176125.1
PSR86285.1	PIN14741.1
PSR86285.1	XP_019167908.1
PSR86285.1	NP_001348277.1
PSR86285.1	XP_016543130.1
PSR86285.1	XP_016543131.1
PSR86285.1	TMW88653.1
PSR86285.1	XP_006367257.1
PSR86285.1	XP_031118125.1
PSR86285.1	XP_019259374.1
PSR86285.1	XP_015088999.1
PSR86285.1	XP_019249734.1
PSR86285.1	BAG80535.1
PSR86285.1	XP_009796872.1
PSR86285.1	NP_001312868.1
PSR86285.1	XP_019162803.1
PSR86285.1	XP_031129012.1
PSR86285.1	XP_019162802.1
PSR86285.1	KZV15225.1
PSR86285.1	PWA60487.1
PSR86285.1	PWA46758.1
PSR86285.1	PWA36546.1
PSR86285.1	XP_011077288.1
PSR86285.1	XP_011077287.1
PSR86285.1	XP_004252303.1
PSR86285.1	XP_015059318.1
PSR86285.1	XP_031118830.1
PSR86285.1	AYC63489.1
PSR86285.1	XP_022000845.1
PSR86285.1	XP_023746016.1
PSR86285.1	XP_026397369.1
PSR86285.1	XP_026394095.1
PSR86285.1	XP_027164279.1
PSR86285.1	KAA8516602.1
PSR86285.1	PSS04622.1
PSR86285.1	XP_028108083.1
PSR86285.1	TMW88654.1
PSR86285.1	XP_004249620.1
PSR86285.1	XP_015088908.1
PSR86285.1	EOX98321.1
PSR86285.1	EOY09906.1
PSR86285.1	XP_021283160.1
PSR86285.1	XP_017971989.1
PSR86285.1	XP_007042490.2
PSR86285.1	XP_007029404.2
PSR86285.1	XP_022762350.1
PSR86285.1	XP_021853724.1
PSR86285.1	AXL95242.1
PSR86285.1	TEY36558.1
PSR86285.1	PWZ33324.1
PSR86285.1	XP_010691724.1
PSR86285.1	AUR26628.1
PSR86285.1	XP_006346389.1
PSR86285.1	XP_031125945.1
PSR86285.1	XP_031125944.1
PSR86285.1	XP_019067418.1
PSR86285.1	TMX00489.1
PSR86285.1	XP_031127854.1
PSR86285.1	XP_019233766.1
PSR86285.1	NP_001312061.1
PSR86285.1	UGT73A24_S184
PSR86285.1	UGT73A25_S185
PSR86285.1	AAK28304.1
PSR86285.1	Q9AT54.1
PSR86285.1	NP_001313106.1
PSR86285.1	ART66192.1
PSR86285.1	XP_015085691.1
PSR86285.1	XP_006346388.1
PSR86285.1	XP_016539537.1
PSR86285.1	XP_016539535.1
PSR86285.1	UGT73A10_S113
PSR86285.1	UGT73A12_S118
PSR86285.1	ACO44747.1
PSR86285.1	XP_009787720.1
PSR86285.1	XP_009600997.1
PSR86285.1	XP_016461186.1
PSR86285.1	BAG31950.1
PSR86285.1	XP_011088228.1
PSR86285.1	XP_021994688.1
PSR86285.1	XP_023764656.1
PSR86285.1	XP_022000849.1
PSR86285.1	XP_024983332.1
PSR86285.1	KAD5803127.1
PSR86285.1	XP_023764658.1
PSR86285.1	XP_023745978.1
PSR86285.1	Q6VAA9.1
PSR86285.1	XP_027352831.1
PSR86285.1	XP_020234971.1
PSR86285.1	OVA15877.1
PSR86285.1	TXG64255.1
PSR86285.1	TXG64261.1
PSR86285.1	XP_004492515.1
PSR86285.1	XP_020677393.1
PSR86285.1	PSS34601.1
PSR86285.1	XP_010681315.1
PSR86285.1	XP_021755615.1
PSR86285.1	XP_021728470.1
PSR86285.1	BAF75887.1
PSR86285.1	XP_021851290.1
PSR86285.1	XP_021753343.1
PSR86285.1	XP_021853662.1
PSR86285.1	XP_021851293.1
PSR86285.1	KNA20576.1
PSR86285.1	BAG71127.1
PSR86285.1	PIA52865.1
PSR86285.1	BAF75890.1
PSR86285.1	AAS94329.1
PSR86285.1	XP_010691725.1
PSR86285.1	XP_021755650.1
PSR86285.1	XP_021718283.1
PSR86285.1	RWR84985.1
PSR86285.1	RWR84984.1
PSR86285.1	TEY19255.1
PSR86285.1	XP_012836925.1
PSR86285.1	XP_011088227.1
PSR86285.1	BAA83484.1
PSR86285.1	ADO33118.1
PSR86285.1	AMK52073.1
PSR86285.1	AMK52071.1
PSR86285.1	AMK52072.1
PSR86285.1	TXG64263.1
PSR86285.1	XP_031248387.1
PSR86285.1	UGT73A17_S180
PSR86285.1	XP_028062380.1
PSR86285.1	AYA22038.1
PSR86285.1	TXG64260.1
PSR86285.1	XP_031249922.1
PSR86285.1	TXG54094.1
PSR86285.1	TXG54097.1
PSR86285.1	XP_031256687.1
PSR86285.1	XP_028126313.1
PSR86285.1	RWR87359.1
PSR86285.1	TXG64258.1
PSR86285.1	XP_010905295.1
PSR86285.1	XP_028053337.1
PSR86285.1	XP_024979892.1
PSR86285.1	KAA8545845.1
PSR86285.1	XP_015890280.1
PSR86285.1	XP_015890275.2
PSR86285.1	XP_027112536.1
PSR86285.1	XP_027105984.1
PSR86285.1	CDP09466.1
PSR86285.1	XP_027161059.1
PSR86285.1	BAD52006.1
PSR86285.1	XP_021657933.1
PSR86285.1	XP_031390102.1
PSR86285.1	XP_011000140.1
PSR86285.1	PSS02690.1
PSR86285.1	XP_002298737.1
PSR86285.1	XP_002313133.1
PSR86285.1	PSS02692.1
PSR86285.1	XP_028053335.1
PSR86285.1	XP_021663290.1
PSR86285.1	XP_021619010.1
PSR86285.1	XP_021663291.1
PSR86285.1	XP_010925706.1
PSR86285.1	XP_010925717.1
PSR86285.1	XP_010927315.1
PSR86285.1	AWD73588.1
PSR86285.1	XP_020677366.1
PSR86285.1	ARM65414.1
PSR86285.1	XP_024034938.1
PSR86285.1	BAJ11652.1
PSR86285.1	OVA19028.1
PSR86285.1	XP_026394097.1
PSR86285.1	OVA19029.1
PSR86285.1	XP_010263455.1
PSR86285.1	XP_002518708.1
PSR86285.1	AFJ52946.1
PSR86285.1	AFJ52947.1
PSR86285.1	AFJ52945.1
PSR86285.1	PIA52862.1
PSR86285.1	PIA52864.1
PSR86285.1	PIA52863.1
PSR86285.1	XP_019169295.1
PSR86285.1	XP_011088741.1
PSR86285.1	UGT73Q1_S117
PSR86285.1	XP_012836922.1
PSR86285.1	PWA60485.1
PSR86285.1	XP_023764661.1
PSR86285.1	PWA35362.1
PSR86285.1	XP_023764660.1
PSR86285.1	XP_031122751.1
PSR86285.1	XP_019166340.1
PSR86285.1	TEY91518.1
PSR86285.1	XP_031127855.1
PSR86285.1	XP_019189825.1
PSR86285.1	BBC62105.1
PSR86285.1	XP_023729717.1
PSR86285.1	XP_021989026.1
PSR86285.1	KAA8545841.1
PSR86285.1	KAA8545843.1
PSR86285.1	BAF75893.1
PSR86285.1	XP_020677364.1
PSR86285.1	XP_020677391.1
PSR86285.1	XP_028101790.1
PSR86285.1	XP_020677377.1
PSR86285.1	KAD6795296.1
PSR86285.1	XP_016539539.1
PSR86285.1	XP_006346390.2
PSR86285.1	TMX00487.1
PSR86285.1	AVM80877.1
PSR86285.1	XP_022868311.1
PSR86285.1	XP_022868325.1
PSR86285.1	BAD29722.1
PSR86285.1	PWA34885.1
PSR86285.1	PWA89366.1
PSR86285.1	KAD4386283.1
PSR86285.1	XP_022039679.1
PSR86285.1	XP_022039666.1
PSR86285.1	XP_023730555.1
PSR86285.1	XP_022008651.1
PSR86285.1	TXG56486.1
PSR86285.1	TXG52777.1
PSR86285.1	TXG52771.1
PSR86285.1	XP_016571542.1
PSR86285.1	XP_024172945.1
PSR86285.1	XP_022039677.1
PSR86285.1	KAD4386273.1
PSR86285.1	XP_024991130.1
PSR86285.1	XP_022039681.1
PSR86285.1	XP_022039676.1
PSR86285.1	PWA38531.1
PSR86285.1	KAD4386275.1
PSR86285.1	KAD4386278.1
PSR86285.1	PWA63866.1
PSR86285.1	PWA93913.1
PSR86285.1	XP_023753548.1
PSR86285.1	XP_023753547.1
PSR86285.1	XP_023753552.1
PSR86285.1	XP_021817336.1
PSR86285.1	VVA30853.1
PSR86285.1	XP_008219458.2
PSR86285.1	XP_007224375.1
PSR86285.1	XP_004299646.1
PSR86285.1	PQM38921.1
PSR86285.1	PQQ03752.1
PSR86285.1	XP_021817333.1
PSR86285.1	PRQ21849.1
PSR86285.1	XP_024179480.1
PSR86285.1	XP_009370709.2
PSR86285.1	XP_024185954.1
PSR86285.1	XP_004308659.1
PSR86285.1	XP_024179482.1
PSR86285.1	XP_011468341.1
PSR86285.1	XP_024176214.1
PSR86285.1	XP_011465456.1
PSR86285.1	XP_024166213.1
PSR86285.1	XP_024185263.1
PSR86285.1	BBD34312.1
PSR86285.1	BBN70118.1
PSR86285.1	PON90932.1
PSR86285.1	PON90934.1
PSR86285.1	XP_008234175.1
PSR86285.1	XP_028944843.1
PSR86285.1	KAB2605674.1
PSR86285.1	TQD72001.1
PSR86285.1	XP_028954705.1
PSR86285.1	XP_009348490.1
PSR86285.1	XP_008386170.2
PSR86285.1	KAB2597448.1
PSR86285.1	TQE10458.1
PSR86285.1	XP_028963621.1
PSR86285.1	XP_028962118.1
PSR86285.1	KAB2597421.1
PSR86285.1	XP_009364608.1
PSR86285.1	KAB2605643.1
PSR86285.1	XP_031251695.1
PSR86285.1	XP_007208223.1
PSR86285.1	PQM33315.1
PSR86285.1	XP_007207648.1
PSR86285.1	PQP96972.1
PSR86285.1	PQQ10244.1
PSR86285.1	XP_021801475.1
PSR86285.1	PPR93284.1
PSR86285.1	XP_016569222.1
PSR86285.1	XP_017634490.1
PSR86285.1	XP_023908555.1
PSR86285.1	XP_030973387.1
PSR86285.1	TYG92800.1
PSR86285.1	XP_012489269.1
PSR86285.1	XP_016681086.1
PSR86285.1	TYG43965.1
PSR86285.1	XP_031249404.1
PSR86285.1	KAA8530838.1
PSR86285.1	KAA3475613.1
PSR86285.1	TYH99359.1
PSR86285.1	TYH42367.1
PSR86285.1	TYJ08218.1
PSR86285.1	TYI54201.1
PSR86285.1	KAE8700004.1
PSR86285.1	XP_030528347.1
PSR86285.1	XP_010027911.1
PSR86285.1	ANN02874.1
PSR86285.1	XP_031391753.1
PSR86285.1	PKI77378.1
PSR86285.1	XP_006363269.1
PSR86285.1	XP_016571544.1
PSR86285.1	XP_016571547.1
PSR86285.1	XP_004237928.1
PSR86285.1	XP_004237929.1
PSR86285.1	XP_006363270.1
PSR86285.1	AYO91697.1
PSR86285.1	XP_024021993.1
PSR86285.1	EXB29476.1
PSR86285.1	PPD92998.1
PSR86285.1	XP_030973523.1
PSR86285.1	XP_023928252.1
PSR86285.1	XP_024185274.1
PSR86285.1	THG12731.1
PSR86285.1	XP_028086353.1
PSR86285.1	XP_021682904.1
PSR86285.1	XP_028097295.1
PSR86285.1	XP_010025430.1
PSR86285.1	XP_030463270.1
PSR86285.1	XP_030463269.1
PSR86285.1	XP_028097299.1
PSR86285.1	XP_010025434.1
PSR86285.1	XP_028076126.1
PSR86285.1	XP_018715451.1
PSR86285.1	XP_028076125.1
PSR86285.1	BAO51834.1
PSR86285.1	XP_030527682.1
PSR86285.1	XP_028086362.1
PSR86285.1	XP_002268162.1
PSR86285.1	BAO51833.1
PSR86285.1	KAA8530835.1
PSR86285.1	PIA31353.1
PSR86285.1	XP_003635298.1
PSR86285.1	RVX23167.1
PSR86285.1	PSS26569.1
PSR86285.1	XP_011031048.1
PSR86285.1	ABK95289.1
PSR86285.1	XP_002306303.3
PSR86285.1	KAB5556487.1
PSR86285.1	XP_024456385.1
PSR86285.1	XP_011031049.1
PSR86285.1	XP_012081602.1
PSR86285.1	XP_012081719.1
PSR86285.1	TKY47668.1
PSR86285.1	XP_015943935.1
PSR86285.1	XP_016179144.1
PSR86285.1	XP_006360268.1
PSR86285.1	AUI41141.1
PSR86285.1	XP_018834542.1
PSR86285.1	TXG65859.1
PSR86285.1	XP_018834541.1
PSR86285.1	XP_021301181.1
PSR86285.1	XP_007047908.2
PSR86285.1	EOX92065.1
PSR86285.1	KAB2094398.1
PSR86285.1	XP_004252532.1
PSR86285.1	XP_004252531.1
PSR86285.1	XP_027933561.1
PSR86285.1	XP_021826732.1
PSR86285.1	XP_021824044.1
PSR86285.1	PQM33311.1
PSR86285.1	XP_007207189.1
PSR86285.1	XP_008234196.1
PSR86285.1	XP_020420894.1
PSR86285.1	VVA34436.1
PSR86285.1	PQM40887.1
PSR86285.1	XP_008234156.1
PSR86285.1	TXG60182.1
PSR86285.1	KAB2597445.1
PSR86285.1	PIN09929.1
PSR86285.1	TXG60173.1
PSR86285.1	RWR89931.1
PSR86285.1	XP_010025429.2
PSR86285.1	XP_030518392.1
PSR86285.1	XP_018716993.1
PSR86285.1	XP_031251671.1
PSR86285.1	XP_015890762.1
PSR86285.1	XP_015890795.1
PSR86285.1	XP_015890763.1
PSR86285.1	KAA8546791.1
PSR86285.1	XP_017622406.1
PSR86285.1	UGT85K14_S171
PSR86285.1	XP_016722578.1
PSR86285.1	XP_018834497.1
PSR86285.1	XP_018819747.1
PSR86285.1	XP_018834675.1
PSR86285.1	XP_016740785.1
PSR86285.1	NP_001314500.1
PSR86285.1	XP_022773878.1
PSR86285.1	TYI89243.1
PSR86285.1	EEF29506.1
PSR86285.1	XP_002532877.2
PSR86285.1	XP_018837445.1
PSR86285.1	XP_021301175.1
PSR86285.1	XP_021301174.1
PSR86285.1	XP_021854548.1
PSR86285.1	XP_006466245.1
PSR86285.1	XP_006426368.1
PSR86285.1	XP_021714615.1
PSR86285.1	XP_021752435.1
PSR86285.1	XP_010680525.1
PSR86285.1	XP_010680524.1
PSR86285.1	XP_021640002.1
PSR86285.1	XP_021684458.1
PSR86285.1	XP_028801334.1
PSR86285.1	XP_028801346.1
PSR86285.1	XP_003601328.1
PSR86285.1	XP_013461085.1
PSR86285.1	RHN68875.1
PSR86285.1	RHN68874.1
PSR86285.1	RHN68876.1
PSR86285.1	RDY05882.1
PSR86285.1	AWJ96819.1
PSR86285.1	AWJ96816.1
PSR86285.1	AWJ96812.1
PSR86285.1	AWJ96814.1
PSR86285.1	AWJ96807.1
PSR86285.1	AWJ96836.1
PSR86285.1	AWJ96804.1
PSR86285.1	AWJ96821.1
PSR86285.1	AWJ96810.1
PSR86285.1	AWJ96818.1
PSR86285.1	AWJ96831.1
PSR86285.1	AWJ96808.1
PSR86285.1	AWJ96820.1
PSR86285.1	AWJ96786.1
PSR86285.1	AWJ96813.1
PSR86285.1	AWJ96799.1
PSR86285.1	AWJ96846.1
PSR86285.1	AWJ96798.1
PSR86285.1	AWJ96833.1
PSR86285.1	AWJ96815.1
PSR86285.1	AWJ96811.1
PSR86285.1	AWJ96793.1
PSR86285.1	AWJ96822.1
PSR86285.1	AWJ96788.1
PSR86285.1	AWJ96789.1
PSR86285.1	AWJ96787.1
PSR86285.1	AWJ96806.1
PSR86285.1	AWJ96809.1
PSR86285.1	XP_013461083.1
PSR86285.1	XP_013461088.2
PSR86285.1	RHN68872.1
PSR86285.1	GAU47882.1
PSR86285.1	XP_021776510.1
PSR86285.1	XP_021753217.1
PSR86285.1	AFJ52997.1
PSR86285.1	XP_019430445.1
PSR86285.1	XP_006366313.1
PSR86285.1	AYC63487.1
PSR86285.1	XP_022884523.1
PSR86285.1	PIN00342.1
PSR86285.1	PIN09941.1
PSR86285.1	KAE8697378.1
PSR86285.1	PIM97692.1
PSR86285.1	XP_023908674.1
PSR86285.1	XP_012077776.1
PSR86285.1	XP_022132959.1
PSR86285.1	XP_012077758.1
PSR86285.1	XP_012085929.2
PSR86285.1	XP_006366314.1
PSR86285.1	XP_004235065.1
PSR86285.1	XP_006366316.1
PSR86285.1	XP_006367932.1
PSR86285.1	XP_012077778.1
PSR86285.1	KDP45150.1
PSR86285.1	XP_020207847.1
PSR86285.1	XP_004502001.1
PSR86285.1	XP_020206720.1
PSR86285.1	XP_004502000.1
PSR86285.1	KAE8693235.1
PSR86285.1	XP_019430687.1
PSR86285.1	XP_019430688.1
PSR86285.1	XP_021629846.1
PSR86285.1	XP_021637855.1
PSR86285.1	G3FIN9.1
PSR86285.1	G3FIN8.1
PSR86285.1	XP_021630829.1
PSR86285.1	XP_021633642.1
PSR86285.1	XP_011628536.1
PSR86285.1	XP_031383301.1
PSR86285.1	XP_011626539.1
PSR86285.1	AUI41131.1
PSR86285.1	AUI41129.1
PSR86285.1	XP_024194841.1
PSR86285.1	XP_004297810.1
PSR86285.1	THG01670.1
PSR86285.1	XP_028094949.1
PSR86285.1	XP_021833066.1
PSR86285.1	PQQ00353.1
PSR86285.1	PQM36987.1
PSR86285.1	XP_020418903.1
PSR86285.1	VVA27708.1
PSR86285.1	BBG94173.1
PSR86285.1	GAV60384.1
PSR86285.1	XP_015894870.1
PSR86285.1	XP_008221698.1
PSR86285.1	BAG31952.1
PSR86285.1	AYN74351.1
PSR86285.1	XP_015060142.1
PSR86285.1	XP_021593604.1
PSR86285.1	XP_030463272.1
PSR86285.1	XP_030444801.1
PSR86285.1	XP_030444800.1
PSR86285.1	XP_021662552.1
PSR86285.1	XP_030923745.1
PSR86285.1	XP_010025432.1
PSR86285.1	XP_012469799.1
PSR86285.1	KAB2036972.1
PSR86285.1	XP_007047907.2
PSR86285.1	EOX92064.1
PSR86285.1	PPD96331.1
PSR86285.1	TYI40590.1
PSR86285.1	XP_007047909.1
PSR86285.1	TYG75604.1
PSR86285.1	TYI89247.1
PSR86285.1	XP_012469796.1
PSR86285.1	TYH79173.1
PSR86285.1	XP_022741260.1
PSR86285.1	XP_021274470.1
PSR86285.1	TYG75609.1
PSR86285.1	XP_022740300.1
PSR86285.1	TYH79177.1
PSR86285.1	TYI89253.1
PSR86285.1	XP_012469802.1
PSR86285.1	XP_016740781.1
PSR86285.1	KAB2036974.1
PSR86285.1	XP_012469801.1
PSR86285.1	TYI89252.1
PSR86285.1	KDP33203.1
PSR86285.1	KCW62094.1
PSR86285.1	XP_016740788.1
PSR86285.1	OUZ99623.1
PSR86285.1	TXG60177.1
PSR86285.1	TXG60179.1
PSR86285.1	TXG60174.1
PSR86285.1	KAE8665724.1
PSR86285.1	XP_030924030.1
PSR86285.1	KAE8706962.1
PSR86285.1	TYJ47193.1
PSR86285.1	TYH28933.1
PSR86285.1	XP_028755161.1
PSR86285.1	XP_028803592.1
PSR86285.1	KAE8702700.1
PSR86285.1	KAE8715794.1
PSR86285.1	TYI89242.1
PSR86285.1	TYH79169.1
PSR86285.1	PPD67269.1
PSR86285.1	XP_012469790.1
PSR86285.1	TYG75598.1
PSR86285.1	TYH79168.1
PSR86285.1	KAB2036965.1
PSR86285.1	TYI89241.1
PSR86285.1	PPD67270.1
PSR86285.1	KAB2036966.1
PSR86285.1	TYG75599.1
PSR86285.1	XP_016740783.1
PSR86285.1	TYH28787.1
PSR86285.1	XP_016740786.1
PSR86285.1	XP_017981758.1
PSR86285.1	AUI41119.1
PSR86285.1	XP_010690515.1
PSR86285.1	XP_027930746.1
PSR86285.1	XP_027931553.1
PSR86285.1	GAU40817.1
PSR86285.1	XP_013461082.1
PSR86285.1	XP_014516853.1
PSR86285.1	XP_027931326.1
PSR86285.1	XP_020228441.1
PSR86285.1	XP_003556840.1
PSR86285.1	XP_017406822.1
PSR86285.1	XP_030496421.1
PSR86285.1	XP_030496312.1
PSR86285.1	XP_030496144.1
PSR86285.1	KAB1210201.1
PSR86285.1	KAB1200424.1
PSR86285.1	BAO51840.1
PSR86285.1	XP_018842900.1
PSR86285.1	XP_018859479.1
PSR86285.1	XP_017406805.1
PSR86285.1	XP_014518831.1
PSR86285.1	XP_027932325.1
PSR86285.1	XP_003519003.1
PSR86285.1	XP_014620757.1
PSR86285.1	XP_027344484.1
PSR86285.1	KHN41342.1
PSR86285.1	XP_007146161.1
PSR86285.1	PNY11480.1
PSR86285.1	XP_014517915.1
PSR86285.1	XP_017406815.1
PSR86285.1	XP_017406819.1
PSR86285.1	XP_031274716.1
PSR86285.1	XP_031251694.1
PSR86285.1	VVA34437.1
PSR86285.1	XP_020421825.1
PSR86285.1	PQQ10246.1
PSR86285.1	PQM33314.1
PSR86285.1	XP_008234165.1
PSR86285.1	XP_007146160.1
PSR86285.1	XP_011023081.1
PSR86285.1	XP_002310553.1
PSR86285.1	XP_007047910.1
PSR86285.1	XP_027106247.1
PSR86285.1	XP_027112841.1
PSR86285.1	XP_026434303.1
PSR86285.1	XP_021911536.1
PSR86285.1	XP_022950861.1
PSR86285.1	XP_004143462.1
PSR86285.1	XP_022978487.1
PSR86285.1	XP_017230529.1
PSR86285.1	KAE8694075.1
PSR86285.1	XP_002268845.1
PSR86285.1	KAE8694072.1
PSR86285.1	KAE8694069.1
PSR86285.1	XP_002513010.1
PSR86285.1	XP_002529831.1
PSR86285.1	XP_020554598.1
PSR86285.1	TYI54200.1
PSR86285.1	TYG43964.1
PSR86285.1	TYH99358.1
PSR86285.1	KAA3475614.1
PSR86285.1	TYJ08217.1
THG01410.1	THG01410.1
PWA98999.1	PWA98999.1
CDP01082.1	CDP01082.1
TEY88698.1	TEY88698.1
RLN08333.1	RLN08333.1
KAB1199472.1	KAB1199472.1
KAB1199472.1	XP_017186743.2
KAB1199472.1	TQE08416.1
KAB1199472.1	KAD3069083.1
KAA8528256.1	KAA8528256.1
XP_028807155.1	XP_028807155.1
