Index(['enzyme', 'cid'], dtype='object')
enzyme	cid	pred
Pt_UGT1_S1	445154	0.368
BBB06426.1	445154	0.371
OMO64333.1	445154	0.406
Fe_72B19_S65	445154	0.376
KAB1219588.1	445154	0.394
XP_021653799.1	445154	0.392
XP_031262984.1	445154	0.4
XP_009628747.1	445154	0.448
XP_009785688.1	445154	0.452
XP_011037856.1	445154	0.398
TKS14440.1	445154	0.386
Nt_UGT1_S2	445154	0.452
PSS26289.1	445154	0.407
XP_002320190.1	445154	0.399
XP_016538197.1	445154	0.442
XP_022757519.1	445154	0.409
XP_023902337.1	445154	0.383
XP_021688196.1	445154	0.382
XP_012083243.1	445154	0.388
XP_021612299.1	445154	0.372
XP_015167719.1	445154	0.451
EOX95757.1	445154	0.379
XP_010266460.1	445154	0.394
XP_021280942.1	445154	0.392
XP_019230479.1	445154	0.458
XP_007051600.2	445154	0.379
AIE12483.1	445154	0.402
XP_030966425.1	445154	0.395
Sl_GT5_S92	445154	0.437
XP_015062343.1	445154	0.438
XP_021612048.1	445154	0.402
XP_028085525.1	445154	0.422
XP_027108518.1	445154	0.402
XP_022733923.1	445154	0.378
Q9AR73.1	445154	0.379
TMW84173.1	445154	0.437
XP_006444877.1	445154	0.383
AIZ00426.1	445154	0.384
KNA14838.1	445154	0.383
XP_006491243.1	445154	0.382
XP_021850962.1	445154	0.383
PON42236.1	445154	0.375
XP_028116769.1	445154	0.372
XP_008233208.1	445154	0.406
PON97538.1	445154	0.374
XP_010427832.1	445154	0.34
XP_010456210.1	445154	0.354
XP_020413344.1	445154	0.403
XP_021808014.1	445154	0.395
XP_027160895.1	445154	0.405
TXG63001.1	445154	0.37
VVA23740.1	445154	0.401
VVB06869.1	445154	0.347
XP_022035740.1	445154	0.433
BAJ34074.1	445154	0.348
XP_002301402.2	445154	0.373
XP_024992826.1	445154	0.407
XP_010669265.1	445154	0.361
XP_027115389.1	445154	0.406
XP_006396305.2	445154	0.351
XP_021748862.1	445154	0.395
PSS24207.1	445154	0.399
ESQ37758.1	445154	0.351
At_72B1_S3	445154	0.377
XP_011023207.1	445154	0.373
BAI65909.1	445154	0.391
XP_023746395.1	445154	0.401
XP_028794762.1	445154	0.386
XP_010053796.1	445154	0.385
XP_021969657.1	445154	0.419
XP_015889373.1	445154	0.418
XP_021760343.1	445154	0.377
XP_002872912.1	445154	0.359
XP_010053797.1	445154	0.402
KFK30683.1	445154	0.341
OAP00532.1	445154	0.377
XP_006290216.1	445154	0.334
XP_008350138.1	445154	0.413
XP_023529187.1	445154	0.384
XP_018827906.1	445154	0.403
XP_016735486.1	445154	0.395
BBB16128.1	445154	0.351
KCW78150.1	445154	0.385
XP_017235599.1	445154	0.404
XP_031374946.1	445154	0.384
XP_022924811.1	445154	0.387
XP_019239435.1	445154	0.41
ACB56923.1	445154	0.397
XP_024176111.1	445154	0.393
TYI50811.1	445154	0.395
XP_012437747.1	445154	0.392
XP_022979638.1	445154	0.388
PPS19806.1	445154	0.37
TQE13474.1	445154	0.419
XP_026440946.1	445154	0.401
BAF75896.1	445154	0.369
XP_016738143.1	445154	0.397
XP_030457300.1	445154	0.385
TKY61277.1	445154	0.37
PIN13880.1	445154	0.409
XP_010095793.1	445154	0.356
XP_022895845.1	445154	0.425
TYJ26917.1	445154	0.37
XP_017215354.1	445154	0.4
XP_017614808.1	445154	0.373
XP_030540911.1	445154	0.393
XP_016745577.1	445154	0.371
TYH63046.1	445154	0.367
TYG61637.1	445154	0.37
AFX67020.1	445154	0.442
XP_022035741.1	445154	0.395
XP_009788732.1	445154	0.41
XP_019257343.1	445154	0.402
ACJ85806.1	445154	0.387
XP_017636519.1	445154	0.397
XP_003626556.1	445154	0.387
TYH95767.1	445154	0.398
KAB2595824.1	445154	0.408
XP_016489675.1	445154	0.409
XP_008376064.2	445154	0.408
XP_009350467.1	445154	0.4
QCD77545.1	445154	0.371
XP_026425522.1	445154	0.393
PQQ12478.1	445154	0.394
XP_027932240.1	445154	0.371
KAA8528256.1	445154	0.392
NP_001351694.1	445154	0.365
TYG89788.1	445154	0.397
XP_011093530.1	445154	0.401
BAF49302.1	445154	0.39
XP_030488880.1	445154	0.349
XP_023540395.1	445154	0.388
AGU14071.1	445154	0.368
XP_027350575.1	445154	0.368
XP_012481207.1	445154	0.368
XP_022947541.1	445154	0.394
RID43193.1	445154	0.339
XP_030488749.1	445154	0.349
XP_017216596.1	445154	0.394
XP_017437329.1	445154	0.363
XP_014491619.1	445154	0.36
PPD98686.1	445154	0.37
RQL82217.1	445154	0.347
XP_022974623.1	445154	0.393
XP_008437921.1	445154	0.395
XP_004306692.1	445154	0.405
AFJ52917.1	445154	0.398
XP_009111416.1	445154	0.337
XP_012835650.1	445154	0.376
XP_019455725.1	445154	0.373
VDD23942.1	445154	0.341
PIN26543.1	445154	0.37
XP_016181161.1	445154	0.372
XP_013718524.1	445154	0.343
VDD27695.1	445154	0.347
XP_013684345.1	445154	0.338
RID75502.1	445154	0.339
VDD23940.1	445154	0.336
XP_009128501.1	445154	0.338
XP_013660542.1	445154	0.338
BBB16127.1	445154	0.346
XP_020213858.1	445154	0.358
XP_013638593.1	445154	0.31
KAB2052407.1	445154	0.393
XP_022974925.1	445154	0.393
XP_009128506.1	445154	0.338
PIA49081.1	445154	0.407
XP_013622316.1	445154	0.344
XP_015947947.1	445154	0.37
AEM43001.1	445154	0.366
XP_010053798.1	445154	0.381
XP_015968391.1	445154	0.329
XP_019191010.1	445154	0.409
AUI41117.1	445154	0.385
XP_009134508.1	445154	0.34
AQQ16625.1	445154	0.406
PIN13879.1	445154	0.408
XP_025603418.1	445154	0.329
RID39975.1	445154	0.285
XP_013613035.1	445154	0.349
XP_016205282.1	445154	0.343
KAA8520934.1	445154	0.388
XP_009119690.1	445154	0.286
KAE8676873.1	445154	0.389
XP_031113669.1	445154	0.411
XP_022974927.1	445154	0.393
QDM38905.1	445154	0.382
GAU13622.1	445154	0.371
VDC81140.1	445154	0.341
NP_001302991.1	445154	0.338
KAA3476227.1	445154	0.371
XP_013621576.1	445154	0.343
XP_009377277.2	445154	0.4
XP_013666324.1	445154	0.286
XP_007147290.1	445154	0.363
XP_012843823.1	445154	0.365
XP_017215417.1	445154	0.396
XP_018448007.1	445154	0.342
RID70902.1	445154	0.33
XP_013619549.1	445154	0.327
XP_022020628.1	445154	0.409
XP_018452323.1	445154	0.338
RYR75036.1	445154	0.371
VDD16621.1	445154	0.285
XP_019440430.1	445154	0.384
XP_025638642.1	445154	0.37
XP_004133821.1	445154	0.384
XP_018473411.1	445154	0.321
BAF75897.1	445154	0.376
XP_013718503.1	445154	0.337
NP_001235053.1	445154	0.363
XP_013693709.1	445154	0.3
AEM43000.1	445154	0.357
XP_030540984.1	445154	0.392
XP_022856674.1	445154	0.381
PNY00479.1	445154	0.364
PSS11327.1	445154	0.397
XP_022025292.1	445154	0.414
KAD3069084.1	445154	0.42
OTF87455.1	445154	0.414
KAA8520724.1	445154	0.403
XP_019440433.1	445154	0.38
BBN60796.1	445154	0.385
XP_010661895.1	445154	0.378
RVX09918.1	445154	0.377
RYR75035.1	445154	0.375
XP_006418419.1	445154	0.28
XP_004516402.1	445154	0.383
RYR02634.1	445154	0.347
AQD20582.1	445154	0.363
XP_022025130.1	445154	0.412
AGV54472.1	445154	0.365
XP_019238796.1	445154	0.362
XP_018466826.1	445154	0.334
XP_016514464.1	445154	0.374
RDX58704.1	445154	0.354
AAB61023.1	445154	0.365
EEF28476.1	445154	0.394
OVA00842.1	445154	0.386
ABL85472.1	445154	0.378
RVX04045.1	445154	0.389
QDM38907.1	445154	0.371
XP_026427676.1	445154	0.377
XP_024988961.1	445154	0.397
OAP17404.1	445154	0.212
XP_019459062.1	445154	0.365
ACD87062.1	445154	0.361
XP_009616889.1	445154	0.374
AKA44589.1	445154	0.391
NP_001322549.1	445154	0.217
XP_019072060.1	445154	0.389
RVW43180.1	445154	0.391
XP_031270892.1	445154	0.373
At_72B3_S42	445154	0.212
XP_019100747.1	445154	0.348
AFJ52916.1	445154	0.395
TYJ04825.1	445154	0.404
RWR93185.1	445154	0.357
XP_002303638.2	445154	0.381
XP_003553781.1	445154	0.363
RQO88325.1	445154	0.381
RWR96520.1	445154	0.332
XP_028080981.1	445154	0.392
XP_030951917.1	445154	0.386
XP_028063333.1	445154	0.372
XP_028098461.1	445154	0.403
KAB5564590.1	445154	0.388
XP_010099247.1	445154	0.377
XP_027337373.1	445154	0.387
BAD43267.1	445154	0.237
XP_023899281.1	445154	0.388
XP_026427938.1	445154	0.357
XP_028065575.1	445154	0.4
XP_028054563.1	445154	0.373
EPS59751.1	445154	0.359
PIA49079.1	445154	0.374
TXG63000.1	445154	0.395
XP_015089477.1	445154	0.379
XP_011022526.1	445154	0.379
TMW85405.1	445154	0.384
XP_010556588.1	445154	0.312
OVA01929.1	445154	0.393
XP_019191013.1	445154	0.375
KAE8056013.1	445154	0.391
XP_022974940.1	445154	0.351
XP_028059417.1	445154	0.366
XP_006366559.1	445154	0.393
XP_022974942.1	445154	0.351
VVA89659.1	445154	0.3
RAL54197.1	445154	0.384
XP_022974660.1	445154	0.351
XP_027335905.1	445154	0.368
EOY24973.1	445154	0.358
XP_010097012.1	445154	0.376
XP_011037843.1	445154	0.4
XP_023876142.1	445154	0.372
PON42713.1	445154	0.362
RZC84887.1	445154	0.357
XP_022924263.1	445154	0.347
XP_026441302.1	445154	0.376
XP_031259635.1	445154	0.367
XP_028117631.1	445154	0.384
XP_002320189.1	445154	0.399
XP_004248451.1	445154	0.391
OVA00841.1	445154	0.399
XP_026441342.1	445154	0.365
XP_030962275.1	445154	0.366
XP_027335906.1	445154	0.373
XP_028109187.1	445154	0.4
KAB1215467.1	445154	0.362
KAB1215466.1	445154	0.373
PON67268.1	445154	0.357
XP_006428662.1	445154	0.376
PON45254.1	445154	0.355
ALO19887.1	445154	0.389
XP_023527086.1	445154	0.345
BAG71125.1	445154	0.372
XP_028083158.1	445154	0.382
PIA49078.1	445154	0.384
XP_023540105.1	445154	0.362
XP_023898879.1	445154	0.366
PON42712.1	445154	0.402
TXG50642.1	445154	0.393
KDO53101.1	445154	0.387
XP_027335907.1	445154	0.349
PON82465.1	445154	0.36
XP_022940881.1	445154	0.359
XP_023539566.1	445154	0.357
PON67267.1	445154	0.397
XP_006428661.1	445154	0.388
XP_023538925.1	445154	0.357
XP_028116183.1	445154	0.368
XP_022979637.1	445154	0.346
XP_006480472.1	445154	0.388
PQM42555.1	445154	0.379
XP_022773420.1	445154	0.386
XP_017420568.1	445154	0.373
XP_022924261.1	445154	0.368
XP_022773430.1	445154	0.378
XP_021630615.1	445154	0.386
XP_017972637.1	445154	0.36
OTG12201.1	445154	0.413
TEY60069.1	445154	0.398
XP_004298887.1	445154	0.398
XP_009352454.1	445154	0.394
XP_008437917.1	445154	0.317
XP_022733338.1	445154	0.362
TXG50643.1	445154	0.387
XP_022979636.1	445154	0.37
XP_022962318.1	445154	0.374
XP_004133820.1	445154	0.33
XP_030966638.1	445154	0.361
PQM36760.1	445154	0.371
PNY17877.1	445154	0.364
XP_031111378.1	445154	0.386
PIA50732.1	445154	0.364
KAB2632894.1	445154	0.402
THG08086.1	445154	0.374
EFH65628.1	445154	0.272
XP_007221237.1	445154	0.373
XP_030966515.1	445154	0.369
XP_021282804.1	445154	0.362
XP_023527084.1	445154	0.371
XP_031262995.1	445154	0.353
XP_023875154.1	445154	0.352
XP_023914549.1	445154	0.353
XP_010669272.1	445154	0.346
XP_022974954.1	445154	0.363
TEY88698.1	445154	0.375
XP_023923919.1	445154	0.367
XP_023927464.1	445154	0.375
XP_007210088.2	445154	0.369
PON70228.1	445154	0.366
PQM42556.1	445154	0.386
XP_023876189.1	445154	0.372
KFK42529.1	445154	0.295
XP_023905554.1	445154	0.36
PKA58963.1	445154	0.338
RWV80402.1	445154	0.371
XP_013444665.1	445154	0.35
VVA41615.1	445154	0.362
RHN39749.1	445154	0.35
GAY55503.1	445154	0.385
XP_009390686.1	445154	0.365
KAB2632893.1	445154	0.405
XP_006428663.1	445154	0.386
KDO53104.1	445154	0.385
XP_024173660.1	445154	0.382
XP_030967543.1	445154	0.373
XP_013444666.1	445154	0.358
BBH03455.1	445154	0.369
OMO79698.1	445154	0.375
XP_016548096.1	445154	0.372
XP_015887649.1	445154	0.354
XP_030967178.1	445154	0.351
XP_027942208.1	445154	0.376
KAE8709427.1	445154	0.396
KCW78154.1	445154	0.373
XP_021818670.1	445154	0.376
XP_020688777.1	445154	0.359
XP_024171487.1	445154	0.358
XP_016651183.1	445154	0.395
XP_009352389.1	445154	0.403
XP_023905565.1	445154	0.356
XP_015896245.2	445154	0.381
XP_020598869.1	445154	0.361
XP_015896385.1	445154	0.356
XP_006480475.3	445154	0.386
XP_007137358.1	445154	0.367
XP_028959530.1	445154	0.398
XP_021818669.1	445154	0.392
XP_030962213.1	445154	0.358
XP_014498589.1	445154	0.377
XP_023927676.1	445154	0.351
XP_023905553.1	445154	0.346
PQM36756.1	445154	0.403
XP_023923918.1	445154	0.355
XP_016651448.1	445154	0.377
XP_008233421.1	445154	0.36
XP_026387555.1	445154	0.351
RZC91322.1	445154	0.389
XP_028060824.1	445154	0.34
XP_010097013.1	445154	0.37
XP_024935212.1	445154	0.359
XP_008776769.1	445154	0.332
TXG62573.1	445154	0.394
XP_027080544.1	445154	0.36
RZS21721.1	445154	0.37
XP_021894852.1	445154	0.361
XP_027183221.1	445154	0.36
BBG97629.1	445154	0.371
PQM42558.1	445154	0.38
XP_012086751.1	445154	0.37
PQQ12479.1	445154	0.374
XP_007208773.1	445154	0.386
OMO79697.1	445154	0.358
XP_004308317.1	445154	0.365
XP_021808075.1	445154	0.367
XP_023876282.1	445154	0.366
XP_030967080.1	445154	0.346
TQE01757.1	445154	0.361
XP_030963914.1	445154	0.363
XP_023905005.1	445154	0.363
PRQ58413.1	445154	0.373
AFJ52927.1	445154	0.36
XP_030502948.1	445154	0.348
XP_018854221.1	445154	0.353
XP_007219620.1	445154	0.366
XP_015888996.1	445154	0.35
XP_027084191.1	445154	0.368
XP_025625669.1	445154	0.346
XP_008392435.2	445154	0.362
RYR16256.1	445154	0.338
PON60902.1	445154	0.392
CDP12136.1	445154	0.36
XP_004300860.1	445154	0.378
XP_021972741.1	445154	0.377
AFJ52928.1	445154	0.361
XP_023874385.1	445154	0.333
KAB2608731.1	445154	0.362
BBH03453.1	445154	0.369
KAB2620791.1	445154	0.358
XP_016186417.1	445154	0.346
RYR75032.1	445154	0.339
XP_021760344.1	445154	0.35
PON70230.1	445154	0.394
OMO79739.1	445154	0.36
QCE16900.1	445154	0.379
XP_021748457.1	445154	0.376
XP_010673995.1	445154	0.345
XP_015948064.1	445154	0.353
XP_015962761.1	445154	0.336
EOY24974.1	445154	0.359
XP_023770174.1	445154	0.359
XP_008392434.2	445154	0.398
XP_026437336.1	445154	0.394
XP_015887635.1	445154	0.368
XP_015887659.1	445154	0.352
RZC43921.1	445154	0.378
XP_018854234.1	445154	0.36
XP_030488881.1	445154	0.364
XP_026391414.1	445154	0.379
PON70231.1	445154	0.399
XP_021280374.1	445154	0.349
Fe_72AC1_S64	445154	0.362
XP_016194287.1	445154	0.343
OMP02956.1	445154	0.359
OTG20252.1	445154	0.372
XP_018853450.1	445154	0.36
XP_024176309.1	445154	0.356
XP_031263012.1	445154	0.365
XP_015887616.1	445154	0.343
EXB37611.1	445154	0.363
KAB2608864.1	445154	0.362
PON60901.1	445154	0.371
XP_026440398.1	445154	0.389
XP_024174915.1	445154	0.395
XP_020595172.1	445154	0.349
THU53535.1	445154	0.374
XP_020097900.1	445154	0.337
XP_010925766.1	445154	0.348
ESR60210.1	445154	0.39
XP_009404467.1	445154	0.34
XP_006446970.2	445154	0.39
XP_009385373.1	445154	0.352
TXG62999.1	445154	0.351
XP_009421247.1	445154	0.346
PWA87820.1	445154	0.398
KAB1225261.1	445154	0.341
RWW35750.1	445154	0.362
XP_006468867.2	445154	0.39
RZS11174.1	445154	0.364
RWW04150.1	445154	0.361
VAH71365.1	445154	0.362
XP_026377638.1	445154	0.375
EXC24804.1	445154	0.351
XP_010913987.1	445154	0.337
XP_026444311.1	445154	0.341
XP_009419775.1	445154	0.374
AGN33444.1	445154	0.362
RZC91321.1	445154	0.4
KAB1225223.1	445154	0.379
GAY51363.1	445154	0.372
XP_026432439.1	445154	0.391
PRQ17466.1	445154	0.394
XP_031474233.1	445154	0.313
XP_006444878.1	445154	0.372
XP_020675409.1	445154	0.337
XP_010676324.1	445154	0.344
XP_010104975.1	445154	0.379
XP_009385281.1	445154	0.352
XP_021748197.1	445154	0.362
XP_006491242.1	445154	0.372
VAH55626.1	445154	0.337
KAD4384764.1	445154	0.354
XP_023766485.1	445154	0.384
CBI75538.1	445154	0.343
XP_019189284.1	445154	0.35
XP_028106974.1	445154	0.366
XP_026409796.1	445154	0.369
XP_020153378.1	445154	0.326
OEL25784.1	445154	0.329
XP_030489460.1	445154	0.369
RWR78434.1	445154	0.314
XP_024996321.1	445154	0.382
TXG62998.1	445154	0.343
PWA80144.1	445154	0.399
ERN08924.1	445154	0.323
PKA63597.1	445154	0.329
XP_018852773.1	445154	0.34
GAV72129.1	445154	0.401
XP_006847343.2	445154	0.323
XP_010916760.1	445154	0.369
RHN38758.1	445154	0.337
GAV72135.1	445154	0.403
XP_031131325.1	445154	0.352
XP_010925982.2	445154	0.377
BAJ88919.1	445154	0.338
AET01253.1	445154	0.358
TKW01488.1	445154	0.325
RWW58395.1	445154	0.357
RWR96519.1	445154	0.371
PKA55940.1	445154	0.325
PKA55942.1	445154	0.319
XP_020186241.1	445154	0.364
PUZ45400.1	445154	0.336
XP_003577390.2	445154	0.359
KAD6453115.1	445154	0.377
XP_025827999.1	445154	0.334
XP_020687996.1	445154	0.321
XP_012704051.1	445154	0.328
VAH71673.1	445154	0.361
CDM80806.1	445154	0.36
KAD6453114.1	445154	0.371
XP_020192004.1	445154	0.356
KMZ60216.1	445154	0.358
RZC73287.1	445154	0.375
VAH56229.1	445154	0.372
TKW01216.1	445154	0.348
XP_006847344.1	445154	0.343
VAH71364.1	445154	0.365
PWZ29387.1	445154	0.343
Zm_85854_S107	445154	0.342
RLM70119.1	445154	0.327
BAJ90124.1	445154	0.39
RHN38762.1	445154	0.362
XP_002438627.1	445154	0.368
GAY66988.1	445154	0.396
XP_004979487.1	445154	0.348
CDM80576.1	445154	0.369
XP_002449704.1	445154	0.373
XP_020597649.1	445154	0.36
THU73688.1	445154	0.352
XP_002451052.1	445154	0.312
AFJ52918.1	445154	0.336
XP_022002714.1	445154	0.4
RRT69830.1	445154	0.368
XP_020196280.1	445154	0.388
XP_010109870.1	445154	0.391
XP_021757633.1	445154	0.336
VAH71311.1	445154	0.362
XP_024986403.1	445154	0.382
KAE8791251.1	445154	0.388
ACF83865.1	445154	0.351
EAY81508.1	445154	0.348
XP_015617717.1	445154	0.347
VAI43680.1	445154	0.38
KMZ56482.1	445154	0.34
Zm_72068_S106	445154	0.349
PSS11326.1	445154	0.398
XP_002449789.1	445154	0.313
XP_020105798.1	445154	0.355
TVU35888.1	445154	0.388
KAD6453113.1	445154	0.382
XP_020083844.1	445154	0.356
OEL17382.1	445154	0.37
KMZ60218.1	445154	0.356
VAI55268.1	445154	0.39
XP_025828073.1	445154	0.338
XP_020695418.1	445154	0.34
RLM69097.1	445154	0.343
XP_020105797.1	445154	0.359
XP_021846688.1	445154	0.354
KNA18881.1	445154	0.354
NP_001147512.2	445154	0.331
ACG27777.1	445154	0.324
TVU35896.1	445154	0.395
XP_020105795.1	445154	0.359
TVU35925.1	445154	0.392
XP_028115147.1	445154	0.378
ACF84281.1	445154	0.346
XP_020588992.1	445154	0.323
XP_004969192.1	445154	0.351
XP_021896916.1	445154	0.397
XP_020701576.1	445154	0.34
XP_030510784.1	445154	0.356
ACG27865.1	445154	0.351
AFJ52926.1	445154	0.366
XP_025828666.1	445154	0.346
TKW15446.1	445154	0.356
AFJ52920.1	445154	0.34
THU54631.1	445154	0.362
KMZ67923.1	445154	0.336
EAY75001.1	445154	0.367
Os_72J1_S88	445154	0.365
RLM93102.1	445154	0.348
RYR75034.1	445154	0.42
KAB8082283.1	445154	0.366
XP_020105799.1	445154	0.337
XP_020105796.1	445154	0.361
PKU75271.1	445154	0.34
XP_016437689.1	445154	0.409
XP_004980356.4	445154	0.356
CDY48501.1	445154	0.418
XP_010089285.1	445154	0.361
XP_020105801.1	445154	0.362
PUZ55763.1	445154	0.35
TKW01212.1	445154	0.337
XP_020689365.2	445154	0.329
VAH25569.1	445154	0.359
XP_021753830.1	445154	0.357
XP_025814035.1	445154	0.353
PKU79922.1	445154	0.329
KDO53102.1	445154	0.415
XP_024935215.1	445154	0.389
XP_010232036.1	445154	0.39
XP_004979486.1	445154	0.338
XP_022950028.1	445154	0.413
XP_017186743.2	445154	0.387
BAJ85873.1	445154	0.355
KAE8767970.1	445154	0.354
BAJ96725.1	445154	0.355
Lu_72M2_S80	445154	0.326
KMZ60217.1	445154	0.355
XP_020182253.1	445154	0.362
OEL21453.1	445154	0.378
VAI80982.1	445154	0.345
RRT56934.1	445154	0.383
XP_020105803.1	445154	0.361
EYU23378.1	445154	0.363
PLY71386.1	445154	0.361
KAE8778640.1	445154	0.355
XP_031472571.1	445154	0.325
XP_020105800.1	445154	0.333
XP_009402932.1	445154	0.382
XP_020595201.1	445154	0.321
EAY74998.1	445154	0.375
THU63536.1	445154	0.372
XP_025809966.1	445154	0.332
GAV56904.1	445154	0.427
CDY67473.1	445154	0.416
KMT20342.1	445154	0.412
XP_022974643.1	445154	0.415
AVY91705.1	445154	0.372
AZQ26912.1	445154	0.349
VAH41353.1	445154	0.344
PUZ74862.1	445154	0.354
XP_010232034.1	445154	0.344
RLN09385.1	445154	0.364
XP_031482697.1	445154	0.324
PUZ74860.1	445154	0.332
XP_020584449.1	445154	0.34
VAI80983.1	445154	0.391
VAI93173.1	445154	0.365
XP_020151722.1	445154	0.37
VAH71674.1	445154	0.358
VAI93174.1	445154	0.365
XP_020685543.1	445154	0.324
XP_020199515.1	445154	0.357
VAH56230.1	445154	0.358
Zm_56026_S100	445154	0.329
VAI93099.1	445154	0.364
XP_025809955.1	445154	0.348
PUZ70374.1	445154	0.347
VAI93100.1	445154	0.364
XP_020407265.1	445154	0.329
XP_021314361.1	445154	0.35
KAE8767962.1	445154	0.353
XP_025878635.1	445154	0.37
PWZ26667.1	445154	0.331
XP_025799731.1	445154	0.348
XP_010327004.1	445154	0.418
RLN09683.1	445154	0.365
XP_021896984.1	445154	0.416
VAH36991.1	445154	0.356
CDM80561.1	445154	0.358
XP_026440529.1	445154	0.431
EAY85163.1	445154	0.375
VAH43105.1	445154	0.349
VAI93166.1	445154	0.358
XP_006648495.1	445154	0.368
PKA55905.1	445154	0.33
EES01087.1	445154	0.366
XP_015624368.1	445154	0.353
NP_001148283.2	445154	0.328
XP_015629899.1	445154	0.381
VAH70762.1	445154	0.365
BAS77848.1	445154	0.353
ACG30396.1	445154	0.327
XP_025797192.1	445154	0.387
KAB8086632.1	445154	0.354
OAY83401.1	445154	0.343
XP_002462236.1	445154	0.354
RLM78740.1	445154	0.335
EAY75000.1	445154	0.382
TVU35891.1	445154	0.369
VAI01882.1	445154	0.364
VAI01884.1	445154	0.364
PWZ26461.1	445154	0.334
XP_026444310.1	445154	0.38
XP_006663026.1	445154	0.376
PUZ74863.1	445154	0.362
XP_021896917.1	445154	0.404
KAE8817493.1	445154	0.372
XP_026395897.1	445154	0.425
Os_72H3_S87	445154	0.387
XP_017971763.1	445154	0.302
XP_021275067.1	445154	0.26
EEC72810.1	445154	0.39
VAH52282.1	445154	0.363
EEC72809.1	445154	0.357
XP_015624646.1	445154	0.315
XP_020151630.1	445154	0.355
XP_020151761.1	445154	0.347
XP_006646112.1	445154	0.368
XP_010228991.1	445154	0.39
EOX91166.1	445154	0.303
XP_020196329.1	445154	0.371
XP_002440798.1	445154	0.336
XP_021314552.1	445154	0.344
XP_007224069.1	445154	0.261
XP_003635298.1	445154	0.261
BAK07330.1	445154	0.372
XP_031250459.1	445154	0.316
KAE8817495.1	445154	0.355
PQQ03749.1	445154	0.262
BAJ93179.1	445154	0.38
RCV04689.1	445154	0.356
RVX23167.1	445154	0.262
KAE8807738.1	445154	0.381
XP_021817339.1	445154	0.237
XP_022143084.1	445154	0.286
VVA30860.1	445154	0.26
XP_022752954.1	445154	0.297
EOX91167.1	445154	0.272
XP_003571160.1	445154	0.357
XP_008219318.1	445154	0.264
XP_007047010.2	445154	0.271
XP_002273356.1	445154	0.285
BAJ97865.1	445154	0.356
XP_008219317.1	445154	0.261
XP_021817338.1	445154	0.272
PQM38924.1	445154	0.262
XP_030449082.1	445154	0.354
RVW23065.1	445154	0.285
XP_008219313.1	445154	0.268
AFJ52921.1	445154	0.263
XP_007222804.1	445154	0.269
XP_021803134.1	445154	0.238
XP_004299647.1	445154	0.315
XP_010278886.1	445154	0.307
TQD98341.1	445154	0.266
VVA30861.1	445154	0.277
XP_027149646.1	445154	0.292
XP_028951143.1	445154	0.259
XP_022773980.1	445154	0.264
XP_019174617.1	445154	0.354
XP_020193441.1	445154	0.379
XP_027938543.1	445154	0.271
XP_027094782.1	445154	0.294
XP_008219319.1	445154	0.236
QCD78318.1	445154	0.309
XP_022738554.1	445154	0.255
VVA30862.1	445154	0.296
XP_028771818.1	445154	0.28
XP_019152850.1	445154	0.32
XP_016646948.1	445154	0.268
XP_027933033.1	445154	0.315
XP_012828449.1	445154	0.264
XP_027159492.1	445154	0.298
OMO84288.1	445154	0.259
XP_017429614.1	445154	0.279
XP_010060179.1	445154	0.373
XP_011025719.1	445154	0.273
XP_022861206.1	445154	0.289
XP_030529623.1	445154	0.249
XP_027149647.1	445154	0.294
XP_016705725.1	445154	0.281
AYN74351.1	445154	0.305
XP_027068999.1	445154	0.299
XP_027076712.1	445154	0.298
TYJ04077.1	445154	0.273
XP_028802012.1	445154	0.274
XP_024169626.1	445154	0.247
XP_027332574.1	445154	0.296
TQE08416.1	445154	0.402
XP_004136284.1	445154	0.299
TYG89092.1	445154	0.274
PQM33315.1	445154	0.298
XP_024169627.1	445154	0.263
XP_030528347.1	445154	0.286
KAB5547683.1	445154	0.268
XP_028085423.1	445154	0.269
TXG59587.1	445154	0.277
XP_007141200.1	445154	0.266
KAA8546791.1	445154	0.265
TYH37925.1	445154	0.267
XP_023908555.1	445154	0.247
RLN08333.1	445154	0.395
XP_030533105.1	445154	0.365
XP_010026163.1	445154	0.277
XP_027165353.1	445154	0.295
TYI49998.1	445154	0.267
XP_027089841.1	445154	0.294
XP_031118552.1	445154	0.331
PRQ21850.1	445154	0.247
KAE8694634.1	445154	0.436
XP_020410732.1	445154	0.276
TQD97851.1	445154	0.287
TXG52768.1	445154	0.25
CBI17565.3	445154	0.302
XP_003571661.1	445154	0.349
PPS12196.1	445154	0.275
XP_027938948.1	445154	0.287
XP_022739571.1	445154	0.282
XP_031278236.1	445154	0.29
XP_027913334.1	445154	0.295
OVA18812.1	445154	0.258
XP_012436930.1	445154	0.269
XP_030462691.1	445154	0.282
XP_024169625.1	445154	0.247
ONI35172.1	445154	0.295
XP_020222645.1	445154	0.302
XP_024169343.1	445154	0.258
KAB2628938.1	445154	0.286
BAO51842.1	445154	0.324
PQQ03753.1	445154	0.269
TYG40197.1	445154	0.267
XP_030924030.1	445154	0.25
XP_011087901.1	445154	0.306
KAA8530835.1	445154	0.245
XP_011087902.1	445154	0.278
F8WKW1.1	445154	0.306
KAB2628937.1	445154	0.286
XP_031250448.1	445154	0.276
KAA8531811.1	445154	0.302
AFJ52922.1	445154	0.273
XP_008219457.1	445154	0.261
XP_010027911.1	445154	0.288
BAG80542.1	445154	0.338
KAB2628913.1	445154	0.28
VAH43106.1	445154	0.367
XP_024185263.1	445154	0.25
PQM38920.1	445154	0.265
XP_023908674.1	445154	0.249
XP_021896985.1	445154	0.416
VVA34437.1	445154	0.293
CDP01076.1	445154	0.294
XP_018834675.1	445154	0.291
PQM38919.1	445154	0.281
XP_030449163.1	445154	0.368
XP_010242476.1	445154	0.335
XP_010060137.1	445154	0.356
VVA30863.1	445154	0.258
XP_018826383.1	445154	0.319
BBE52863.1	445154	0.284
RVX02036.1	445154	0.343
XP_012858201.1	445154	0.335
ABV68925.1	445154	0.288
XP_011465456.1	445154	0.251
XP_031118551.1	445154	0.333
XP_030973387.1	445154	0.245
KHN13067.1	445154	0.305
XP_009334337.1	445154	0.288
QCD90996.1	445154	0.295
XP_022773878.1	445154	0.284
XP_002268845.1	445154	0.271
PQQ03751.1	445154	0.289
PpUGT85A2_S174	445154	0.284
XP_003571159.1	445154	0.353
XP_024179480.1	445154	0.255
XP_012858542.1	445154	0.285
KAA8530838.1	445154	0.276
KAB2628912.1	445154	0.284
XP_008386105.1	445154	0.299
RLM80140.1	445154	0.333
XP_019225689.1	445154	0.339
XP_012828379.1	445154	0.305
XP_031114489.1	445154	0.35
XP_020421825.1	445154	0.299
TKW37034.1	445154	0.36
AMQ26120.1	445154	0.302
AFK34769.1	445154	0.293
XP_021817332.1	445154	0.269
XP_012446985.1	445154	0.271
TYH72335.1	445154	0.271
XP_010060186.1	445154	0.37
XP_031392860.1	445154	0.273
RVX01823.1	445154	0.351
PQM38923.1	445154	0.272
XP_030533133.1	445154	0.378
XP_008234175.1	445154	0.297
XP_024185954.1	445154	0.255
PKI54239.1	445154	0.274
XP_028109021.1	445154	0.365
TQD98340.1	445154	0.304
XP_009341756.1	445154	0.301
TQE12065.1	445154	0.327
XP_028202619.1	445154	0.303
XP_022738441.1	445154	0.256
PQQ10244.1	445154	0.288
XP_030973523.1	445154	0.257
XP_018437154.1	445154	0.285
XP_008234165.1	445154	0.298
GER36420.1	445154	0.297
XP_003542333.1	445154	0.264
XP_003546715.1	445154	0.307
XP_027075613.1	445154	0.304
BBD34312.1	445154	0.252
KAB2628933.1	445154	0.288
TKY56268.1	445154	0.266
XP_020548990.1	445154	0.367
VAH27329.1	445154	0.378
XP_007208223.1	445154	0.302
KAA3475613.1	445154	0.265
Vv_88A12_S95	445154	0.345
XP_004951336.1	445154	0.341
TXG60173.1	445154	0.3
XP_021684458.1	445154	0.243
XP_010025429.2	445154	0.283
KAB2628932.1	445154	0.301
XP_007225655.1	445154	0.255
XP_028109022.1	445154	0.367
XP_021900789.1	445154	0.244
VVA30858.1	445154	0.294
AYC63482.1	445154	0.327
XP_002310203.2	445154	0.279
KAB1225225.1	445154	0.35
VVA30855.1	445154	0.284
XP_009341754.1	445154	0.3
RLM80840.1	445154	0.399
KCW75717.1	445154	0.353
XP_004299648.1	445154	0.296
ADV71360.1	445154	0.316
XP_022861223.1	445154	0.304
PQQ03759.1	445154	0.297
PSS04403.1	445154	0.365
PSS26569.1	445154	0.295
XP_030527682.1	445154	0.29
TQD97843.1	445154	0.293
XP_008466222.1	445154	0.291
OWM79962.1	445154	0.274
XP_021826732.1	445154	0.271
PNT26817.1	445154	0.279
TKW37036.1	445154	0.341
RWR89931.1	445154	0.294
VVA30854.1	445154	0.302
XP_008219316.1	445154	0.243
XP_009335348.1	445154	0.315
XP_003634093.1	445154	0.344
AXL95248.1	445154	0.259
XP_021888881.1	445154	0.274
XP_031118548.1	445154	0.334
XP_019225688.1	445154	0.342
KAB1200424.1	445154	0.275
XP_007156903.1	445154	0.316
XP_020091104.1	445154	0.298
XP_024166213.1	445154	0.28
XP_017969432.1	445154	0.268
XP_010051880.2	445154	0.348
VVA30856.1	445154	0.269
XP_012489269.1	445154	0.266
XP_023928252.1	445154	0.257
XP_022867883.1	445154	0.297
XP_021811148.1	445154	0.272
TQD97847.1	445154	0.297
XP_022936608.1	445154	0.277
XP_024173657.1	445154	0.261
XP_031401902.1	445154	0.305
XP_030944958.1	445154	0.269
KAE8694072.1	445154	0.268
RQL88191.1	445154	0.27
PNX95999.1	445154	0.335
PPD81525.1	445154	0.273
XP_028965527.1	445154	0.328
XP_004960627.1	445154	0.37
RXH87523.1	445154	0.328
XP_024162032.1	445154	0.329
XP_020548991.1	445154	0.354
XP_021640002.1	445154	0.24
VVA40472.1	445154	0.296
RYR02635.1	445154	0.425
NP_001312643.1	445154	0.262
XP_018819747.1	445154	0.297
XP_021817337.1	445154	0.277
KAB1214607.1	445154	0.332
EOX91165.1	445154	0.268
XP_008219322.1	445154	0.262
XP_010070034.1	445154	0.275
XP_007222664.1	445154	0.294
AXL95243.1	445154	0.297
XP_026437867.1	445154	0.26
XP_031251671.1	445154	0.27
XP_030533196.1	445154	0.365
RVX01900.1	445154	0.391
XP_018859479.1	445154	0.278
OAY72348.1	445154	0.301
XP_017426929.1	445154	0.335
XP_012828429.1	445154	0.245
TKW24878.1	445154	0.37
KAB1998161.1	445154	0.247
XP_019157928.1	445154	0.311
KAE8694069.1	445154	0.268
XP_008237171.1	445154	0.302
TYH37927.1	445154	0.247
VDC98294.1	445154	0.262
PSS04402.1	445154	0.377
PQM42311.1	445154	0.291
ADL67595.1	445154	0.281
AYO91697.1	445154	0.27
XP_018834542.1	445154	0.272
PON90934.1	445154	0.248
TYH99359.1	445154	0.269
XP_008236255.1	445154	0.326
RDX80086.1	445154	0.268
XP_017634490.1	445154	0.265
GAV92510.1	445154	0.298
XP_016748829.1	445154	0.298
AYC63486.1	445154	0.289
XP_022884523.1	445154	0.275
XP_007207189.1	445154	0.271
RWR89930.1	445154	0.303
TYG92800.1	445154	0.267
XP_013461088.2	445154	0.273
XP_019157929.1	445154	0.311
XP_016716276.1	445154	0.262
XP_026391216.1	445154	0.255
XP_031123811.1	445154	0.316
KAA8539974.1	445154	0.35
XP_028754374.1	445154	0.33
XP_016681086.1	445154	0.267
PPR93284.1	445154	0.267
XP_007199429.1	445154	0.302
XP_007222427.1	445154	0.297
TYG43965.1	445154	0.267
XP_002276981.1	445154	0.386
XP_016571547.1	445154	0.379
KAA8528293.1	445154	0.278
XP_009783230.1	445154	0.258
OWM79597.1	445154	0.359
XP_014751813.1	445154	0.354
XP_002276715.1	445154	0.35
XP_021824044.1	445154	0.284
TYJ35477.1	445154	0.298
XP_018842900.1	445154	0.263
XP_028962301.1	445154	0.277
XP_030463270.1	445154	0.288
XP_016570851.1	445154	0.381
XP_019174616.1	445154	0.363
XP_010070033.1	445154	0.276
PQM33311.1	445154	0.264
XP_008219314.2	445154	0.248
XP_030933605.1	445154	0.353
KJB48447.1	445154	0.247
XP_021808262.1	445154	0.246
XP_020548989.1	445154	0.37
GAV61951.1	445154	0.298
XP_028788046.1	445154	0.33
XP_008649435.1	445154	0.349
XP_030923745.1	445154	0.273
PQM33314.1	445154	0.314
XP_009341757.1	445154	0.295
XP_017627785.1	445154	0.299
XP_018834541.1	445154	0.271
XP_010060113.1	445154	0.35
XP_016569001.1	445154	0.391
KAB2617060.1	445154	0.276
XP_031385506.1	445154	0.305
TEY52224.1	445154	0.315
KAB2617061.1	445154	0.296
XP_023535015.1	445154	0.279
XP_016569219.1	445154	0.395
XP_021632249.1	445154	0.275
XP_021687535.1	445154	0.292
BAU00124.1	445154	0.335
XP_027106248.1	445154	0.324
XP_007047909.1	445154	0.282
RZC89580.1	445154	0.304
XP_006363269.1	445154	0.362
XP_021274470.1	445154	0.273
XP_027332137.1	445154	0.285
XP_014519607.1	445154	0.314
TYH42367.1	445154	0.268
PNY11480.1	445154	0.271
XP_016731436.1	445154	0.247
PON47388.1	445154	0.27
XP_027106246.1	445154	0.298
XP_031393879.1	445154	0.359
CDO97432.1	445154	0.324
TYJ08218.1	445154	0.268
EOY00346.1	445154	0.328
XP_019260770.1	445154	0.27
TYI49999.1	445154	0.249
XP_021592725.1	445154	0.367
XP_012828350.1	445154	0.246
XP_023877803.1	445154	0.347
KAA8538103.1	445154	0.269
XP_008236256.1	445154	0.321
XP_030514542.1	445154	0.243
PIA31353.1	445154	0.252
XP_024199767.1	445154	0.317
XP_021301174.1	445154	0.271
AIL51400.1	445154	0.277
XP_010060171.1	445154	0.353
XP_027161530.1	445154	0.298
XP_031400267.1	445154	0.327
PPS02913.1	445154	0.297
TXG52767.1	445154	0.285
XP_010030882.1	445154	0.284
XP_008386170.2	445154	0.282
XP_006425732.1	445154	0.255
XP_004299646.1	445154	0.28
ACJ84649.1	445154	0.308
XP_021274537.1	445154	0.278
XP_022740300.1	445154	0.269
XP_024021993.1	445154	0.265
TYG75604.1	445154	0.281
TKY56267.1	445154	0.254
XP_008219456.1	445154	0.298
XP_008386104.1	445154	0.309
XP_021275065.1	445154	0.257
XP_003615138.1	445154	0.309
KDO79472.1	445154	0.254
KAE8701239.1	445154	0.267
XP_013443149.1	445154	0.29
XP_009783229.1	445154	0.258
BAG80541.1	445154	0.245
XP_002310553.1	445154	0.282
XP_027158722.1	445154	0.322
KAB2628917.1	445154	0.296
XP_024456385.1	445154	0.278
XP_010098615.1	445154	0.294
PSR99870.1	445154	0.3
XP_010558128.1	445154	0.27
RVW94547.1	445154	0.37
XP_028086362.1	445154	0.288
TXG56366.1	445154	0.304
XP_008777481.1	445154	0.323
XP_007222658.1	445154	0.267
XP_030449081.1	445154	0.369
BAO51833.1	445154	0.29
XP_017257597.1	445154	0.364
EOX91168.1	445154	0.251
OVA02986.1	445154	0.34
PQQ10246.1	445154	0.299
XP_007047011.2	445154	0.248
XP_002310204.3	445154	0.271
XP_004237927.1	445154	0.387
ABK95289.1	445154	0.28
XP_021900833.1	445154	0.262
XP_002306303.3	445154	0.278
KAB5556487.1	445154	0.255
XP_021662552.1	445154	0.28
XP_009630994.1	445154	0.307
RWR84081.1	445154	0.251
XP_007141191.1	445154	0.259
XP_007044514.2	445154	0.326
XP_006426368.1	445154	0.265
PON50347.1	445154	0.262
EOX92065.1	445154	0.254
KAE8694075.1	445154	0.272
XP_012084448.1	445154	0.335
THG12731.1	445154	0.288
XP_002866746.1	445154	0.282
XP_021757841.1	445154	0.317
TYI88921.1	445154	0.306
XP_010051878.1	445154	0.346
XP_021817335.1	445154	0.294
XP_010040922.1	445154	0.263
XP_011031049.1	445154	0.259
TQE12067.1	445154	0.315
XP_011468341.1	445154	0.249
XP_030469121.1	445154	0.275
XP_020089931.1	445154	0.279
XP_007047910.1	445154	0.275
XP_027112842.1	445154	0.322
XP_003613351.1	445154	0.326
GER55530.1	445154	0.343
XP_030935201.1	445154	0.345
TYI28424.1	445154	0.297
XP_016564611.1	445154	0.327
XP_021630829.1	445154	0.283
XP_011031048.1	445154	0.259
TYI89247.1	445154	0.281
XP_030462594.1	445154	0.263
XP_012469796.1	445154	0.281
XP_013454066.1	445154	0.279
XP_031385836.1	445154	0.289
XP_023874831.1	445154	0.267
PQQ21990.1	445154	0.327
AFK36738.1	445154	0.329
XP_017622406.1	445154	0.282
XP_016481329.1	445154	0.305
XP_002525853.1	445154	0.288
XP_024167972.1	445154	0.303
TEY23345.1	445154	0.259
VAI42144.1	445154	0.363
XP_006466245.1	445154	0.267
XP_022870692.1	445154	0.328
XP_016740786.1	445154	0.281
XP_028086353.1	445154	0.288
AYC63483.1	445154	0.25
XP_021301181.1	445154	0.255
G3FIN9.1	445154	0.289
XP_004289755.1	445154	0.337
OAY74261.1	445154	0.279
XP_020207847.1	445154	0.284
XP_022857409.1	445154	0.309
ACB56925.1	445154	0.344
XP_008236257.1	445154	0.346
XP_028799000.1	445154	0.291
XP_007153279.1	445154	0.299
AFK37311.1	445154	0.308
TXG56365.1	445154	0.318
KAB1199472.1	445154	0.391
XP_008219459.1	445154	0.295
XP_019152849.1	445154	0.281
XP_004237928.1	445154	0.32
AYN74348.1	445154	0.316
PQP96972.1	445154	0.293
KJB17816.1	445154	0.306
XP_007047908.2	445154	0.258
XP_021718499.1	445154	0.294
XP_030942266.1	445154	0.318
XP_026437779.1	445154	0.303
RDX93294.1	445154	0.285
VAI53635.1	445154	0.381
TXG52771.1	445154	0.274
BAJ91831.1	445154	0.376
XP_004237929.1	445154	0.303
XP_019152848.1	445154	0.281
XP_022975648.1	445154	0.293
KAB1210201.1	445154	0.27
XP_004289758.1	445154	0.341
XP_021629846.1	445154	0.289
XP_009625439.1	445154	0.296
XP_007207648.1	445154	0.3
XP_031250314.1	445154	0.273
XP_027939736.1	445154	0.234
KCW90584.1	445154	0.336
ACM09899.2	445154	0.275
XP_020090168.1	445154	0.29
VAH27290.1	445154	0.378
XP_011025720.1	445154	0.257
RXH87528.1	445154	0.316
KAB2094398.1	445154	0.28
TEY23346.1	445154	0.267
XP_014517915.1	445154	0.262
KAE8695913.1	445154	0.275
XP_010048298.1	445154	0.369
XP_016692353.1	445154	0.31
AIE12476.1	445154	0.278
XP_006393862.1	445154	0.291
XP_010026164.1	445154	0.276
XP_011023081.1	445154	0.292
VVA15544.1	445154	0.346
XP_027103667.1	445154	0.327
TEY48608.1	445154	0.263
XP_021815585.1	445154	0.29
XP_030935440.1	445154	0.347
XP_010029834.1	445154	0.272
XP_016722578.1	445154	0.273
XP_019157943.1	445154	0.317
RWW05102.1	445154	0.429
XP_021637855.1	445154	0.291
XP_024179482.1	445154	0.252
XP_030944602.1	445154	0.274
PQQ21989.1	445154	0.352
EYU18465.1	445154	0.254
ADL67596.1	445154	0.271
XP_012469458.1	445154	0.31
XP_030550908.1	445154	0.363
XP_028962118.1	445154	0.279
XP_030463269.1	445154	0.278
XP_031391753.1	445154	0.275
XP_002532877.2	445154	0.279
XP_030529522.1	445154	0.272
XP_010060091.2	445154	0.335
XP_018454972.1	445154	0.283
OAY72350.1	445154	0.286
PQQ03752.1	445154	0.286
XP_030444800.1	445154	0.287
XP_010060148.1	445154	0.343
TYH29087.1	445154	0.308
ANN02874.1	445154	0.275
XP_021823305.1	445154	0.347
XP_019423461.1	445154	0.256
TYJ47345.1	445154	0.308
VDD28736.1	445154	0.279
TYH79173.1	445154	0.281
VAI53633.1	445154	0.385
PKI77378.1	445154	0.275
XP_002263989.1	445154	0.27
AYC63477.1	445154	0.278
AWJ96786.1	445154	0.266
TYG40199.1	445154	0.247
AWJ96799.1	445154	0.254
XP_006357098.1	445154	0.271
XP_018847316.1	445154	0.372
XP_023875938.1	445154	0.347
XP_030973799.1	445154	0.339
G3FIN8.1	445154	0.283
XP_010667692.1	445154	0.317
PSS33025.1	445154	0.299
KAB2628941.1	445154	0.304
XP_010534239.1	445154	0.26
XP_030463272.1	445154	0.293
XP_019446273.1	445154	0.253
XP_031285382.1	445154	0.306
PIA62225.1	445154	0.34
KZV28903.1	445154	0.271
AWJ96788.1	445154	0.267
XP_022725843.1	445154	0.291
RLN29507.1	445154	0.357
XP_021658997.1	445154	0.343
AWJ96787.1	445154	0.266
XP_006357048.1	445154	0.248
XP_018715451.1	445154	0.287
PSS33026.1	445154	0.37
XP_007201501.2	445154	0.31
EPS66053.1	445154	0.31
EPS63474.1	445154	0.273
XP_009370709.2	445154	0.261
XP_010048299.1	445154	0.356
XP_021617385.1	445154	0.311
OVA18916.1	445154	0.351
At_72E2_S4	445154	0.33
XP_002268162.1	445154	0.277
KAE8707588.1	445154	0.257
XP_015085040.1	445154	0.265
XP_004289756.1	445154	0.339
XP_019081383.1	445154	0.372
XP_021911536.1	445154	0.281
XP_010037078.1	445154	0.323
EXB61152.1	445154	0.36
XP_015965216.1	445154	0.339
XP_008777480.1	445154	0.326
EXB29476.1	445154	0.265
ONH92638.1	445154	0.31
XP_021688449.1	445154	0.363
OAO95244.1	445154	0.331
CDO97426.1	445154	0.301
VAI53636.1	445154	0.393
GAY51608.1	445154	0.355
XP_009368718.2	445154	0.362
AWJ96789.1	445154	0.268
XP_031285322.1	445154	0.306
TEY45254.1	445154	0.287
BAO51840.1	445154	0.294
XP_020548992.1	445154	0.356
OMO50756.1	445154	0.342
XP_017623879.1	445154	0.311
PSS29221.1	445154	0.293
XP_017406819.1	445154	0.254
XP_026391205.1	445154	0.307
XP_019260769.1	445154	0.298
TXG59588.1	445154	0.276
XP_006363270.1	445154	0.32
XP_006447932.1	445154	0.356
PON90932.1	445154	0.265
XP_006852521.1	445154	0.344
VAI43682.1	445154	0.429
XP_010025430.1	445154	0.298
XP_021671412.1	445154	0.366
XP_028775640.1	445154	0.295
AWJ96846.1	445154	0.255
AWJ96833.1	445154	0.267
AWJ96815.1	445154	0.276
XP_028785468.1	445154	0.368
XP_028804021.1	445154	0.303
XP_018837443.1	445154	0.331
XP_010095579.2	445154	0.36
AWJ96822.1	445154	0.267
KAB5547682.1	445154	0.288
XP_006280388.1	445154	0.281
XP_013461085.1	445154	0.293
TXG59585.1	445154	0.287
XP_028090554.1	445154	0.362
KAA8529523.1	445154	0.331
XP_007224375.1	445154	0.291
XP_012079547.1	445154	0.283
AYN74350.1	445154	0.309
RHN68874.1	445154	0.293
BAG31949.1	445154	0.369
XP_031251694.1	445154	0.275
XP_021633642.1	445154	0.263
XP_021615564.1	445154	0.325
XP_006469356.1	445154	0.355
XP_016481331.1	445154	0.317
XP_024461436.1	445154	0.275
XP_012436931.1	445154	0.249
XP_030513369.1	445154	0.295
TXG60186.1	445154	0.265
XP_027938893.1	445154	0.245
XP_010040924.1	445154	0.275
XP_027338929.1	445154	0.27
XP_031398098.1	445154	0.278
AWJ96798.1	445154	0.262
XP_027112841.1	445154	0.276
XP_018716993.1	445154	0.279
TXG60182.1	445154	0.296
XP_027163880.1	445154	0.322
XP_017429149.1	445154	0.235
AWJ96793.1	445154	0.274
PRQ22266.1	445154	0.338
XP_016190640.1	445154	0.287
XP_030444801.1	445154	0.296
KAE8685994.1	445154	0.285
XP_006384098.2	445154	0.331
XP_012065642.1	445154	0.338
PPD73123.1	445154	0.27
TYH37090.1	445154	0.27
AYR16617.1	445154	0.255
AWJ96809.1	445154	0.254
XP_028061750.1	445154	0.282
XP_009783231.1	445154	0.319
KAE8665724.1	445154	0.246
XP_027344484.1	445154	0.256
XP_010040925.1	445154	0.274
XP_008358180.2	445154	0.271
EXC24802.1	445154	0.418
PPS04881.1	445154	0.308
AWJ96813.1	445154	0.275
TXG52773.1	445154	0.275
TYH28787.1	445154	0.27
QCD90577.1	445154	0.327
XP_024162030.1	445154	0.338
XP_002513010.1	445154	0.259
XP_030552066.1	445154	0.272
XP_028802617.1	445154	0.304
XP_010667699.1	445154	0.28
XP_016162801.1	445154	0.306
XP_023927766.1	445154	0.336
XP_028061752.1	445154	0.282
XP_028061756.1	445154	0.287
XP_018826382.1	445154	0.317
BBN70118.1	445154	0.303
XP_013659235.1	445154	0.28
UGT85K14_S171	445154	0.243
TYI49159.1	445154	0.269
EEF29506.1	445154	0.279
RHN68872.1	445154	0.293
TKY69807.1	445154	0.317
XP_015957590.1	445154	0.292
XP_021671411.1	445154	0.366
XP_028120332.1	445154	0.312
KAB2094687.1	445154	0.308
XP_004290110.1	445154	0.29
XP_016202651.1	445154	0.334
XP_027149648.1	445154	0.294
KZV28905.1	445154	0.296
VVA30853.1	445154	0.299
XP_016715908.1	445154	0.27
XP_023891627.1	445154	0.293
OAY72603.1	445154	0.274
KAB1204923.1	445154	0.342
XP_012077776.1	445154	0.28
XP_030518392.1	445154	0.302
TXG56486.1	445154	0.273
AXL95247.1	445154	0.315
XP_010030030.1	445154	0.249
XP_027110185.1	445154	0.321
XP_021629927.1	445154	0.317
XP_024176214.1	445154	0.254
XP_020981115.1	445154	0.318
AWJ96811.1	445154	0.274
AUI41118.1	445154	0.255
TQD97845.1	445154	0.291
XP_030961608.1	445154	0.294
KAB2596740.1	445154	0.365
QCE06158.1	445154	0.246
KAB2597445.1	445154	0.271
XP_020425657.1	445154	0.314
XP_028076126.1	445154	0.262
XP_003601328.1	445154	0.253
XP_016650079.1	445154	0.316
AWJ96806.1	445154	0.271
XP_031394208.1	445154	0.311
XP_028076125.1	445154	0.261
TKR99955.1	445154	0.363
RDX89904.1	445154	0.267
XP_010089826.2	445154	0.262
AYC63484.1	445154	0.29
XP_010025432.1	445154	0.289
XP_027910988.1	445154	0.319
XP_010445627.2	445154	0.27
KAA8543590.1	445154	0.33
KDP33203.1	445154	0.3
TYI40590.1	445154	0.28
XP_018823317.1	445154	0.3
TwUGT1_S181	445154	0.342
XP_024172945.1	445154	0.244
XP_025606595.1	445154	0.309
XP_013461083.1	445154	0.292
PKI54238.1	445154	0.313
XP_024639733.1	445154	0.313
RDY05882.1	445154	0.275
XP_008219458.2	445154	0.302
XP_030973811.1	445154	0.34
XP_024924024.1	445154	0.266
XP_028097299.1	445154	0.258
XP_020425658.1	445154	0.351
XP_010037076.1	445154	0.304
Os_72F1_S86	445154	0.393
RHN50153.1	445154	0.238
At_72E3_S38	445154	0.277
XP_031118549.1	445154	0.328
KCW44779.1	445154	0.274
TQD75325.1	445154	0.4
XP_028094949.1	445154	0.279
VDC59020.1	445154	0.283
VVA30581.1	445154	0.29
BAD28882.1	445154	0.342
AES94896.1	445154	0.303
TXG52764.1	445154	0.303
XP_007206411.2	445154	0.302
XP_028753508.1	445154	0.306
KAE8697378.1	445154	0.256
XP_031251695.1	445154	0.308
NP_001274852.1	445154	0.292
XP_028104387.1	445154	0.29
KAB1200258.1	445154	0.277
XP_025691175.1	445154	0.292
RYR06561.1	445154	0.345
XP_006469359.1	445154	0.342
KFK28349.1	445154	0.283
RVW31482.1	445154	0.271
TQE11468.1	445154	0.278
XP_009590532.1	445154	0.241
PPE02172.1	445154	0.25
EYU43443.1	445154	0.328
OQU77629.1	445154	0.367
TXG52777.1	445154	0.287
XP_014492239.1	445154	0.327
XP_020554598.1	445154	0.277
XP_017426297.1	445154	0.347
XP_010025434.1	445154	0.294
XP_016444467.1	445154	0.242
PIM97692.1	445154	0.273
XP_022890352.1	445154	0.333
XP_008221698.1	445154	0.28
XP_031274716.1	445154	0.276
KHN08945.1	445154	0.262
XP_022890343.1	445154	0.369
PQM36987.1	445154	0.282
XP_015865848.1	445154	0.287
AUI41144.1	445154	0.268
KCW58591.1	445154	0.276
XP_020080582.1	445154	0.321
PIN09929.1	445154	0.25
PKI40203.1	445154	0.278
TEY79179.1	445154	0.296
KOM45569.1	445154	0.347
NP_001312409.1	445154	0.335
XP_002321569.1	445154	0.314
THG20485.1	445154	0.285
XP_028061757.1	445154	0.282
XP_018810592.1	445154	0.305
XP_016162804.1	445154	0.266
XP_021833066.1	445154	0.283
XP_029154443.1	445154	0.344
XP_020218131.1	445154	0.34
XP_010051881.1	445154	0.347
TXG60179.1	445154	0.287
PPS20215.1	445154	0.298
KAE8691978.1	445154	0.292
OAY47730.1	445154	0.325
XP_015083781.1	445154	0.269
RYR05899.1	445154	0.308
KAB2628936.1	445154	0.293
KAA3466132.1	445154	0.314
BBG94173.1	445154	0.294
XP_030933133.1	445154	0.313
XP_008234818.1	445154	0.391
KAB5547681.1	445154	0.257
TXG52772.1	445154	0.275
XP_003526577.2	445154	0.262
XP_006433960.1	445154	0.306
XP_002305022.2	445154	0.352
XP_020237743.1	445154	0.275
XP_025656965.1	445154	0.345
OWM66358.1	445154	0.307
XP_004292062.1	445154	0.327
XP_028242459.1	445154	0.283
XP_021829522.1	445154	0.301
GAV90604.1	445154	0.336
XP_028061755.1	445154	0.29
VVA27708.1	445154	0.277
XP_010242477.1	445154	0.338
XP_028802614.1	445154	0.29
RWR93161.1	445154	0.343
AUI41132.1	445154	0.268
KAE8038033.1	445154	0.353
XP_011086491.1	445154	0.329
XP_027356241.1	445154	0.269
RDX93090.1	445154	0.324
XP_021888888.1	445154	0.294
BAT99588.1	445154	0.325
RYR55353.1	445154	0.263
TXG59586.1	445154	0.306
XP_031118550.1	445154	0.302
PQQ00353.1	445154	0.282
XP_003611938.2	445154	0.311
XP_028753506.1	445154	0.284
XP_006447926.1	445154	0.332
XP_027773855.1	445154	0.301
TXG52766.1	445154	0.275
XP_030459058.1	445154	0.269
XP_014504563.1	445154	0.237
XP_012436046.1	445154	0.266
XP_031394205.1	445154	0.289
AES96307.2	445154	0.313
XP_015934802.1	445154	0.261
XP_008234156.1	445154	0.305
XP_027930746.1	445154	0.266
APR64082.1	445154	0.296
XP_004300654.1	445154	0.262
XP_007036115.2	445154	0.312
XP_014492341.1	445154	0.237
XP_009377579.1	445154	0.397
KAB2598699.1	445154	0.416
XP_013691099.1	445154	0.27
XP_028061749.1	445154	0.298
XP_004244487.1	445154	0.287
XP_012065641.1	445154	0.339
RWR96744.1	445154	0.297
XP_004299645.1	445154	0.261
XP_022038601.1	445154	0.284
XP_013614875.1	445154	0.27
OEL28772.1	445154	0.275
XP_023875939.1	445154	0.355
XP_002320558.1	445154	0.311
XP_031269532.1	445154	0.359
OMO51300.1	445154	0.342
XP_009103497.1	445154	0.263
XP_021663449.1	445154	0.294
RYR56095.1	445154	0.344
EOY20616.1	445154	0.312
ADL67597.1	445154	0.269
XP_004308659.1	445154	0.261
XP_010060102.1	445154	0.35
XP_021817333.1	445154	0.29
XP_008781597.1	445154	0.431
XP_018823194.1	445154	0.319
XP_021908582.1	445154	0.301
XP_026453123.1	445154	0.397
XP_010465056.1	445154	0.278
XP_010095580.1	445154	0.278
RZC06763.1	445154	0.262
CAI62049.1	445154	0.241
TVU16960.1	445154	0.353
AWJ96812.1	445154	0.276
XP_021631998.1	445154	0.307
XP_027356242.1	445154	0.296
XP_022878222.1	445154	0.331
XP_006357047.1	445154	0.239
XP_006447928.1	445154	0.327
KNA12499.1	445154	0.324
XP_017640867.1	445154	0.315
XP_021671415.1	445154	0.364
XP_027179903.1	445154	0.299
KOM48230.1	445154	0.231
NP_001234680.2	445154	0.265
XP_022157627.1	445154	0.315
VVA27071.1	445154	0.3
KAE8678277.1	445154	0.37
RYR05902.1	445154	0.295
XP_023875925.1	445154	0.329
XP_028802615.1	445154	0.292
XP_022735759.1	445154	0.308
BAG80552.1	445154	0.306
XP_013609547.1	445154	0.278
NP_001316756.1	445154	0.231
XP_010048301.1	445154	0.358
KMS95196.1	445154	0.28
TMW82181.1	445154	0.268
GAV76325.1	445154	0.349
XP_021984660.1	445154	0.275
XP_007038859.2	445154	0.354
XP_014631805.1	445154	0.262
XP_023875936.1	445154	0.338
TKY59488.1	445154	0.274
XP_024017027.1	445154	0.256
XP_016163640.1	445154	0.262
XP_006472584.1	445154	0.31
XP_020420894.1	445154	0.306
KAD6796465.1	445154	0.363
OWM79598.1	445154	0.401
XP_021635818.1	445154	0.34
XP_012077758.1	445154	0.281
RHN68876.1	445154	0.232
PSR99872.1	445154	0.275
PQQ08208.1	445154	0.316
PIM97598.1	445154	0.366
XP_010446296.2	445154	0.278
XP_009590778.1	445154	0.335
XP_024989311.1	445154	0.349
TKY49881.1	445154	0.365
KJB15210.1	445154	0.321
XP_026437965.1	445154	0.287
XP_022890351.1	445154	0.362
XP_022737821.1	445154	0.341
AII32291.1	445154	0.353
VAI55267.1	445154	0.426
XP_027362674.1	445154	0.268
XP_030441664.1	445154	0.289
XP_010321783.1	445154	0.31
XP_018507171.1	445154	0.409
XP_007141198.1	445154	0.254
XP_025606598.1	445154	0.295
XP_006475483.1	445154	0.291
XP_015972326.1	445154	0.295
XP_026437921.1	445154	0.285
AFJ53020.1	445154	0.393
XP_008347244.1	445154	0.389
XP_021625784.1	445154	0.396
PON96955.1	445154	0.356
TYG83488.1	445154	0.318
RVW94545.1	445154	0.387
XP_016708081.1	445154	0.318
OMO69029.1	445154	0.34
XP_010507375.1	445154	0.201
AWJ96814.1	445154	0.276
XP_012467112.1	445154	0.319
PQM38921.1	445154	0.309
TQD81600.1	445154	0.402
XP_015884241.1	445154	0.331
XP_024040592.1	445154	0.309
XP_023740690.1	445154	0.348
ESR47204.1	445154	0.309
AIL51399.1	445154	0.374
XP_006573595.1	445154	0.282
XP_022890345.1	445154	0.327
XP_030477577.1	445154	0.322
KMS95195.1	445154	0.317
TXG60174.1	445154	0.287
XP_030521769.1	445154	0.301
XP_008347243.1	445154	0.372
XP_006293138.1	445154	0.175
XP_019420353.1	445154	0.314
XP_022726547.1	445154	0.308
XP_006451504.1	445154	0.291
XP_022741260.1	445154	0.281
XP_027110187.1	445154	0.328
XP_012092034.1	445154	0.305
XP_030493647.1	445154	0.335
XP_021829523.1	445154	0.314
TMW98877.1	445154	0.248
KAB1207809.1	445154	0.347
XP_024165573.1	445154	0.306
PIA61854.1	445154	0.321
XP_021593604.1	445154	0.28
XP_002529831.1	445154	0.269
TXG60177.1	445154	0.257
XP_010037080.1	445154	0.298
XP_007146161.1	445154	0.267
PQM40887.1	445154	0.3
XP_009776061.1	445154	0.227
XP_027348399.1	445154	0.279
XP_031393521.1	445154	0.398
XP_006472583.1	445154	0.311
XP_004301885.1	445154	0.331
XP_003556840.1	445154	0.289
XP_027159475.1	445154	0.329
PIN09941.1	445154	0.269
XP_027362052.1	445154	0.341
XP_024027545.1	445154	0.351
EOY15969.1	445154	0.32
XP_027096503.1	445154	0.329
XP_017981739.1	445154	0.32
KDO43525.1	445154	0.356
XP_022006711.1	445154	0.35
XP_010043823.1	445154	0.294
AFJ52995.1	445154	0.299
XP_030935689.1	445154	0.349
PSR86285.1	445154	0.297
XP_006357100.1	445154	0.258
XP_007157504.1	445154	0.33
XP_028125239.1	445154	0.314
XP_010680524.1	445154	0.285
Fi_88A10_S67	445154	0.354
XP_017406805.1	445154	0.297
RWR84683.1	445154	0.318
THG01670.1	445154	0.279
XP_019176941.1	445154	0.326
XP_020418903.1	445154	0.277
UGT74N1_S114	445154	0.221
KAE8817474.1	445154	0.348
XP_014518831.1	445154	0.29
KDP45150.1	445154	0.278
ACB56924.1	445154	0.344
AKA44594.1	445154	0.446
TXG55660.1	445154	0.324
TXG53952.1	445154	0.289
XP_006853264.2	445154	0.264
TKY47668.1	445154	0.298
XP_006366316.1	445154	0.28
XP_014521804.1	445154	0.264
XP_008359346.2	445154	0.269
XP_030933199.1	445154	0.33
XP_025698805.1	445154	0.3
XP_028095336.1	445154	0.284
KZM92357.1	445154	0.364
XP_020206720.1	445154	0.296
XP_021834102.1	445154	0.321
XP_024956115.1	445154	0.327
XP_021292985.1	445154	0.354
PNX75229.1	445154	0.26
XP_010916874.1	445154	0.295
XP_010915770.1	445154	0.35
PQQ11568.1	445154	0.269
XP_024042093.1	445154	0.327
XP_019171575.1	445154	0.258
XP_024981591.1	445154	0.337
XP_031131757.1	445154	0.32
XP_024454940.1	445154	0.355
XP_016496305.1	445154	0.304
XP_027151609.1	445154	0.329
XP_024180701.1	445154	0.308
AYC63487.1	445154	0.261
PRQ21849.1	445154	0.287
XP_020099108.1	445154	0.312
XP_021284704.1	445154	0.315
XP_015075206.1	445154	0.332
AWJ96836.1	445154	0.255
XP_020228441.1	445154	0.284
THG23125.1	445154	0.284
RWR83917.1	445154	0.352
XP_022005423.1	445154	0.357
XP_028070375.1	445154	0.363
XP_007208502.2	445154	0.323
XP_007217946.1	445154	0.389
XP_031119333.1	445154	0.276
KHN24338.1	445154	0.309
AWJ96831.1	445154	0.267
XP_002305021.2	445154	0.349
XP_018817933.1	445154	0.303
GAU47882.1	445154	0.302
XP_027933561.1	445154	0.273
XP_013646744.1	445154	0.262
XP_020217726.1	445154	0.297
XP_004237926.1	445154	0.363
RVW27204.1	445154	0.304
XP_010091051.1	445154	0.353
XP_031390305.1	445154	0.292
XP_018847318.1	445154	0.373
BBN70121.1	445154	0.293
XP_024027576.1	445154	0.351
KAE8076771.1	445154	0.351
XP_017257596.1	445154	0.364
XP_011035381.1	445154	0.349
AYC63488.1	445154	0.3
RVW57998.1	445154	0.318
XP_010431232.1	445154	0.178
XP_019430687.1	445154	0.288
XP_015894870.1	445154	0.28
PIA52099.1	445154	0.283
XP_019432845.1	445154	0.272
VAI43681.1	445154	0.409
XP_008460408.1	445154	0.319
XP_012085929.2	445154	0.278
TVU16959.1	445154	0.372
XP_030935521.1	445154	0.362
XP_012836925.1	445154	0.413
PIA35640.1	445154	0.371
XP_011046065.1	445154	0.327
TYH99358.1	445154	0.313
XP_016201824.1	445154	0.299
XP_019095809.1	445154	0.284
XP_006447931.1	445154	0.33
ESR51719.1	445154	0.327
PQQ03750.1	445154	0.276
XP_006469357.1	445154	0.335
XP_009377582.1	445154	0.377
XP_012077778.1	445154	0.287
ABL85471.2	445154	0.366
PIA61856.1	445154	0.346
AUI41142.1	445154	0.293
PON58226.1	445154	0.353
PKI66176.1	445154	0.323
XP_028954705.1	445154	0.274
AEC11050.1	445154	0.423
AWJ96807.1	445154	0.253
XP_003567087.1	445154	0.313
XP_019264513.1	445154	0.23
XP_004499680.1	445154	0.348
XP_022890344.1	445154	0.374
KAE8038035.1	445154	0.351
AWJ96804.1	445154	0.253
PIN10984.1	445154	0.28
XP_030935439.1	445154	0.346
XP_023890913.1	445154	0.303
XP_024193847.1	445154	0.324
XP_013652796.1	445154	0.278
AWJ96810.1	445154	0.253
AWJ96818.1	445154	0.27
AES90646.1	445154	0.263
PPD92998.1	445154	0.275
AWJ96808.1	445154	0.264
XP_003608449.2	445154	0.27
XP_015890762.1	445154	0.274
AWJ96820.1	445154	0.272
XP_002269003.2	445154	0.316
XP_003632443.1	445154	0.309
AWJ96816.1	445154	0.275
XP_007224980.1	445154	0.301
XP_015964058.1	445154	0.3
THG17841.1	445154	0.32
ERN05013.1	445154	0.352
XP_015085041.1	445154	0.237
VVA11197.1	445154	0.388
XP_016570238.1	445154	0.268
XP_021301175.1	445154	0.317
XP_010916885.1	445154	0.321
XP_018726341.1	445154	0.358
XP_010916896.1	445154	0.305
BAS68505.1	445154	0.304
XP_011035380.1	445154	0.347
XP_024995293.1	445154	0.305
XP_015890763.1	445154	0.274
KNA08531.1	445154	0.323
XP_015878314.1	445154	0.363
XP_026443981.1	445154	0.254
PWA82384.1	445154	0.383
XP_022005421.1	445154	0.352
XP_017604035.1	445154	0.316
XP_004308038.1	445154	0.354
AFI71901.1	445154	0.275
TXG64260.1	445154	0.388
XP_021853201.1	445154	0.332
EAZ22385.1	445154	0.352
EOY23360.1	445154	0.358
AUI41131.1	445154	0.281
GAY36461.1	445154	0.327
XP_021842820.1	445154	0.32
XP_006355935.1	445154	0.295
XP_003548145.1	445154	0.36
XP_028123315.1	445154	0.293
GAY42757.1	445154	0.286
XP_023896383.1	445154	0.336
KJB61182.1	445154	0.313
PIN00342.1	445154	0.276
XP_020675531.1	445154	0.396
XP_007210590.1	445154	0.288
XP_009387161.1	445154	0.412
XP_004502000.1	445154	0.292
XP_002272345.1	445154	0.316
TXG55663.1	445154	0.358
XP_025613139.1	445154	0.268
XP_008354288.2	445154	0.375
XP_010320181.1	445154	0.28
XP_002520220.1	445154	0.315
XP_004297810.1	445154	0.305
XP_006843338.2	445154	0.352
XP_016741000.1	445154	0.384
ALO19895.1	445154	0.306
XP_018837445.1	445154	0.298
Lj_72AG1_S73	445154	0.274
XP_021747943.1	445154	0.345
KAB5516876.1	445154	0.331
ONI30582.1	445154	0.301
XP_028801334.1	445154	0.264
XP_031390683.1	445154	0.374
TYH79950.1	445154	0.384
AUI41143.1	445154	0.304
AJF48887.1	445154	0.273
XP_022735204.1	445154	0.325
AWJ96819.1	445154	0.276
PQQ03977.1	445154	0.31
TQD72001.1	445154	0.274
OMO66939.1	445154	0.332
XP_023924982.1	445154	0.317
XP_012440890.1	445154	0.313
KAD7478876.1	445154	0.33
AFJ52950.1	445154	0.326
TMW84993.1	445154	0.287
XP_002305279.2	445154	0.357
PQQ09489.1	445154	0.326
XP_004237925.1	445154	0.26
TMW97681.1	445154	0.327
XP_030521496.1	445154	0.296
XP_006404007.1	445154	0.201
XP_006360268.1	445154	0.294
XP_002273866.1	445154	0.307
XP_030951561.1	445154	0.335
PPS17012.1	445154	0.316
RVW73426.1	445154	0.309
QCD79139.1	445154	0.266
TYJ36979.1	445154	0.316
KAD2804999.1	445154	0.296
XP_022011687.1	445154	0.321
XP_023895378.1	445154	0.303
KNA13960.1	445154	0.299
XP_030475818.1	445154	0.365
PWA47064.1	445154	0.304
XP_012469801.1	445154	0.288
XP_003517852.1	445154	0.318
KAA8533094.1	445154	0.324
XP_030472383.1	445154	0.286
XP_016685330.1	445154	0.313
KAD4585944.1	445154	0.367
XP_027110186.1	445154	0.328
KAA8533095.1	445154	0.316
XP_028075444.1	445154	0.334
XP_012081719.1	445154	0.287
EEC79277.1	445154	0.368
XP_023891359.1	445154	0.336
XP_008245156.1	445154	0.296
PWA40804.1	445154	0.329
TYH73943.1	445154	0.313
TEY84792.1	445154	0.341
XP_031278251.1	445154	0.284
AUI41146.1	445154	0.304
PON43455.1	445154	0.29
XP_031095958.1	445154	0.334
XP_025012119.1	445154	0.348
XP_010039151.2	445154	0.336
XP_006384103.1	445154	0.355
XP_019430688.1	445154	0.274
AWJ96821.1	445154	0.271
XP_031374949.1	445154	0.303
XP_002282935.2	445154	0.331
TEY91518.1	445154	0.408
XP_030934802.1	445154	0.296
KAE8715794.1	445154	0.269
PON58227.1	445154	0.35
ACV87307.2	445154	0.352
GAV72731.1	445154	0.359
XP_027103666.1	445154	0.325
XP_021815584.1	445154	0.309
XP_030469127.1	445154	0.275
XP_030936955.1	445154	0.323
XP_022005426.1	445154	0.352
AUI41141.1	445154	0.268
PQM38854.1	445154	0.391
XP_023769451.1	445154	0.362
EEC72808.1	445154	0.321
XP_024194841.1	445154	0.299
XP_007227225.1	445154	0.253
XP_019228618.1	445154	0.293
EEF49033.1	445154	0.348
KAE8704333.1	445154	0.287
PWA55231.1	445154	0.263
EXB38440.1	445154	0.323
BAF08321.1	445154	0.349
XP_016647409.1	445154	0.295
XP_031128438.1	445154	0.27
XP_026426248.1	445154	0.289
XP_009136554.1	445154	0.216
VVA16955.1	445154	0.288
PON96950.1	445154	0.376
KHG30812.1	445154	0.316
XP_007199115.1	445154	0.326
XP_022759824.1	445154	0.347
XP_031119332.1	445154	0.276
PWA58258.1	445154	0.302
ONI35173.1	445154	0.253
XP_021292397.1	445154	0.315
AII32292.1	445154	0.34
XP_006367932.1	445154	0.272
PPD95192.1	445154	0.313
XP_022737159.1	445154	0.328
AYR16634.1	445154	0.296
KAB1204924.1	445154	0.38
XP_006355936.1	445154	0.325
XP_017638993.1	445154	0.295
XP_021815583.1	445154	0.332
XP_016748306.1	445154	0.316
PWA63865.1	445154	0.266
XP_020533656.1	445154	0.268
KCW48703.1	445154	0.297
PON95605.1	445154	0.291
XP_018470156.1	445154	0.186
XP_020155470.1	445154	0.379
RID72433.1	445154	0.225
XP_012081602.1	445154	0.293
XP_012852131.1	445154	0.351
KAB2604488.1	445154	0.365
VDC82677.1	445154	0.216
XP_030480084.1	445154	0.369
XP_017257598.1	445154	0.329
XP_016740783.1	445154	0.285
TYH19573.1	445154	0.316
XP_007201692.1	445154	0.312
KAE8693235.1	445154	0.275
XP_016555414.1	445154	0.241
PWA63864.1	445154	0.266
XP_015060142.1	445154	0.298
XP_020217060.1	445154	0.308
XP_011046066.1	445154	0.333
XP_011035379.1	445154	0.341
XP_006447240.1	445154	0.339
UGT74B6_S172	445154	0.316
XP_024171191.1	445154	0.307
XP_016755745.1	445154	0.296
TYH79169.1	445154	0.278
XP_015878293.1	445154	0.338
XP_010665386.1	445154	0.334
XP_008351657.2	445154	0.427
XP_030966105.1	445154	0.325
XP_021826890.1	445154	0.388
XP_004252533.1	445154	0.33
KAA8533663.1	445154	0.362
KAE8038036.1	445154	0.346
PQQ02950.1	445154	0.291
XP_026447931.1	445154	0.384
XP_015688532.1	445154	0.341
TYI34737.1	445154	0.295
KAB2032019.1	445154	0.313
XP_016571542.1	445154	0.316
XP_023740747.1	445154	0.351
PKI78055.1	445154	0.303
XP_009402907.2	445154	0.267
GAY69052.1	445154	0.311
XP_004297667.1	445154	0.347
RHN68875.1	445154	0.298
XP_012470524.1	445154	0.382
PPS06689.1	445154	0.294
KAD4584752.1	445154	0.292
XP_021612011.1	445154	0.316
XP_007146160.1	445154	0.298
XP_003634592.1	445154	0.34
XP_003544799.1	445154	0.253
XP_030533197.1	445154	0.312
XP_021829868.1	445154	0.328
KAD3069083.1	445154	0.357
TYI89242.1	445154	0.278
PPD67269.1	445154	0.278
XP_022738090.1	445154	0.375
XP_012469790.1	445154	0.288
XP_009590752.1	445154	0.299
XP_006344123.1	445154	0.302
XP_031269513.1	445154	0.33
XP_030521883.1	445154	0.306
XP_016555422.1	445154	0.274
XP_031259065.1	445154	0.356
XP_013741251.1	445154	0.221
RVW94960.1	445154	0.334
XP_017617943.1	445154	0.382
EES19849.1	445154	0.329
PSS29319.1	445154	0.421
XP_026434303.1	445154	0.307
XP_021651369.1	445154	0.316
XP_010100778.1	445154	0.365
RWR93164.1	445154	0.382
XP_004502001.1	445154	0.301
XP_004499699.1	445154	0.35
XP_012469802.1	445154	0.288
XP_030449127.1	445154	0.322
XP_024027539.1	445154	0.384
XP_017406815.1	445154	0.285
XP_011092429.1	445154	0.326
AUI41147.1	445154	0.309
XP_006366313.1	445154	0.285
XP_023875937.1	445154	0.342
KAE8715411.1	445154	0.255
OAY80539.1	445154	0.334
XP_027932325.1	445154	0.29
VVA26103.1	445154	0.303
XP_015060144.1	445154	0.305
AUI41129.1	445154	0.284
XP_027168512.1	445154	0.343
XP_008237299.1	445154	0.314
BAG80546.1	445154	0.298
XP_023760887.1	445154	0.281
XP_015890795.1	445154	0.283
KAE8124169.1	445154	0.303
XP_022039681.1	445154	0.257
XP_021650427.1	445154	0.348
KAE8694071.1	445154	0.268
XP_023760886.1	445154	0.279
XP_004301886.2	445154	0.298
XP_004252531.1	445154	0.3
VAI93175.1	445154	0.418
XP_008776267.1	445154	0.305
XP_002513937.1	445154	0.312
KAB1202463.1	445154	0.352
XP_002877765.1	445154	0.146
RAL53238.1	445154	0.349
XP_011469519.1	445154	0.369
XP_003533971.1	445154	0.354
KDP43616.1	445154	0.354
KAB2036974.1	445154	0.285
TEY62830.1	445154	0.366
XP_017972984.1	445154	0.364
PON96954.1	445154	0.357
PPD67270.1	445154	0.287
XP_022005424.1	445154	0.356
AXL95249.1	445154	0.357
CDY72102.1	445154	0.326
XP_006366314.1	445154	0.275
XP_028053269.1	445154	0.398
KAE8687998.1	445154	0.294
KAA8532161.1	445154	0.343
KAD4585950.1	445154	0.36
RYQ80310.1	445154	0.313
XP_015637646.1	445154	0.31
XP_023740338.1	445154	0.289
AEB61489.1	445154	0.273
XP_019178395.1	445154	0.337
KAA8550510.1	445154	0.313
TEY62829.1	445154	0.356
KDO43523.1	445154	0.356
NP_566938.1	445154	0.114
TYG75599.1	445154	0.278
XP_015882647.1	445154	0.323
KAB8100282.1	445154	0.308
TYH79177.1	445154	0.287
XP_023881569.1	445154	0.302
XP_003544800.1	445154	0.27
RYR56094.1	445154	0.342
XP_031119331.1	445154	0.324
XP_016740781.1	445154	0.278
PON51563.1	445154	0.273
UGT85A20_S116	445154	0.483
XP_028201104.1	445154	0.27
XP_011028616.1	445154	0.311
XP_023753552.1	445154	0.286
KNA08530.1	445154	0.362
XP_024180924.1	445154	0.324
TYI89252.1	445154	0.278
XP_022867884.1	445154	0.295
XP_010916861.2	445154	0.295
GAU40817.1	445154	0.313
AGS12592.1	445154	0.307
GAY51609.1	445154	0.356
XP_019176938.1	445154	0.317
VAH63626.1	445154	0.32
XP_002280543.1	445154	0.315
XP_013596481.1	445154	0.218
XP_028944843.1	445154	0.281
KAB2036966.1	445154	0.278
XP_016433084.1	445154	0.343
KCW80554.1	445154	0.358
XP_019071827.1	445154	0.334
TYH79168.1	445154	0.286
XP_031114908.1	445154	0.322
TYH23647.1	445154	0.295
XP_019174244.1	445154	0.312
EOY23359.1	445154	0.364
KAD4585952.1	445154	0.353
XP_015060143.1	445154	0.327
XP_019174245.1	445154	0.328
XP_016569222.1	445154	0.35
XP_008235866.1	445154	0.32
KAA8546286.1	445154	0.354
XP_021688359.1	445154	0.369
XP_013721823.1	445154	0.227
XP_024185274.1	445154	0.313
KDO47374.1	445154	0.421
AYC63478.1	445154	0.265
XP_028807155.1	445154	0.345
XP_006858836.2	445154	0.332
PON58228.1	445154	0.379
XP_009775754.1	445154	0.343
VAI93101.1	445154	0.418
TYG75609.1	445154	0.285
XP_028800810.1	445154	0.277
XP_023769449.1	445154	0.355
XP_010244851.1	445154	0.35
TYG75598.1	445154	0.285
XP_031249404.1	445154	0.275
XP_010037079.1	445154	0.297
KDO43524.1	445154	0.362
XP_028194348.1	445154	0.318
XP_021826878.1	445154	0.393
XP_024979006.1	445154	0.316
XP_021825943.1	445154	0.288
XP_019232058.1	445154	0.337
XP_018824393.1	445154	0.335
XP_019176939.1	445154	0.287
TYI89253.1	445154	0.278
XP_006433961.1	445154	0.302
XP_006469355.1	445154	0.355
XP_020146742.1	445154	0.239
XP_011077288.1	445154	0.348
XP_011035382.1	445154	0.347
KAB2036965.1	445154	0.286
XP_008234196.1	445154	0.256
XP_028062380.1	445154	0.445
TYI89241.1	445154	0.287
XP_031390395.1	445154	0.262
XP_022039676.1	445154	0.253
XP_021909125.1	445154	0.345
VAH79418.1	445154	0.315
RZC23148.1	445154	0.318
RWR74013.1	445154	0.326
XP_012469799.1	445154	0.291
XP_019430445.1	445154	0.286
XP_030533193.1	445154	0.32
XP_010242509.1	445154	0.359
XP_024991130.1	445154	0.288
XP_027164279.1	445154	0.35
RRT84871.1	445154	0.313
XP_030934799.1	445154	0.302
XP_008235864.1	445154	0.328
XP_021992404.1	445154	0.355
XP_016731420.1	445154	0.314
XP_012471807.1	445154	0.302
KAE8706962.1	445154	0.294
XP_020409262.1	445154	0.335
XP_003634091.1	445154	0.361
XP_031475706.1	445154	0.336
XP_021755615.1	445154	0.381
XP_009410868.1	445154	0.316
XP_006411963.1	445154	0.144
XP_016571543.1	445154	0.376
RXH69811.1	445154	0.325
XP_021752435.1	445154	0.31
TQD75326.1	445154	0.391
XP_019105240.1	445154	0.328
XP_010552632.1	445154	0.35
XP_024455100.1	445154	0.368
PPD96331.1	445154	0.291
XP_008239719.1	445154	0.29
PON33831.1	445154	0.258
VVB18311.1	445154	0.285
XP_003519432.1	445154	0.317
RYR75033.1	445154	0.425
TYH81231.1	445154	0.302
TKY70479.1	445154	0.306
XP_004235065.1	445154	0.275
KFK34320.1	445154	0.189
RWW33496.1	445154	0.316
XP_021600313.1	445154	0.365
PKI63488.1	445154	0.413
XP_019416586.1	445154	0.272
GAY38927.1	445154	0.315
XP_031120005.1	445154	0.326
UGT73A17_S180	445154	0.445
KAB2036972.1	445154	0.291
THG22558.1	445154	0.304
PON94065.1	445154	0.291
XP_028052277.1	445154	0.282
KAD7478150.1	445154	0.344
XP_024950405.1	445154	0.36
BAK06294.1	445154	0.283
XP_027125259.1	445154	0.345
XP_021717927.1	445154	0.297
KAE8659278.1	445154	0.293
XP_003538841.1	445154	0.278
OAP04815.1	445154	0.121
KDO69768.1	445154	0.314
XP_006476729.1	445154	0.314
XP_030957600.1	445154	0.308
XP_002441419.2	445154	0.331
XP_030500270.1	445154	0.395
XP_015943935.1	445154	0.279
XP_015884239.1	445154	0.336
XP_002532451.1	445154	0.324
XP_020409538.1	445154	0.318
PIN05078.1	445154	0.269
EMS48418.1	445154	0.319
XP_019176940.1	445154	0.318
XP_031114898.1	445154	0.322
XP_030480083.1	445154	0.384
XP_027931553.1	445154	0.311
KCW80553.1	445154	0.36
PUZ54897.1	445154	0.326
XP_016571537.1	445154	0.343
XP_004301887.1	445154	0.323
TYI54200.1	445154	0.291
OMP05792.1	445154	0.341
XP_017252716.1	445154	0.342
XP_027931326.1	445154	0.313
XP_006433963.2	445154	0.3
XP_008361795.2	445154	0.31
XP_022868311.1	445154	0.427
GAU34119.1	445154	0.277
XP_006447930.1	445154	0.333
XP_011651671.1	445154	0.335
XP_015884240.1	445154	0.338
XP_028053335.1	445154	0.37
XP_024027551.1	445154	0.378
XP_020677841.1	445154	0.296
XP_009797699.1	445154	0.3
PKI78561.1	445154	0.305
XP_016498804.1	445154	0.3
KAB1200261.1	445154	0.332
XP_021714615.1	445154	0.303
XP_031256687.1	445154	0.365
XP_006439748.2	445154	0.315
XP_022005425.1	445154	0.351
TEY87048.1	445154	0.319
TXG64258.1	445154	0.388
ADG65641.1	445154	0.312
ALO19886.1	445154	0.423
ESR52988.1	445154	0.315
XP_031249922.1	445154	0.365
AYR16607.1	445154	0.33
KFK44473.1	445154	0.278
XP_006447933.1	445154	0.356
XP_031119455.1	445154	0.324
XP_028076772.1	445154	0.41
TXG54094.1	445154	0.386
PUZ54899.1	445154	0.336
XP_030959256.1	445154	0.314
XP_020098472.1	445154	0.305
XP_011628536.1	445154	0.294
RLM92083.1	445154	0.326
XP_024176267.1	445154	0.354
XP_030472382.1	445154	0.315
XP_025814400.1	445154	0.33
TQE10458.1	445154	0.295
XP_023742554.1	445154	0.245
TKR99956.1	445154	0.367
THG17842.1	445154	0.281
OVA11044.1	445154	0.376
AYR16604.1	445154	0.301
PWA67060.1	445154	0.382
KAE8726079.1	445154	0.31
AYC63489.1	445154	0.335
XP_027106247.1	445154	0.305
BAF75899.1	445154	0.393
KAB2628935.1	445154	0.293
XP_019233977.1	445154	0.324
RWW47032.1	445154	0.305
XP_013737028.1	445154	0.204
KZV36084.1	445154	0.329
XP_023918472.1	445154	0.307
Sr_88B1_S94	445154	0.335
PWA60487.1	445154	0.323
XP_023874822.1	445154	0.27
XP_022734355.1	445154	0.35
KAE8807317.1	445154	0.373
RLN24684.1	445154	0.326
XP_013721829.1	445154	0.204
OEL28047.1	445154	0.296
RZS15748.1	445154	0.317
XP_017406822.1	445154	0.301
XP_010665380.1	445154	0.346
XP_028095338.1	445154	0.291
XP_020212652.1	445154	0.377
XP_021834103.1	445154	0.325
XP_006646297.1	445154	0.319
KAB1204925.1	445154	0.348
XP_022039679.1	445154	0.29
XP_021801475.1	445154	0.295
EOX92064.1	445154	0.278
XP_031248387.1	445154	0.37
XP_003634598.1	445154	0.333
TXG71034.1	445154	0.368
KYP69678.1	445154	0.377
ADV71371.1	445154	0.284
XP_009136555.1	445154	0.21
OWM79601.1	445154	0.355
XP_024170932.1	445154	0.263
XP_028062375.1	445154	0.417
XP_024047834.1	445154	0.362
XP_020157863.1	445154	0.254
XP_003519003.1	445154	0.296
PPD82970.1	445154	0.337
THG01410.1	445154	0.291
XP_019189825.1	445154	0.458
XP_028200515.1	445154	0.269
VDD39545.1	445154	0.204
BAA83484.1	445154	0.399
PRQ60227.1	445154	0.354
KAE8797643.1	445154	0.326
XP_014516853.1	445154	0.298
TYJ08217.1	445154	0.316
XP_028077500.1	445154	0.29
XP_024027546.1	445154	0.37
XP_022868325.1	445154	0.405
AUR26628.1	445154	0.438
XP_022005427.1	445154	0.365
TQD86097.1	445154	0.314
XP_007199830.1	445154	0.351
At_72E1_S39	445154	0.099
XP_013594127.1	445154	0.204
RDX96332.1	445154	0.279
XP_009612740.1	445154	0.374
TYG77341.1	445154	0.303
XP_015632478.1	445154	0.318
ANW09830.1	445154	0.339
XP_009791953.1	445154	0.358
BAO79435.1	445154	0.334
XP_021686175.1	445154	0.371
OAY77465.1	445154	0.306
OWM87743.1	445154	0.321
XP_012846570.1	445154	0.347
KMZ76046.1	445154	0.318
TXG71033.1	445154	0.363
XP_002458362.1	445154	0.254
XP_016507315.1	445154	0.36
AZQ26914.1	445154	0.24
EAY75739.1	445154	0.313
OTG09656.1	445154	0.275
KFK24026.1	445154	0.202
GAY32463.1	445154	0.29
XP_010105724.1	445154	0.316
XP_027095056.1	445154	0.286
XP_028207064.1	445154	0.334
XP_010665387.1	445154	0.326
CDY30762.1	445154	0.331
XP_022039677.1	445154	0.28
XP_028077501.1	445154	0.255
XP_002456308.1	445154	0.315
NP_001304440.2	445154	0.334
XP_031383301.1	445154	0.3
KAE8663774.1	445154	0.264
GAY32458.1	445154	0.29
PKA66630.1	445154	0.318
XP_006827672.1	445154	0.328
KAE8650862.1	445154	0.335
XP_022000849.1	445154	0.317
RID72434.1	445154	0.201
AMK52073.1	445154	0.392
AMK52072.1	445154	0.4
XP_031390685.1	445154	0.355
BAF75890.1	445154	0.359
XP_021682904.1	445154	0.255
XP_017438561.1	445154	0.343
RWW47033.1	445154	0.308
XP_004299583.1	445154	0.302
XP_006406828.1	445154	0.447
RID79379.1	445154	0.177
XP_025814170.1	445154	0.338
TXG64264.1	445154	0.427
XP_016731504.1	445154	0.357
XP_017971989.1	445154	0.412
XP_028188555.1	445154	0.279
BAJ89854.1	445154	0.329
XP_023753551.1	445154	0.278
XP_020570922.1	445154	0.425
XP_020091106.1	445154	0.348
KAB1204927.1	445154	0.327
XP_022005420.1	445154	0.347
XP_007047907.2	445154	0.278
VAH63617.1	445154	0.293
XP_014516340.1	445154	0.35
AFJ52997.1	445154	0.312
AUI41119.1	445154	0.274
XP_003533968.1	445154	0.332
XP_004515155.1	445154	0.341
BBC62110.1	445154	0.363
AFK79034.1	445154	0.406
NP_001312868.1	445154	0.353
KAA8545843.1	445154	0.401
XP_009364608.1	445154	0.27
KAD4585947.1	445154	0.362
XP_002313133.1	445154	0.408
KAD1027254.1	445154	0.353
XP_015576377.1	445154	0.358
XP_028101790.1	445154	0.349
OTF98741.1	445154	0.351
XP_013587102.1	445154	0.175
XP_011000140.1	445154	0.421
XP_018442109.1	445154	0.292
BAG31950.1	445154	0.392
KFK30296.1	445154	0.184
TKR99953.1	445154	0.364
XP_008235865.1	445154	0.321
XP_020154098.1	445154	0.33
XP_018838593.1	445154	0.349
XP_021861819.1	445154	0.279
XP_013453520.1	445154	0.355
VDC82678.1	445154	0.213
TYG42940.1	445154	0.358
XP_013672122.1	445154	0.179
XP_023753549.1	445154	0.294
TVU35188.1	445154	0.3
XP_022008651.1	445154	0.263
KAE8700004.1	445154	0.295
XP_012440079.1	445154	0.339
XP_022005422.1	445154	0.359
PON98881.1	445154	0.335
RVW13438.1	445154	0.366
XP_016179144.1	445154	0.292
TYG91756.1	445154	0.353
XP_017622472.1	445154	0.305
RLN24822.1	445154	0.304
XP_006646296.1	445154	0.353
XP_006307446.1	445154	0.293
XP_028782404.1	445154	0.352
XP_024027547.1	445154	0.374
XP_025606597.1	445154	0.289
RQM02229.1	445154	0.177
XP_022888533.1	445154	0.357
XP_009149425.1	445154	0.18
XP_019162802.1	445154	0.322
KAD4386283.1	445154	0.291
XP_019162803.1	445154	0.345
TXG71035.1	445154	0.373
XP_002298737.1	445154	0.408
XP_023753550.1	445154	0.293
RVX02005.1	445154	0.379
TYJ07041.1	445154	0.353
PIA29593.1	445154	0.296
KAA8538104.1	445154	0.27
UGT74B1_S187	445154	0.276
XP_010692817.1	445154	0.357
XP_003544213.2	445154	0.27
XP_010671721.1	445154	0.362
PWZ33551.1	445154	0.265
XP_006416029.1	445154	0.315
AMQ26113.1	445154	0.333
KAB2605643.1	445154	0.298
XP_011003675.1	445154	0.337
XP_016162802.1	445154	0.297
XP_020204345.1	445154	0.302
A0A067YB04.1	445154	0.321
XP_009395979.2	445154	0.303
XP_020589850.1	445154	0.322
XP_021994994.1	445154	0.352
XP_030510789.1	445154	0.427
XP_028781736.1	445154	0.354
PWA56117.1	445154	0.376
XP_028947888.1	445154	0.31
RCV26913.1	445154	0.231
XP_009348490.1	445154	0.272
XP_006376609.1	445154	0.337
BAJ11653.1	445154	0.362
XP_011077287.1	445154	0.374
RVW94580.1	445154	0.333
XP_027147876.1	445154	0.268
BAV35237.1	445154	0.297
XP_004308036.1	445154	0.318
BAJ11652.1	445154	0.428
XP_002272033.2	445154	0.357
TKW16229.1	445154	0.231
TXG64263.1	445154	0.379
XP_016731496.1	445154	0.354
VAH27752.1	445154	0.236
XP_021632536.1	445154	0.332
QDM38900.1	445154	0.388
RCV27240.1	445154	0.313
TQD75327.1	445154	0.391
TYH98141.1	445154	0.353
XP_027094580.1	445154	0.247
XP_015972268.1	445154	0.289
KAD4584751.1	445154	0.295
Zm_51683_S99	445154	0.263
XP_016733751.1	445154	0.35
XP_010680525.1	445154	0.283
XP_011088227.1	445154	0.404
VAH63628.1	445154	0.331
TXG50328.1	445154	0.306
XP_031477035.1	445154	0.335
XP_027094342.1	445154	0.263
QCD94718.1	445154	0.359
VVA30859.1	445154	0.291
RVW47155.1	445154	0.333
PWA55712.1	445154	0.339
ADL67598.1	445154	0.359
RQL76244.1	445154	0.301
AYE56829.1	445154	0.425
PIA52100.1	445154	0.305
KHN34757.1	445154	0.302
XP_009796872.1	445154	0.346
AMK52071.1	445154	0.403
KAB2597448.1	445154	0.274
KMZ75054.1	445154	0.301
Os_88C1_S89	445154	0.237
TXG59813.1	445154	0.36
VAH63618.1	445154	0.293
KAB2054605.1	445154	0.351
KAB2597421.1	445154	0.275
TYH28933.1	445154	0.277
XP_003634599.1	445154	0.347
XP_022006714.1	445154	0.343
TMX00489.1	445154	0.542
KAE8666800.1	445154	0.293
EAY98767.1	445154	0.299
TYH98140.1	445154	0.35
XP_017636617.1	445154	0.352
RVW95629.1	445154	0.359
XP_002440116.1	445154	0.308
XP_027092489.1	445154	0.285
XP_030496141.1	445154	0.328
RWR93163.1	445154	0.345
XP_027094341.1	445154	0.247
XP_002893325.1	445154	0.299
GAV72728.1	445154	0.337
XP_010671586.1	445154	0.342
OVA19029.1	445154	0.385
KAE8702700.1	445154	0.285
XP_018468978.1	445154	0.217
THU72241.1	445154	0.321
XP_021618169.1	445154	0.457
KMZ68349.1	445154	0.327
ALR85712.1	445154	0.346
XP_017635391.1	445154	0.353
XP_017251872.1	445154	0.328
TYJ47193.1	445154	0.277
TYG43964.1	445154	0.315
RVW12207.1	445154	0.354
XP_027092319.1	445154	0.245
AUR26624.1	445154	0.436
XP_022006713.1	445154	0.34
XP_010911110.1	445154	0.375
PUZ54898.1	445154	0.32
XP_028963621.1	445154	0.275
XP_007133183.1	445154	0.291
XP_030940617.1	445154	0.322
TYG91755.1	445154	0.349
BAF75887.1	445154	0.369
TMW88653.1	445154	0.358
XP_031125944.1	445154	0.492
XP_012075472.1	445154	0.378
XP_016203177.1	445154	0.32
KRH08801.1	445154	0.326
BAJ11649.1	445154	0.356
RXH77592.1	445154	0.311
XP_028801346.1	445154	0.284
TXG64268.1	445154	0.416
EOY09906.1	445154	0.411
XP_012440077.1	445154	0.352
XP_004969648.2	445154	0.231
KHN45543.1	445154	0.321
ONH92639.1	445154	0.331
XP_031477302.1	445154	0.333
XP_004969867.2	445154	0.313
XP_004969868.1	445154	0.32
PSS02690.1	445154	0.35
XP_028765439.1	445154	0.338
ADW54462.1	445154	0.32
XP_021973677.1	445154	0.354
XP_017233399.1	445154	0.273
BAG31945.1	445154	0.356
GER45429.1	445154	0.333
EMS48262.1	445154	0.297
XP_010460183.1	445154	0.327
NP_001353995.1	445154	0.326
XP_028207376.1	445154	0.326
TKW26250.1	445154	0.305
OAO96651.1	445154	0.098
TEY37894.1	445154	0.326
AFK79039.1	445154	0.398
XP_015170249.1	445154	0.327
NP_001314500.1	445154	0.264
XP_014620757.1	445154	0.294
XP_002866993.1	445154	0.119
XP_006644564.2	445154	0.222
XP_006654678.2	445154	0.323
XP_016740785.1	445154	0.262
VAH41312.1	445154	0.263
XP_004961426.1	445154	0.311
TKW16629.1	445154	0.31
KAD4386275.1	445154	0.283
XP_002317730.2	445154	0.354
XP_020244370.1	445154	0.293
VDC61962.1	445154	0.3
BAG31952.1	445154	0.389
ACJ72159.1	445154	0.333
XP_020157866.1	445154	0.259
PKA62496.1	445154	0.312
XP_013585978.1	445154	0.317
CBI22736.3	445154	0.364
XP_018838591.1	445154	0.323
AAL09350.1	445154	0.318
OEL35176.1	445154	0.333
XP_021973676.1	445154	0.354
PIA52864.1	445154	0.355
XP_010548356.1	445154	0.221
BAO79434.1	445154	0.326
XP_016569221.1	445154	0.328
XP_022552060.1	445154	0.317
XP_010695870.1	445154	0.36
XP_023730555.1	445154	0.262
VAH09553.1	445154	0.321
CDP01079.1	445154	0.248
TYI54201.1	445154	0.281
XP_016571544.1	445154	0.372
OEL15389.1	445154	0.252
XP_018838592.1	445154	0.333
XP_020223366.1	445154	0.34
XP_018723537.1	445154	0.339
XP_021852290.1	445154	0.353
XP_031269477.1	445154	0.399
AZQ26915.1	445154	0.235
XP_019233766.1	445154	0.578
PNX83548.1	445154	0.311
XP_027181761.1	445154	0.273
AFJ52946.1	445154	0.391
NP_195395.4	445154	0.091
TVU16961.1	445154	0.347
XP_021663290.1	445154	0.407
XP_010925717.1	445154	0.329
XP_027095000.1	445154	0.272
TKW16627.1	445154	0.313
XP_021675760.1	445154	0.298
RYR08444.1	445154	0.324
XP_031277557.1	445154	0.303
TXG64266.1	445154	0.413
XP_003569622.1	445154	0.197
XP_010548937.1	445154	0.416
XP_020191198.1	445154	0.244
XP_010681315.1	445154	0.34
KAA8545841.1	445154	0.446
XP_022039666.1	445154	0.258
RVW18141.1	445154	0.311
XP_019244683.1	445154	0.366
XP_010060195.1	445154	0.323
OAY76889.1	445154	0.328
XP_010444943.1	445154	0.14
EMS62298.1	445154	0.236
TYI89243.1	445154	0.264
XP_023753548.1	445154	0.279
PWA34885.1	445154	0.279
KAA8538100.1	445154	0.271
XP_020186629.1	445154	0.33
AFJ53006.1	445154	0.304
XP_006282774.1	445154	0.134
XP_021908832.1	445154	0.296
XP_003569623.1	445154	0.232
KAA8545845.1	445154	0.416
BAG71127.1	445154	0.386
XP_009115475.1	445154	0.319
CDP01078.1	445154	0.264
PWA93913.1	445154	0.278
XP_023746016.1	445154	0.344
XP_011626539.1	445154	0.288
XP_031127854.1	445154	0.449
TXG54097.1	445154	0.381
XP_027924663.1	445154	0.359
KAA8538107.1	445154	0.291
XP_023764661.1	445154	0.321
XP_012075473.1	445154	0.357
XP_002267665.2	445154	0.334
PIN14741.1	445154	0.393
KAB2605674.1	445154	0.299
XP_028784229.1	445154	0.344
XP_028765432.1	445154	0.34
XP_027150089.1	445154	0.263
XP_010690515.1	445154	0.312
XP_028052289.1	445154	0.303
KYP66602.1	445154	0.308
NP_001306616.1	445154	0.351
XP_012084626.1	445154	0.352
XP_004984434.1	445154	0.319
RHN69187.1	445154	0.375
EOX98321.1	445154	0.388
XP_028181437.1	445154	0.339
PIA52863.1	445154	0.388
TKV96192.1	445154	0.321
TXG65859.1	445154	0.276
Zm_58314_S101	445154	0.325
XP_019067418.1	445154	0.523
KNA17114.1	445154	0.357
EEE62755.1	445154	0.391
XP_028784231.1	445154	0.34
BAE72451.1	445154	0.323
XP_010905295.1	445154	0.382
XP_021851293.1	445154	0.394
KAA8533662.1	445154	0.307
PWA38531.1	445154	0.284
XP_002271558.1	445154	0.359
ACG28449.1	445154	0.242
XP_022762350.1	445154	0.402
XP_027094771.1	445154	0.297
AGU14141.1	445154	0.338
XP_007042490.2	445154	0.394
NP_001313106.1	445154	0.612
XP_004516947.1	445154	0.334
XP_004298592.2	445154	0.336
KVI07929.1	445154	0.264
XP_004969870.1	445154	0.32
XP_031127855.1	445154	0.483
XP_003568057.1	445154	0.335
XP_017256168.1	445154	0.423
XP_013662853.1	445154	0.321
XP_024980937.1	445154	0.264
OEL21584.1	445154	0.326
XP_013592490.1	445154	0.15
PNX74097.1	445154	0.281
RVW94963.1	445154	0.353
XP_025876581.1	445154	0.303
BAD29722.1	445154	0.405
NP_001348277.1	445154	0.36
VAH39848.1	445154	0.248
TXG70924.1	445154	0.362
NP_001148567.1	445154	0.303
PWA89366.1	445154	0.287
XP_027181762.1	445154	0.267
KZV15225.1	445154	0.339
AKP45162.1	445154	0.244
XP_021663291.1	445154	0.407
CAN80193.1	445154	0.34
VDD47833.1	445154	0.15
XP_027092459.1	445154	0.263
Q9AT54.1	445154	0.614
XP_015967708.1	445154	0.32
XP_027149284.1	445154	0.268
KAA8538101.1	445154	0.272
NP_001280039.1	445154	0.313
ACG35528.1	445154	0.241
AVM80877.1	445154	0.424
VAI01885.1	445154	0.403
GER34354.1	445154	0.348
VAH71953.1	445154	0.237
RLM94042.1	445154	0.333
ART66192.1	445154	0.436
Zm_11344_S96	445154	0.305
KAA3475614.1	445154	0.302
RYR52768.1	445154	0.425
EAY75731.1	445154	0.303
XP_018471400.1	445154	0.161
XP_024034938.1	445154	0.395
CAN74227.1	445154	0.355
XP_021753217.1	445154	0.33
TXG64261.1	445154	0.371
XP_031118830.1	445154	0.349
TXG64255.1	445154	0.362
XP_031386054.1	445154	0.272
KNA20576.1	445154	0.396
PWA36546.1	445154	0.329
ARM65414.1	445154	0.364
XP_027095146.1	445154	0.269
XP_023729717.1	445154	0.413
XP_027150614.1	445154	0.253
EPS62953.1	445154	0.324
XP_007141201.1	445154	0.307
Gj_88F6_S69	445154	0.359
XP_021619010.1	445154	0.383
XP_027090972.1	445154	0.265
XP_021728470.1	445154	0.35
XP_007029404.2	445154	0.411
XP_031386056.1	445154	0.272
XP_031129012.1	445154	0.333
XP_031488473.1	445154	0.351
XP_006404008.1	445154	0.185
XP_027092367.1	445154	0.267
KZV41173.1	445154	0.4
XP_027095067.1	445154	0.266
OEL37933.1	445154	0.295
XP_010465677.1	445154	0.434
Rc_GT1_S91	445154	0.322
XP_015158862.1	445154	0.29
XP_004969869.1	445154	0.312
XP_027358968.1	445154	0.349
KYP59905.1	445154	0.369
XP_030496312.1	445154	0.278
XP_020164396.1	445154	0.237
KAE8812321.1	445154	0.244
KAA8545846.1	445154	0.425
VVA34436.1	445154	0.306
RID63500.1	445154	0.46
XP_002266349.1	445154	0.347
EES01435.2	445154	0.315
VDC75794.1	445154	0.182
XP_010477734.1	445154	0.313
AAZ15016.1	445154	0.322
QCD94717.1	445154	0.335
TEY52172.1	445154	0.396
RVW95041.1	445154	0.307
EOX98752.1	445154	0.287
XP_025701619.1	445154	0.32
TXG52778.1	445154	0.285
XP_002456313.1	445154	0.311
XP_028126279.1	445154	0.358
EAZ13448.1	445154	0.303
RLN24833.1	445154	0.275
XP_026425225.1	445154	0.341
CDP01087.1	445154	0.263
XP_018834497.1	445154	0.295
XP_028101905.1	445154	0.259
TYH94930.1	445154	0.386
RLN21902.1	445154	0.296
XP_030533027.1	445154	0.325
XP_027924895.1	445154	0.334
TKW16631.1	445154	0.319
XP_021854548.1	445154	0.255
XP_003544801.1	445154	0.27
XP_028199211.1	445154	0.27
NP_001149283.2	445154	0.326
RQL79331.1	445154	0.171
XP_024178357.1	445154	0.322
XP_004252532.1	445154	0.315
XP_006644668.1	445154	0.308
VAH25543.1	445154	0.25
KAE8077781.1	445154	0.397
PWA66979.1	445154	0.342
PWA80794.1	445154	0.336
TEY36558.1	445154	0.435
XP_013451675.1	445154	0.325
PLY94511.1	445154	0.413
VAH63624.1	445154	0.295
XP_023764658.1	445154	0.357
XP_027091957.1	445154	0.27
XP_004492515.1	445154	0.36
AFJ52952.1	445154	0.337
XP_006367257.1	445154	0.365
BAO51834.1	445154	0.267
XP_003569748.1	445154	0.327
XP_004516705.1	445154	0.326
XP_002456316.2	445154	0.307
XP_027147875.1	445154	0.263
XP_015085691.1	445154	0.526
RWW32761.1	445154	0.308
XP_014515686.1	445154	0.339
PHU20384.1	445154	0.342
KNA09171.1	445154	0.303
RWW85440.1	445154	0.317
XP_007152119.1	445154	0.353
PWA67347.1	445154	0.282
BAJ98817.1	445154	0.249
XP_024979892.1	445154	0.383
NP_001335896.1	445154	0.244
OWM79599.1	445154	0.357
BBC62115.1	445154	0.319
XP_006374282.2	445154	0.344
XP_031390191.1	445154	0.357
XP_028108083.1	445154	0.323
EPS73615.1	445154	0.353
XP_011088228.1	445154	0.393
XP_010451029.1	445154	0.15
PSS02692.1	445154	0.385
XP_028755161.1	445154	0.323
XP_027187092.1	445154	0.358
XP_004516693.1	445154	0.338
XP_028097295.1	445154	0.267
XP_023745978.1	445154	0.324
GER36953.1	445154	0.413
AFJ52996.1_S193	445154	0.282
TMW84991.1	445154	0.354
BAB68088.1	445154	0.358
THU63538.1	445154	0.265
ACO44747.1	445154	0.607
CDM83825.1	445154	0.174
XP_023753547.1	445154	0.283
RYR56698.1	445154	0.324
BAJ85760.1	445154	0.312
Lu_88G1_S82	445154	0.336
XP_010498931.1	445154	0.29
XP_016539537.1	445154	0.588
CAK26792.1	445154	0.331
EES01436.1	445154	0.307
KAB2001150.1	445154	0.358
KCW62094.1	445154	0.307
XP_027357905.1	445154	0.359
XP_023769289.1	445154	0.342
TQD76939.1	445154	0.309
PUZ55211.1	445154	0.283
XP_002518708.1	445154	0.413
OWM85534.1	445154	0.306
XP_020677377.1	445154	0.333
RYR56093.1	445154	0.415
XP_016543130.1	445154	0.391
XP_031265854.1	445154	0.312
RWR74030.1	445154	0.344
XP_031394207.1	445154	0.309
XP_019086373.1	445154	0.147
ADO33118.1	445154	0.407
XP_020181351.1	445154	0.176
XP_028126313.1	445154	0.362
VAH78654.1	445154	0.174
XP_009146078.1	445154	0.462
XP_027161059.1	445154	0.436
BAJ87788.1	445154	0.306
XP_021853662.1	445154	0.352
XP_010504414.1	445154	0.437
PWA58179.1	445154	0.277
XP_010263455.1	445154	0.384
NP_001316766.1	445154	0.353
PSS04622.1	445154	0.325
PNY00008.1	445154	0.337
XP_021839736.1	445154	0.355
XP_021283160.1	445154	0.437
KAD4386278.1	445154	0.276
XP_015626261.1	445154	0.354
XP_020234971.1	445154	0.378
XP_018491971.1	445154	0.461
GAV60384.1	445154	0.278
XP_027112536.1	445154	0.436
RDX70950.1	445154	0.343
XP_028078954.1	445154	0.28
XP_025818663.1	445154	0.317
XP_021755650.1	445154	0.338
XP_028803592.1	445154	0.322
XP_015158860.1	445154	0.361
XP_028053337.1	445154	0.317
XP_006346389.1	445154	0.547
PWA46758.1	445154	0.335
XP_025814034.1	445154	0.291
CDP01073.1	445154	0.288
XP_031390102.1	445154	0.348
XP_009787720.1	445154	0.552
XP_010927315.1	445154	0.347
CDP09466.1	445154	0.432
Q6VAA9.1	445154	0.366
KCW48704.1	445154	0.326
VAH71954.1	445154	0.247
RVW12202.1	445154	0.315
XP_009142135.1	445154	0.168
KOM55224.1	445154	0.353
XP_013749708.1	445154	0.463
KAE8798718.1	445154	0.317
KAD5803127.1	445154	0.35
XP_013586358.1	445154	0.456
XP_015088999.1	445154	0.369
XP_021312775.1	445154	0.307
VAH24301.1	445154	0.232
XP_016200520.1	445154	0.345
XP_002268560.2	445154	0.364
PWA87511.1	445154	0.336
XP_019092592.1	445154	0.439
KYP71899.1	445154	0.425
XP_019259374.1	445154	0.336
PSS02694.1	445154	0.412
XP_031504614.1	445154	0.346
XP_027105984.1	445154	0.432
KAA8516602.1	445154	0.374
XP_010487514.1	445154	0.442
VAH79419.1	445154	0.313
XP_010665457.1	445154	0.363
XP_010045221.1	445154	0.321
XP_020186628.1	445154	0.33
XP_006299958.1	445154	0.435
AWD73588.1	445154	0.338
PWZ16094.1	445154	0.34
AAS94329.1	445154	0.367
PWA63866.1	445154	0.302
UGT73A12_S118	445154	0.727
CDY43105.1	445154	0.455
TKW16621.1	445154	0.309
EMS58610.1	445154	0.293
XP_021687733.1	445154	0.433
GAU29067.1	445154	0.347
TYH41183.1	445154	0.358
EEC78723.1	445154	0.389
OVA14384.1	445154	0.357
PIA52862.1	445154	0.411
RWR84985.1	445154	0.358
CAN63439.1	445154	0.355
XP_019200220.1	445154	0.316
NP_001312061.1	445154	0.608
BBA68562.1	445154	0.342
XP_010923186.1	445154	0.306
XP_021776510.1	445154	0.335
NP_001142382.2	445154	0.339
AAK28304.1	445154	0.608
XP_003569750.1	445154	0.306
CDP01082.1	445154	0.263
KHN41342.1	445154	0.326
ACF88367.1	445154	0.339
XP_031114998.1	445154	0.337
KAD4386273.1	445154	0.273
PWZ32989.1	445154	0.337
VAI76781.1	445154	0.303
GAY54938.1	445154	0.427
SPT15509.1	445154	0.246
XP_003567088.1	445154	0.278
XP_019440920.1	445154	0.386
BAJ88230.1	445154	0.328
VAI89201.1	445154	0.331
XP_013451676.1	445154	0.345
XP_007009133.1	445154	0.312
VAH63625.1	445154	0.293
XP_024983332.1	445154	0.334
XP_002267573.1	445154	0.365
TMW88654.1	445154	0.364
EAY75738.1	445154	0.361
XP_019167908.1	445154	0.342
TEY19255.1	445154	0.36
XP_003601707.1	445154	0.366
XP_031390684.1	445154	0.354
XP_004969864.1	445154	0.309
PUZ65088.1	445154	0.315
XP_010060213.2	445154	0.321
AFJ52947.1	445154	0.391
XP_013665367.1	445154	0.16
XP_010691725.1	445154	0.367
BAG80535.1	445154	0.334
VAH36645.1	445154	0.305
XP_015644111.1	445154	0.291
XP_008783313.1	445154	0.326
RWR84984.1	445154	0.347
XP_031386055.1	445154	0.271
OVA19028.1	445154	0.388
KCW90587.1	445154	0.391
PWA60485.1	445154	0.343
XP_030441183.1	445154	0.378
VAH52280.1	445154	0.381
VDC73700.1	445154	0.159
XP_031122751.1	445154	0.436
AXL95242.1	445154	0.358
XP_022950861.1	445154	0.272
XP_013749593.1	445154	0.455
XP_024196295.1	445154	0.308
VVB06548.1	445154	0.403
XP_004302685.2	445154	0.274
XP_012440078.1	445154	0.352
XP_020148630.1	445154	0.244
XP_016461186.1	445154	0.582
OVA15877.1	445154	0.346
EAZ00831.1	445154	0.291
THU49932.1	445154	0.371
XP_015059318.1	445154	0.36
BBC62105.1	445154	0.371
KAB2054604.1	445154	0.351
RYR56096.1	445154	0.344
TYJ07040.1	445154	0.352
XP_008811497.1	445154	0.305
XP_006422077.1	445154	0.358
EFJ10471.1	445154	0.325
BAK00839.1	445154	0.241
XP_010487515.1	445154	0.507
QDM38898.1	445154	0.333
BAF75893.1	445154	0.349
XP_021718283.1	445154	0.383
XP_012065721.1	445154	0.385
XP_008785471.1	445154	0.325
RLN24208.1	445154	0.319
XP_002518722.3	445154	0.368
XP_020677364.1	445154	0.33
KAD6795296.1	445154	0.415
XP_021753343.1	445154	0.383
XP_016543131.1	445154	0.364
XP_006422086.1	445154	0.31
XP_023764656.1	445154	0.325
XP_020181306.1	445154	0.303
RVW95043.1	445154	0.324
XP_020179070.1	445154	0.298
XP_020889144.1	445154	0.52
RWR87359.1	445154	0.386
XP_019453274.1	445154	0.324
XP_031269447.1	445154	0.373
XP_022132959.1	445154	0.259
EFJ10460.1	445154	0.308
XP_017981758.1	445154	0.262
TKY45295.1	445154	0.361
XP_021853724.1	445154	0.38
EEC70872.1	445154	0.281
XP_010925706.1	445154	0.378
CDM84022.1	445154	0.298
XP_019092591.1	445154	0.499
XP_002456310.1	445154	0.31
XP_021851290.1	445154	0.355
XP_016539539.1	445154	0.412
XP_027092618.1	445154	0.367
AFJ52945.1	445154	0.37
XP_031286082.1	445154	0.39
XP_031125945.1	445154	0.462
XP_006490599.1	445154	0.314
XP_019169295.1	445154	0.34
XP_019249734.1	445154	0.367
Zm_43295_S98	445154	0.331
XP_017230529.1	445154	0.266
XP_006656061.1	445154	0.289
PWA36889.1	445154	0.375
XP_031115383.1	445154	0.333
RLN28752.1	445154	0.306
TYH41184.1	445154	0.332
TXG71036.1	445154	0.324
XP_025796746.1	445154	0.332
XP_031118125.1	445154	0.336
XP_017220147.1	445154	0.393
BAD52006.1	445154	0.324
KDO56858.1	445154	0.314
XP_025979537.1	445154	0.345
XP_024971324.1	445154	0.339
XP_021994688.1	445154	0.318
KFK38998.1	445154	0.482
KAA8549334.1	445154	0.233
XP_019166340.1	445154	0.455
XP_020677393.1	445154	0.333
KAE8793614.1	445154	0.242
XP_020186630.1	445154	0.322
PWZ33324.1	445154	0.334
XP_012836922.1	445154	0.344
KAE8798717.1	445154	0.321
XP_028054461.1	445154	0.348
XP_024971708.1	445154	0.344
PKI75421.1	445154	0.289
XP_006346390.2	445154	0.413
XP_009600997.1	445154	0.582
BAT92922.1	445154	0.355
PUZ41162.1	445154	0.34
BAJ97132.1	445154	0.325
XP_030496421.1	445154	0.288
TVU34749.1	445154	0.342
XP_011088741.1	445154	0.357
XP_015088908.1	445154	0.384
PNX94393.1	445154	0.372
XP_028054580.1	445154	0.425
XP_019156849.1	445154	0.326
XP_017423888.1	445154	0.355
TYH31303.1	445154	0.324
KAE8798714.1	445154	0.326
XP_027176125.1	445154	0.345
RZC91143.1	445154	0.364
ARU08120.1	445154	0.366
XP_010232274.1	445154	0.314
PWA98999.1	445154	0.326
EFJ10463.1	445154	0.316
UGT88C4_S124	445154	0.113
XP_003566011.1	445154	0.325
KZV29556.1	445154	0.334
XP_018823226.1	445154	0.349
XP_015890275.2	445154	0.362
PIN10382.1	445154	0.354
PWA35362.1	445154	0.345
XP_002456311.2	445154	0.31
XP_010691724.1	445154	0.365
XP_006346388.1	445154	0.587
RWW44508.1	445154	0.346
XP_004969866.1	445154	0.302
KAA8527887.1	445154	0.427
XP_006654679.1	445154	0.326
XP_031115475.1	445154	0.328
XP_026440775.1	445154	0.364
XP_004515407.1	445154	0.335
XP_026378532.1	445154	0.425
XP_026394097.1	445154	0.384
PIA52865.1	445154	0.345
XP_003533970.1	445154	0.347
RWW22506.1	445154	0.346
KMZ66731.1	445154	0.303
XP_006481336.1	445154	0.35
ATY39978.1	445154	0.351
XP_016740788.1	445154	0.285
KAA8518969.1	445154	0.289
XP_020677391.1	445154	0.338
BAF49308.1	445154	0.464
XP_022978487.1	445154	0.264
XP_010923184.1	445154	0.317
XP_021817336.1	445154	0.354
XP_004249620.1	445154	0.374
XP_017223319.1	445154	0.325
XP_022000845.1	445154	0.324
VAI83669.1	445154	0.288
EFJ19131.1	445154	0.316
XP_004143462.1	445154	0.276
XP_004252303.1	445154	0.369
KOM42965.1	445154	0.358
XP_006644666.1	445154	0.293
TMX00487.1	445154	0.44
XP_015890280.1	445154	0.352
PSR93158.1	445154	0.323
XP_021851288.1	445154	0.352
EFJ10466.1	445154	0.308
XP_010674287.1	445154	0.359
KRH08802.1	445154	0.337
XP_020677366.1	445154	0.372
XP_027352831.1	445154	0.374
PUZ54870.1	445154	0.319
XP_026394095.1	445154	0.373
XP_026397369.1	445154	0.37
XP_017223320.1	445154	0.325
OUZ99623.1	445154	0.266
XP_031475548.1	445154	0.358
VAH21489.1	445154	0.315
THG23402.1	445154	0.358
AUI41126.1	445154	0.335
XP_015632784.1	445154	0.284
XP_013461082.1	445154	0.325
OEL17476.1	445154	0.298
XP_030496144.1	445154	0.278
BAS74225.1	445154	0.284
NP_001279020.1	445154	0.339
BAJ89091.1	445154	0.303
XP_002271726.3	445154	0.35
CDM84026.1	445154	0.322
XP_016539535.1	445154	0.574
CBI29442.3	445154	0.279
PIN21664.1	445154	0.352
BAH47552.1	445154	0.33
XP_023764660.1	445154	0.359
A0A067YBQ3.1	445154	0.356
XP_015639821.1	445154	0.314
XP_031479130.1	445154	0.373
BAJ97944.1	445154	0.301
TYH94932.1	445154	0.293
GAY52281.1	445154	0.263
PSS34601.1	445154	0.304
TEY35261.1	445154	0.332
AYA22038.1	445154	0.364
KAE8797644.1	445154	0.313
XP_021657933.1	445154	0.391
RZC89576.1	445154	0.266
XP_021989026.1	445154	0.414
At_74B1_S25	445154	0.276
At_88A1_S37	445154	0.532
At_72C1_S41	445154	0.091
Am_88D3_S58	445154	0.326
Bm_88D9_S60	445154	0.335
Fe_88J1_S66	445154	0.378
Gm_88E3_S70	445154	0.359
Pf_88D7_S90	445154	0.354
Mt_88E1_S84	445154	0.346
Zm_60993_S102	445154	0.329
UGT73A10_S113	445154	0.739
UGT73Q1_S117	445154	0.27
UGT73A24_S184	445154	0.619
UGT73A25_S185	445154	0.612
UGT85A73_S186	445154	0.36
