Number,Train,Positive,Negative,Straight ancestors
0,0.9154875444839877,0.8905907473309584,0.2796868327402141,0.9337153024911028
1,0.9536014234875506,0.7205551601423456,0.452156583629894,0.9267971530249104
2,0.8980782918149479,0.8955302491103245,0.35185765124555296,0.9090177935943065
3,0.876754448398581,0.9652384341636931,0.2822206405693943,0.9340213523131672
4,0.34029893238434317,0.6913665480427055,0.43935943060498195,0.9230960854092525
5,0.7182277580071207,0.7803914590747324,0.3383416370106755,0.9338505338078308
6,0.7330462633451965,0.6894163701067623,0.3523487544483997,0.9024128113878997
7,0.7702277580071185,0.6405124555160139,0.31986476868327396,0.9194804270462628
8,0.9927402135231391,0.6000854092526697,0.3476014234875451,0.8099145907473311
9,0.7945765124555201,0.9854733096085346,0.33602846975088896,0.8259715302491101
10,0.8087829181494671,0.8765195729537401,0.3266548042704616,0.8158434163701054
11,0.9809537366548048,0.7121992882562261,0.31249822064057,0.862967971530248
12,0.9856441281138738,0.687836298932384,0.3352882562277577,0.9330106761565834
13,0.594007117437724,0.8533807829181507,0.3647686832740217,0.9733879003558713
14,0.9951957295373738,0.7630747330960856,0.28609252669039165,0.9265622775800724
15,0.76961565836299,0.6842135231316737,0.38599288256227704,0.9518149466192172
16,0.7383985765124562,0.8660142348754453,0.3170177935943059,0.9610177935943063
17,0.8898007117437703,0.8071672597864782,0.35879003558718914,0.9580071174377232
18,0.6707615658362995,0.8394875444839885,0.37736654804270386,0.9346975088967978
19,0.7232811387900344,0.7742846975088965,0.31654092526690397,0.9411316725978658
20,0.9503416370106847,0.8071814946619214,0.4472028469750882,0.92844128113879
21,0.5635373665480434,0.9344199288256251,0.290526690391459,0.924327402135231
22,0.9834021352313126,0.6071814946619223,0.39233451957295534,0.9197935943060497
23,0.7034448398576466,0.8191174377224196,0.4165480427046265,0.8999857651245557
24,0.7949181494661925,0.7836014234875458,0.31754448398576485,0.9092882562277569
25,0.5966334519572961,0.5987615658362982,0.29368683274021423,0.8807686832740196
26,0.7119003558718879,0.913715302491108,0.4426690391459051,0.8561921708185058
27,0.9848113879003497,0.771928825622775,0.341765124555161,0.8883843416370107
28,0.4773380782918151,0.9875017793594261,0.35387188612099474,0.8883772241992876
29,0.5821494661921701,0.9872455516014141,0.33479715302491075,0.8728754448398571
30,0.7735231316726006,0.7624128113879003,0.3578291814946618,0.890975088967971
31,0.8390177935943044,0.7623772241992874,0.35069750889679724,0.9213594306049824
32,0.9307259786476862,0.5525124555160152,0.2716298932384344,0.9418007117437742
33,0.9906476868327359,0.8398861209964404,0.34932384341636946,0.9534377224199285
34,0.7376725978647679,0.9740782918149538,0.32558718861209907,0.9503487544483994
35,0.6142918149466204,0.7790747330960848,0.38013523131672505,0.9480213523131685
36,0.683352313167259,0.8478007117437736,0.3056298932384341,0.9317295373665481
37,0.8000925266903909,0.7861352313167272,0.33037010676156514,0.9115088967971531
38,0.7124412811387885,0.9231032028469752,0.3993024911032045,0.8894804270462628
39,0.9924199288256296,0.6437864768683245,0.30165124555160205,0.8768967971530238
40,0.785003558718861,0.7260498220640551,0.3377224199288254,0.8502918149466197
41,0.7735871886120997,0.7436014234875435,0.40792170818505585,0.8550533807829195
42,0.9385195729537408,0.9657010676156511,0.3291886120996428,0.8226832740213522
43,0.8084911032028465,0.7602704626334523,0.3487259786476874,0.8198718861209968
44,0.8823843416370077,0.9108896797153027,0.36958718861209944,0.798782918149466
45,0.782562277580071,0.8696370106761571,0.3891530249110326,0.7999501779359428
46,0.8402562277580053,0.9146405693950217,0.3689466192170819,0.7234234875444832
47,0.7573096085409254,0.9603345195729515,0.36417793594306075,0.7493451957295375
48,0.9460711743772274,0.5606263345195736,0.3569893238434167,0.6427117437722413
49,0.4662206405693958,0.7074733096085419,0.38231316725978626,0.6767971530249111
50,0.7759217081850532,0.7015658362989311,0.3642419928825624,0.6058078291814941
51,0.9408042704626316,0.6788825622775806,0.3559145907473312,0.6407829181494659
52,0.6707402135231314,0.9329110320284715,0.3318078291814946,0.559131672597865
53,0.5656654804270467,0.6694092526690387,0.2933736654804258,0.5763274021352308
54,0.9643274021352226,0.7618718861209949,0.38347330960854026,0.7276441281138792
55,0.7190391459074754,0.8532669039145934,0.37549466192170783,0.8105338078291803
56,0.8825978647686821,0.8502491103202872,0.329715302491102,0.8628896797153022
57,0.8769822064056969,0.9085622775800694,0.3711743772241991,0.8634875444839843
58,0.8712526690391471,0.8989964412811385,0.3058790035587191,0.9063274021352314
59,0.6107046263345202,0.8269395017793575,0.2937722419928823,0.9439715302491107
60,0.7907330960854124,0.4210106761565842,0.3205053380782915,0.9691032028469748
61,0.6294590747330954,0.7197081850533815,0.4091316725978665,0.9701494661921706
62,0.6541708185053386,0.43682562277580067,0.4042775800711751,0.9347615658362995
63,0.6696797153024912,0.6773665480427081,0.3144768683274018,0.9114661921708177
64,0.9500569395017802,0.9969039145907508,0.3233167259786469,0.869245551601423
65,0.8582206405693948,0.9462846975088908,0.3357010676156584,0.8464199288256229
66,0.825679715302487,0.9404768683274003,0.3702419928825618,0.8479928825622775
67,0.7706548042704624,0.8731103202847035,0.28000711743772283,0.7900996441281153
68,0.8918007117437705,0.8334234875444875,0.3671957295373666,0.8099288256227768
69,0.5750676156583638,0.6088398576512469,0.33432028469750824,0.9358007117437733
70,0.8663985765124514,0.8279074733096091,0.25341637010676343,0.8672526690391458
71,0.9906192170818466,0.8837580071174373,0.2687829181494655,0.8247544483985764
72,0.8516939501779398,0.8386975088967986,0.2949964412811385,0.85997153024911
73,0.9742206405694042,0.9813167259786446,0.3360996441281143,0.8847330960854074
74,0.8267046263345178,0.8834234875444811,0.2996654804270468,0.8739715302491109
75,0.6945195729537391,0.8492028469750932,0.36179359430604957,0.8639501779359442
76,0.6547188612099654,0.9927473309608614,0.29274733096085404,0.8395943060498223
77,0.8024341637010639,0.5736298932384343,0.33619217081850583,0.8204199288256225
78,0.9273950177935912,0.9368896797153026,0.3252740213523125,0.8362562277580076
79,0.8276939501779382,0.9056085409252647,0.2839572953736657,0.9011743772241987
80,0.9674733096085377,0.651516014234875,0.3722348754448393,0.9247046263345201
81,0.8318647686832751,0.6219644128113889,0.33958718861209963,0.9215871886121003
82,0.8331387900355882,0.9595729537366526,0.26384341637010716,0.9164341637010678
83,0.8369964412811374,0.6547686832740205,0.29602846975089053,0.9237935943060512
84,0.6015160142348754,0.7251387900355872,0.34392170818505335,0.959665480427048
85,0.6837935943060487,0.9290106761565794,0.26780782918149326,0.947359430604982
86,0.8366263345195758,0.5552455516014254,0.33762989323843506,0.925288256227758
87,0.985822064056934,0.7635160142348767,0.41492526690391535,0.8894377224199285
88,0.8047544483985699,0.701053380782916,0.38949466192170823,0.8303558718861194
89,0.5874234875444829,0.6738291814946632,0.33086120996441154,0.7956085409252676
90,0.7407971530249098,0.8339501779359441,0.31409964412811414,0.9339288256227758
91,0.8998790035587164,0.7956441281138817,0.3437864768683281,0.9285978647686831
92,0.9476939501779378,0.9050462633451919,0.36232028469750954,0.6230960854092531
93,0.8600071174377236,0.8745765124555167,0.30151601423487623,0.5918220640569396
94,0.7138861209964436,0.814476868327405,0.27823487544484105,0.6842277580071187
95,0.9739572953736743,0.8849323843416335,0.3472597864768683,0.7697580071174382
96,0.653516014234877,0.8561921708185057,0.3258362989323839,0.858932384341636
97,0.9490604982206425,0.9746120996441373,0.4246334519572946,0.8755017793594309
98,0.7105622775800714,0.8193879003558722,0.3401992882562284,0.8639572953736668
99,0.6946049822064063,0.9957864768683339,0.3606619217081857,0.9202989323843412
100,0.4671957295373676,0.806014234875444,0.3184128113879,0.916797153024911
101,0.6678007117437703,0.9691316725978615,0.28762277580071194,0.9115160142348752
102,0.9581067615658377,0.751110320284697,0.3260071174377215,0.953523131672599
103,0.7977295373665498,0.32479715302491013,0.4110889679715315,0.9652241992882575
104,0.9785551601423514,0.8365907473309646,0.40059074733096184
105,0.8309893238434162,0.7931601423487584,0.4087473309608558
106,0.5200640569395032,0.5204128113879001,0.3620854092526697
107,0.8319501779359426,0.6138576512455516,0.3421637010676158
108,0.9685053380782891,0.9537864768683282,0.4133523131672602
109,0.677039145907474,0.6808967971530253,0.3971032028469761
110,0.9166334519572993,0.5922562277580061,0.34953736654804357
111,0.8467117437722445,0.7380782918149466,0.4299074733096071
112,0.7836227758007115,0.7219217081850535,0.353914590747332
113,0.7108042704626353,0.7998149466192164,0.40370106761565827
114,0.9772170818505359,0.8345266903914625,0.2965195729537362
115,0.8687900355871849,0.7846548042704644,0.38454092526690303
116,0.9900427046263277,0.5483914590747333,0.40189323843416247
117,0.8725338078291861,0.9865765124555089,0.3301138790035586
118,0.9408540925266892,0.788676156583632,0.3267046263345187
119,0.6040640569395019,0.9005480427046259,0.32062633451957245
120,0.9705551601423529,0.7579786476868329,0.3147330960854087
121,0.7349679715302502,0.8421779359430596,0.3610747330960861
122,0.8376583629893237,0.8865480427046273,0.3037935943060504
123,0.509943060498221,0.8591459074733108,0.3915943060498233
124,0.7314092526690402,0.6606690391459072,0.2612953736654809
125,0.6614306049822061,0.5986761565836294,0.36132384341637014
126,0.9998149466192171,0.8979501779359457,0.31664056939501745
127,0.8694306049822071,0.6138149466192191,0.36091103202846986
128,0.7203843416370097,0.7014092526690383,0.36653380782918193
129,0.8521921708185071,0.9215088967971518,0.37967971530249034
130,0.7420569395017785,0.9160213523131717,0.3650533807829185
131,0.8978362989323863,0.8535373665480472,0.34388612099644145
132,0.7107971530249142,0.7719786476868333,0.3546619217081836
133,0.8546619217081837,0.9358718861209971,0.25116725978647897
134,0.9259644128113865,0.7717437722419929,0.3142775800711746
135,0.65291103202847,0.6786120996441279,0.40275444839857644
136,0.9075658362989333,0.8859003558718804,0.3453523131672599
137,0.8786263345195741,0.8256370106761565,0.2587402135231315
138,0.752946619217083,0.6901423487544488,0.3326690391459075
139,0.9998718861209964,0.9725551601423565,0.3259359430604975
140,0.558000000000002,0.9796797153024912,0.44083274021352203
141,0.7455871886120996,0.9471387900355877,0.38595729537366635
142,0.7180782918149471,0.8328042704626376,0.39682562277579914
143,0.6951316725978665,0.8499430604982254,0.37119572953736646
144,0.9896512455515968,0.7345480427046256,0.40098220640569493
145,0.6369110320284694,0.7822419928825617,0.4057722419928833
146,0.9736156583629993,0.6232313167259788,0.34466192170818666
147,0.7941281138790055,0.7613523131672588,0.40007117437722595
148,0.640476868327401,0.9142775800711747,0.2872811387900357
149,0.7439786476868328,0.6933879003558732,0.33512455516014167
150,0.9296797153024924,0.7654377224199276,0.43101067615658156
151,0.9883345195729436,0.893395017793598,0.3855943060498216
152,0.68538078291815,0.9288185053380775,0.3258932384341628
153,0.9219217081850518,0.8903345195729517,0.2888540925266903
154,0.9401850533807828,0.8336227758007144,0.3213665480427039
155,0.7971601423487567,0.8619217081850507,0.40083274021352394
156,0.5273024911032026,0.8411387900355873,0.38639145907473266
157,0.8660427046263274,0.8559928825622801,0.4443345195729517
158,0.9518434163701123,0.6112099644128133,0.3095800711743769
159,0.7173309608540918,0.8002064056939481,0.37656939501779285
160,0.790241992882565,0.5894448398576524,0.29811387900355885
161,0.9962135231316797,0.5805551601423482,0.35501779359430674
162,0.8164982206405714,0.6192597864768691,0.38065480427046133
163,0.8266690391459036,0.9849893238434114,0.31116014234875466
164,0.7353096085409262,0.8056014234875436,0.3304412811387895
165,0.5886548042704631,0.86782206405694,0.39808540925266894
166,0.8917081850533828,0.657758007117437,0.406434163701069
167,0.7794519572953733,0.9765765124555225,0.336142348754448
168,0.6408113879003531,0.9841494661921658,0.40906049822064106
169,0.9052384341636935,0.7892028469750927,0.40293238434163825
170,0.9210604982206395,0.8060142348754412,0.4027971530249122
171,0.9337793594306082,0.8424839857651247,0.3325480427046245
172,0.6886761565836312,0.8516725978647682,0.3229750889679712
173,0.6713238434163702,0.7488754448398577,0.34906761565836364
174,0.6512384341637003,0.9822419928825578,0.4039074733096089
175,0.7444555160142317,0.7648540925266892,0.4317366548042694
176,0.7152811387900356,0.6116725978647699,0.29239145907473246
177,0.8512526690391499,0.9071601423487539,0.344775800711744
178,0.933231316725981,0.9709395017793668,0.3492313167259788
179,0.693245551601425,0.9411387900355856,0.427437722419928
180,0.7071672597864753,0.7596441281138787,0.39106761565836373
181,0.9337437722419978,0.9708683274021395,0.3338007117437712
182,0.9728185053380861,0.7912597864768702,0.41174377224199366
183,0.702526690391458,0.5360854092526685,0.3590035587188614
184,0.769003558718861,0.864469750889675,0.3541850533807827
185,0.981622775800708,0.7644982206405696,0.3928327402135247
186,0.8786476868327409,0.9083985765124554,0.3432740213523139
187,0.9935729537366629,0.6291601423487536,0.32886832740213384
188,0.855594306049822,0.992135231316732,0.3509466192170815
189,0.9682348754448351,0.6988967971530237,0.3708896797153021
190,0.9523131672597949,0.8623274021352281,0.2698718861209962
191,0.9878078291814864,0.7288113879003553,0.3237010676156577
192,0.6505836298932367,0.897437722419932,0.3435800711743772
193,0.9654021352313087,0.8621708185053343,0.36767259786476797
194,0.8888469750889677,0.7245693950177919,0.3272526690391458
195,0.5846690391459064,0.6328469750889674,0.36551601423487673
196,0.6947402135231323,0.9766903914590818,0.3748754448398569
197,0.6533736654804263,0.9917722419928853,0.4149110320284705
198,0.8635800711743725,0.4297580071174366,0.35759430604982245
199,0.8966832740213512,0.9744768683274071,0.35398576512455593
200,0.9625693950177889,0.9688896797152979,0.3626761565836305
201,0.8413665480427037,0.7446548042704624,0.3167971530249108
202,0.736014234875446,0.746725978647685,0.3099074733096091
203,0.849658362989323,0.7514733096085421,0.32456227758007045
204,0.8361423487544495,0.6549039145907475,0.3229679715302487
205,0.9231743772241988,0.5972882562277582,0.4237864768683267
206,0.8976939501779363,0.7668398576512444,0.2924199288256237
207,0.604491103202846,0.7592384341637014,0.348704626334521
208,0.7841708185053358,0.9767473309608605,0.2647330960854092
209,0.8091672597864766,0.3924199288256239,0.4170462633451964
210,0.9933594306049824,0.6466690391459057,0.35512455516014335
211,0.79113879003559,0.9334519572953764,0.3987259786476867
212,0.7166548042704638,0.9750676156583707,0.3919288256227759
213,0.6945195729537373,0.7841209964412796,0.32601423487544406
214,0.8657722419928771,0.7289181494661899,0.3329893238434145
215,0.9762491103202895,0.8660284697508854,0.37188612099644025
216,0.9759928825622856,0.4361494661921709,0.3046334519572954
217,0.9821637010676125,0.6791103202846974,0.3454092526690399
218,0.987395017793586,0.4438220640569394,0.34622064056939583
219,0.5037722419928843,0.7627829181494649,0.3510604982206413
220,0.8621423487544435,0.8297081850533803,0.3310391459074725
221,0.926896797153025,0.7850818505338085,0.3202419928825619
222,0.63461921708185,0.9721281138790085,0.34505338078291925
223,0.6643274021352306,0.9741708185053441,0.38251957295373523
224,0.7916654804270488,0.7221708185053366,0.43698932384341577
225,0.8463060498220628,0.9623345195729494,0.3212313167259782
226,0.980256227758006,0.9646120996441208,0.33826334519573087
227,0.6064768683274009,0.9662633451957274,0.39094661921708357
228,0.7687473309608568,0.8487188612099638,0.3797793594306046
229,0.5125338078291827,0.8363416370106768,0.35723131672597935
230,0.8021921708185047,0.9896298932384306,0.41913167259786516
231,0.6580498220640564,0.5768042704626345,0.38845551601423595
232,0.9990747330960862,0.9093594306049794,0.4054234875444852
233,0.9191174377224196,0.7843629893238427,0.3786832740213517
234,0.9005266903914567,0.8163985765124575,0.3332526690391453
235,0.8849252669039103,0.5337651245551596,0.3176583629893235
236,0.9640854092526617,0.5129679715302496,0.37001423487544466
237,0.7162206405693996,0.8940213523131689,0.32992170818505256
238,0.9858078291814908,0.8547829181494699,0.3706334519572949
239,0.7439145907473306,0.39003558718861353,0.32160142348754406
240,0.6853167259786457,0.7947117437722432,0.36954448398576456
241,0.7172740213523148,0.8778078291814974,0.4106975088967979
242,0.8268113879003538,0.7102846975088963,0.2718291814946624
243,0.9881565836298907,0.8239715302491112,0.33079715302490975
244,0.6144768683274033,0.8170249110320288,0.3736156583629886
245,0.9803202846975086,0.7232669039145898,0.4090177935943077
246,0.5570462633451957,0.901786476868325,0.33580782918149377
247,0.8764056939501818,0.9522633451957352,0.4308967971530244
248,0.5894733096085406,0.6027259786476863,0.3907188612099659
249,0.6933736654804269,0.9622135231316705,0.3878718861209957
250,0.6511174377224189,0.9637935943060459,0.35313167259786443
251,0.7102064056939505,0.7341921708185042,0.35661209964412793
252,0.8086761565836306,0.9698790035587204,0.3173665480427047
253,0.7502704626334534,0.8523772241992915,0.32230604982206335
254,0.8710462633451976,0.5260782918149468,0.355900355871886
255,0.8917651245551587,0.7681637010676158,0.28450533807829165
256,0.7848896797152997,0.9158576512455551,0.3539644128113877
257,0.6966690391459087,0.8648398576512412,0.31403558718861235
258,0.6809964412811393,0.6932099644128134,0.329508896797152
259,0.820733096085409,0.8744555160142394,0.38528113879003667
260,0.52052669039146,0.7065480427046252,0.2859644128113878
261,0.5567758007117434,0.8662989323843417,0.36498932384341676
262,0.8559430604982247,0.5670391459074734,0.32943772241992847
263,0.763900355871887,0.7554875444839863,0.3532526690391451
264,0.9962206405694022,0.49110320284697356,0.436362989323843
265,0.7972170818505354,0.8628398576512438,0.3523345195729535
266,0.7968185053380792,0.6755658362989329,0.3189181494661922
267,0.9310106761565824,0.8792455516014247,0.3658576512455519
268,0.7777864768683286,0.6996227758007112,0.31618505338078257
269,0.8769679715302524,0.975437722419936,0.3193167259786473
270,0.9983843416370132,0.8088896797153017,0.36748754448398563
271,0.7771316725978643,0.46012099644128135,0.41679715302491244
272,0.9099288256227785,0.7956725978647693,0.41935231316726007
273,0.9680569395017714,0.8367615658362993,0.321416370106761
274,0.9000854092526666,0.9342206405693986,0.364960854092527
275,0.8415729537366542,0.9328113879003588,0.3748754448398568
276,0.7324768683274007,0.6677010676156582,0.3460213523131679
277,0.832142348754447,0.9208683274021346,0.38308896797152786
278,0.9401637010676174,0.5182918149466194,0.3761637010676146
279,0.7621565836298948,0.5036298932384348,0.3793309608540916
280,0.876170818505338,0.9767544483985813,0.31857651245551555
281,0.7074092526690379,0.8492241992882571,0.39050533807829274
282,0.5842064056939499,0.622975088967971,0.34356583629893345
283,0.9313736654804311,0.9188469750889688,0.3694234875444844
284,0.7108896797153054,0.9523629893238502,0.4069323843416377
285,0.7446903914590731,0.8239715302491085,0.3095516014234877
286,0.9128967971530293,0.9345053380782969,0.3682491103202848
287,0.7954590747330976,0.7078291814946629,0.3565836298932384
288,0.8751530249110366,0.7880355871886153,0.34255516014234877
289,0.898313167259788,0.8020782918149449,0.3359145907473315
290,0.9394733096085419,0.9809395017793588,0.31261209964412795
291,0.7291601423487526,0.6668185053380785,0.38260498220640365
292,0.9904911032028472,0.6239288256227763,0.36762989323843454
293,0.7639430604982188,0.6356939501779354,0.32909608540925167
294,0.8679786476868276,0.9403202846975073,0.32424199288256167
295,0.758355871886123,0.835195729537367,0.2889750889679717
296,0.9286476868327385,0.709750889679715,0.3704839857651244
297,0.7392669039145905,0.8734946619217125,0.316291814946619
298,0.6451886120996433,0.6513096085409248,0.3544911032028469
299,0.749387900355872,0.8540142348754466,0.3231174377224191
300,0.8438007117437704,0.6654590747330955,0.33708896797152943
301,0.7780355871886123,0.6129893238434169,0.39170106761565915
302,0.6454092526690388,0.8270676156583607,0.4227117437722412
303,0.9997864768683278,0.8826619217081845,0.3735088967971524
304,0.7547259786476865,0.8525907473309643,0.3448042704626343
305,0.8595658362989328,0.9380854092526723,0.38282562277579907
306,0.9821921708185,0.8024626334519557,0.32454092526690315
307,0.7418505338078284,0.8246619217081826,0.3532028469750886
308,0.7537081850533847,0.9425907473309623,0.34743772241992893
309,0.9502775800711822,0.6036868327402136,0.367537366548042
310,0.7081637010676156,0.8488113879003567,0.3607900355871891
311,0.8583985765124563,0.837131672597865,0.357117437722421
312,0.8901779359430576,0.6118932384341642,0.3587544483985779
313,0.941580071174375,0.7753807829181483,0.35588612099644157
314,0.8706619217081849,0.8922135231316721,0.40502491103202803
315,0.8790818505338079,0.8351459074733057,0.3389893238434161
316,0.747202846975088,0.8008683274021334,0.35370106761565795
317,0.5050177935943077,0.589473309608541,0.3475160142348766
318,0.80635587188612,0.9739359430605073,0.39969395017793624
319,0.880818505338078,0.888498220640566,0.29044839857651195
320,0.9525765124555232,0.77805693950178,0.3789822064056931
321,0.6403345195729514,0.8319572953736636,0.3718149466192163
322,0.8573451957295392,0.6696512455516004,0.40655516014234944
323,0.8587330960854068,0.32654804270462495,0.2990177935943063
324,0.9078505338078291,0.6388469750889657,0.3690391459074726
325,0.5555516014234887,0.5740996441281138,0.28193594306050007
326,0.8470747330960884,0.8797437722419942,0.30320284697508837
327,0.8541494661921726,0.9532953736654861,0.3145551601423488
328,0.8817864768683252,0.7460925266903912,0.3789395017793592
329,0.8567330960854129,0.7402918149466191,0.3460000000000015
330,0.8673309608540876,0.5411459074733086,0.3003202846975091
331,0.7021921708185024,0.8046975088967973,0.28605693950177896
332,0.811722419928827,0.614270462633453,0.3498220640569392
333,0.9979145907473341,0.9401992882562278,0.3589537366548052
334,0.9355516014234929,0.8466975088968003,0.37962277580071124
335,0.9040711743772191,0.9179644128113891,0.32313879003558654
336,0.7643202846975081,0.7243131672597837,0.3844911032028464
337,0.960256227758006,0.7885480427046303,0.3909252669039156
338,0.841999999999998,0.717302491103203,0.3934448398576526
339,0.9058576512455473,0.6603202846975103,0.43622775800711744
340,0.8064412811387893,0.9998932384341638,0.35019928825622826
341,0.9517437722419978,0.8656441281138777,0.38110320284697474
342,0.7718291814946642,0.9488612099644148,0.296633451957296
343,0.8004128113879008,0.6172526690391493,0.4333238434163685
344,0.980704626334518,0.6203274021352329,0.40703202846975206
345,0.5275658362989333,0.7752669039145943,0.32286832740213484
346,0.5265266903914589,0.8914590747330946,0.3880569395017798
347,0.7077366548042703,0.987594306049814,0.35340925266903933
348,0.6237722419928816,0.9031459074733075,0.42465480427046226
349,0.8033807829181513,0.5879999999999989,0.34758718861210064
350,0.550163701067617,0.9308896797153036,0.2997580071174373
351,0.9119644128113946,0.7336797153024923,0.3491672597864777
352,0.9989608540925277,0.6250391459074731,0.4364839857651237
353,0.8016298932384339,0.7730462633451975,0.294405693950178
354,0.9010676156583594,0.6466975088967968,0.3825480427046262
355,0.6848612099644125,0.6054234875444816,0.36362989323843475
356,0.8769750889679737,0.9057010676156568,0.4132384341637013
357,0.6856227758007121,0.7451316725978642,0.39445551601423684
358,0.7598790035587197,0.935743772241997,0.3827829181494651
359,0.6273167259786464,0.9931387900355897,0.3407473309608539
360,0.7618007117437706,0.9486832740213583,0.39008540925267
361,0.9041209964412782,0.5933024911032025,0.4326049822064053
362,0.9968398576512503,0.6253167259786473,0.3132740213523134
363,0.8539928825622781,0.7098932384341637,0.27445551601423634
364,0.9586903914590755,0.8812740213523124,0.31609252669039134
365,0.6902277580071184,0.8217224199288233,0.40287544483985915
366,0.8884768683273989,0.46071886120996597,0.2821281138790024
367,0.9414092526690372,0.9405053380782911,0.33806405693950087
368,0.5309822064056928,0.8753523131672655,0.3886548042704621
369,0.6929323843416401,0.5204982206405694,0.3991459074733108
370,0.9963843416370178,0.8415160142348754,0.27654804270462763
371,0.5806761565836297,0.9164199288256233,0.3086619217081856
372,0.9155871886121018,0.841373665480426,0.37497508896797094
373,0.7261352313167259,0.9622846975088925,0.3018861209964401
374,0.6251174377224191,0.8822135231316712,0.3635444839857656
375,0.9868540925266821,0.6921850533807841,0.33841281138790097
376,0.908398576512451,0.41972953736654817,0.39078291814946825
377,0.6700640569395018,0.8899501779359433,0.3611743772242
378,0.9163843416370089,0.9578291814946632,0.31795729537366546
379,0.7847188612099646,0.857046263345199,0.35864768683274084
380,0.60664768683274,0.8367402135231329,0.35406405693950277
381,0.7486975088967971,0.9525124555160217,0.36732384341637037
382,0.7511032028469756,0.9169181494661959,0.3850676156583631
383,0.6768967971530241,0.6609110320284699,0.32086120996441253
384,0.9347900355871904,0.7003345195729525,0.33300355871886067
385,0.9462989323843412,0.8776014234875429,0.32456939501779347
386,0.7260142348754436,0.7228327402135213,0.39024911032028536
387,0.6792455516014221,0.9797651245551603,0.3058576512455517
388,0.8946690391459083,0.8719359430604992,0.2858007117437733
389,0.9851530249110271,0.9574021352313191,0.34641992882562483
390,0.5392313167259781,0.7036583629893192,0.41666192170818556
391,0.7639074733096073,0.4817437722419927,0.3846263345195723
392,0.9652597864768613,0.6281708185053362,0.36785053380782895
393,0.8459145907473303,0.6649822064056933,0.3572669039145907
394,0.8197580071174366,0.9216654804270452,0.33969395017793624
395,0.8984768683274017,0.9510391459074767,0.3395302491103207
396,0.9562135231316743,0.669943060498222,0.38727402135231315
397,0.740633451957295,0.8759359430605015,0.3360427046263345
398,0.8409679715302498,0.5233736654804273,0.3566690391459078
399,0.990306049822061,0.8043345195729509,0.38900355871886194
400,0.7177651245551637,0.8564056939501795,0.30841992882562286
401,0.927067615658359,0.7948612099644141,0.402953736654805
402,0.7100284697508893,0.9536227758007185,0.2786832740213531
403,0.9520498220640661,0.9383060498220661,0.3709252669039143
404,0.751530249110322,0.8506334519572978,0.3888469750889692
405,0.4930533807829177,0.5811530249110304,0.2976156583629901
406,0.8054946619217053,0.9920782918149498,0.3682775800711753
407,0.8299715302491095,0.9622206405693906,0.3856797153024915
408,0.6390747330960841,0.7118790035587194,0.38719572953736553
409,0.7687544483985751,0.9875231316725884,0.3792099644128107
410,0.9862633451957246,0.9589323843416381,0.38518861209964417
411,0.7510462633451961,0.9766263345195718,0.2884768683274014
412,0.8638434163701023,0.7296156583629912,0.32713167259786413
413,0.8536085409252688,0.43183629893238384,0.39546619217081885
414,0.9210533807829172,0.7884555160142367,0.4040000000000002
415,0.8976939501779351,0.7511316725978663,0.34228469750889723
416,0.9395658362989339,0.882733096085407,0.3797224199288241
417,0.7540640569395056,0.9370960854092513,0.3630747330960858
418,0.9060427046263353,0.7770818505338098,0.3329750889679702
419,0.8161708185053383,0.5994377224199293,0.32801423487544357
420,0.915935943060501,0.9792455516014246,0.3363345195729539
421,0.9460427046263302,0.9278576512455479,0.44662633451957295
422,0.9491530249110398,0.5929252669039147,0.32960142348754295
423,0.9755943060498272,0.8457722419928826,0.36168683274021424
424,0.8313665480427039,0.9256654804270421,0.41780782918149606
425,0.8767330960854094,0.7776441281138813,0.3622277580071182
426,0.7735658362989358,0.6402846975088944,0.4075088967971543
427,0.45974377224199414,0.739437722419928,0.31148042704626405
428,0.7113807829181494,0.9291245551601406,0.39841281138790263
429,0.9200996441281132,0.7501708185053382,0.28850533807829204
430,0.6269039145907457,0.7042633451957286,0.3962775800711754
431,0.8246761565836279,0.8610676156583614,0.3522918149466184
432,0.918960854092528,0.7401494661921698,0.33039857651245463
433,0.784085409252673,0.615786476868329,0.3360711743772237
434,0.8176441281138791,0.7212740213523136,0.3899288256227764
435,0.8975729537366548,0.9490177935943103,0.4077081850533804
436,0.9272740213523109,0.9540355871886189,0.35246263345195816
437,0.900362989323843,0.8704128113878996,0.3999501779359437
438,0.8656014234875463,0.8360640569395046,0.38300355871886016
439,0.8416085409252654,0.9649537366547969,0.36254092526690374
440,0.7012099644128095,0.9246120996441239,0.32248398576512416
441,0.952519572953745,0.577950177935946,0.3155444839857655
442,0.9852882562277521,0.5802206405693938,0.3452740213523139
443,0.8401565836298948,0.9455587188612071,0.3715658362989315
444,0.8735729537366616,0.6045195729537348,0.3331387900355869
445,0.733409252669038,0.9504768683274126,0.36047686832740317
446,0.65594306049822,0.7361565836298942,0.30516725978647646
447,0.9927686832740276,0.7469181494661928,0.35514590747331054
448,0.8407046263345184,0.9152526690391495,0.3319999999999986
449,0.9549466192170869,0.7286761565836302,0.3632882562277588
450,0.7139145907473352,0.5417580071174373,0.36667615658363
451,0.766156583629894,0.9159644128113884,0.42809964412811263
452,0.9362989323843436,0.8799999999999985,0.3778932384341629
453,0.704085409252666,0.6320071174377209,0.36900355871886104
454,0.9115088967971559,0.48481138790035433,0.3896298932384338
455,0.6941850533807856,0.6433096085409252,0.3236227758007108
456,0.7387829181494687,0.7136014234875458,0.32908896797152987
457,0.8219999999999992,0.6142135231316732,0.41711032028469885
458,0.8205480427046244,0.7173096085409282,0.42920284697508815
459,0.7945124555160147,0.7487971530249125,0.39207829181494785
460,0.5186903914590755,0.9535017793594375,0.28253380782918175
461,0.9760071174377308,0.7878861209964426,0.37528825622775736
462,0.8403487544483985,0.9549395017793646,0.3405836298932382
463,0.7974590747330974,0.8727615658363019,0.4140000000000011
464,0.7423131672597848,0.7192669039145926,0.31560142348754466
465,0.9797651245551591,0.49703914590747356,0.33948754448398577
466,0.6640000000000006,0.792669039145908,0.4435373665480426
467,0.6994234875444831,0.7589252669039147,0.36203558718861256
468,0.9427758007117388,0.6349395017793583,0.4053594306049833
469,0.9412669039145889,0.9644128113878916,0.29350177935943095
470,0.9000213523131644,0.7286761565836305,0.3132455516014237
471,0.6930818505338091,0.8352953736654801,0.3704982206405693
472,0.7288185053380787,0.8012099644128092,0.290220640569396
473,0.8912882562277555,0.33724555160142416,0.2956441281138789
474,0.8869679715302455,0.7815729537366539,0.3705480427046262
475,0.9846405693950114,0.6925978647686858,0.34624199288256374
476,0.8077651245551588,0.8818291814946613,0.29487544483985806
477,0.8542775800711774,0.7665622775800717,0.2754448398576523
478,0.5646334519572962,0.8452526690391431,0.36935231316725986
479,0.6973594306049836,0.8508185053380836,0.3364199288256229
480,0.9718718861210034,0.9456441281138785,0.3135587188612101
481,0.7939003558718912,0.8583131672597886,0.3293309608540909
482,0.9412455516014236,0.8321209964412845,0.3471174377224206
483,0.6992028469750893,0.672861209964415,0.3681565836298931
484,0.8939999999999988,0.7835658362989308,0.35580782918149556
485,0.7120355871886112,0.9800640569395006,0.309466192170819
486,0.5937010676156588,0.7272099644128097,0.37553736654804154
487,0.9978718861210004,0.9243843416370108,0.31000000000000066
488,0.6455729537366529,0.6254804270462637,0.35008540925267073
489,0.5920498220640575,0.9362704626334559,0.3356868327402131
490,0.734163701067616,0.9885907473309502,0.3798932384341629
491,0.8849537366547995,0.8167259786476868,0.32437010676156486
492,0.8883701067615634,0.4123701067615667,0.31794306049822046
493,0.9589323843416376,0.7469110320284708,0.33081850533807705
494,0.665274021352314,0.8452882562277534,0.44180782918149286
495,0.9807402135231285,0.47140213523131647,0.3269893238434157
496,0.8936583629893259,0.5427686832740204,0.33377224199288197
497,0.7425765124555147,0.6796512455516022,0.3984626334519576
498,0.8322348754448388,0.9893096085409133,0.33154448398576375
499,0.6526476868327402,0.5346476868327396,0.3292526690391447
500,0.9554234875444898,0.9016370106761524,0.31594306049822113
501,0.9028896797153009,0.7523629893238443,0.3291601423487533
502,0.8282775800711751,0.7218647686832713,0.33374377224199203
503,0.9642348754448324,0.8331245551601418,0.4014021352313181
504,0.964149466192163,0.7765551601423509,0.32254092526690337
505,0.992818505338086,0.7567046263345197,0.3611459074733097
506,0.8527544483985777,0.990633451957293,0.4038149466192183
507,0.5742277580071173,0.7123202846975097,0.38773665480426955
508,0.9628612099644066,0.8172099644128116,0.37695373665480336
509,0.9877366548042611,0.7197081850533814,0.3829323843416363
510,0.8208967971530224,0.7852953736654823,0.34008540925266884
511,0.9271530249110318,0.9352669039145948,0.3716298932384333
512,0.8929110320284654,0.814348754448401,0.4079501779359442
513,0.9477651245551639,0.8986903914590758,0.35160142348754503
514,0.7453807829181486,0.8583274021352317,0.3275231316725969
515,0.8316654804270476,0.8917153024911014,0.4199430604982201
516,0.8720996441281166,0.7406903914590743,0.2931387900355873
517,0.8511245551601441,0.8513238434163714,0.39950177935943104
518,0.8014661921708167,0.6073950177935944,0.38923843416370113
519,0.8727473309608554,0.8658505338078255,0.32661209964412774
520,0.9776441281138838,0.828939501779359,0.3914733096085413
521,0.9829252669039117,0.66103202846975,0.34140925266904043
522,0.9103060498220659,0.5983202846975094,0.39906049822064055
523,0.6447259786476857,0.9719857651245621,0.3627615658362994
524,0.9096868327402117,0.7952526690391487,0.31749466192170794
525,0.7292597864768676,0.37476156583629877,0.3488683274021347
526,0.6522775800711746,0.9417437722419946,0.41464056939501986
527,0.8360569395017834,0.7877793594306066,0.38018505338078173
528,0.7534448398576543,0.5651530249110321,0.3978861209964417
529,0.8237651245551572,0.9220284697508857,0.30823487544483996
530,0.9475943060498218,0.825793594306049,0.37068327402135187
531,0.8500498220640607,0.9728042704626406,0.36972241992882543
532,0.737537366548044,0.6815587188612123,0.21392170818505357
533,0.8569893238434176,0.792996441281142,0.38948754448398554
534,0.7751957295373673,0.8172455516014246,0.2953950177935952
535,0.8004412811387893,0.5810177935943062,0.396391459074737
536,0.8880427046263317,0.7496725978647701,0.30643416370106763
537,0.8795088967971536,0.8746975088967996,0.3877864768683261
538,0.895907473309609,0.6980996441281122,0.35920996441281217
539,0.9356298932384408,0.6546903914590746,0.37318149466192113
540,0.8877793594305992,0.8759430604982197,0.35127402135231434
541,0.7789679715302501,0.7474733096085411,0.35061209964412837
542,0.9911957295373689,0.8151459074733102,0.3843060498220631
543,0.9732740213523158,0.609679715302491,0.36842704626334494
544,0.6783985765124577,0.8800854092526694,0.34179359430604983
545,0.8990035587188606,0.7264341637010678,0.40754448398576537
546,0.8355658362989364,0.8987402135231339,0.3503558718861208
547,0.503380782918152,0.5433380782918151,0.28750889679715314
548,0.8790889679715294,0.6264341637010656,0.31197864768683325
549,0.8207117437722402,0.6002348754448403,0.37719572953736596
550,0.6797153024911035,0.7118647686832763,0.3185978647686829
551,0.6330035587188608,0.9724911032028536,0.39786476868327575
552,0.7930249110320305,0.9738291814946661,0.36364412811387986
553,0.8797153024911044,0.8995658362989319,0.34399288256227767
554,0.6696512455516009,0.7477295373665476,0.29802846975089
555,0.9740498220640662,0.7564839857651263,0.3394377224199283
556,0.9232669039145877,0.9060498220640533,0.3612384341637012
557,0.725693950177934,0.6864199288256244,0.3698078291814944
558,0.9588967971530263,0.77734519572954,0.4040925266903915
559,0.9884982206405586,0.6523701067615645,0.27827758007117526
560,0.7392811387900362,0.5604768683274021,0.36794306049822056
561,0.7995871886120989,0.6447330960854072,0.282334519572953
562,0.6787188612099659,0.9743202846975191,0.37669750889679654
563,0.9475231316725969,0.8430747330960842,0.30405693950177803
564,0.8653879003558681,0.82118149466192,0.41113879003558723
565,0.9860355871886064,0.8037081850533762,0.3148398576512459
566,0.9527829181494704,0.7219644128113881,0.3592241992882571
567,0.9087330960854064,0.8865907473309603,0.34059074733095984
568,0.8189893238434144,0.4065124555160153,0.27496085409252796
569,0.7309964412811383,0.762896797153024,0.3787686832740207
570,0.8440213523131689,0.9327117437722446,0.34462633451957336
571,0.9242562277580055,0.4416868327402125,0.3149608540925273
572,0.5638078291814949,0.8444056939501796,0.3837010676156582
573,0.90885409252669,0.8531459074733135,0.3867829181494659
574,0.5686832740213523,0.9275658362989331,0.2904270462633441
575,0.9861352313167183,0.801701067615659,0.36233451957295426
576,0.920925266903914,0.8253879003558725,0.3216156583629889
577,0.9107188612099663,0.7812882562277582,0.3937153024911045
578,0.7822064056939522,0.8193594306049814,0.35918149466192245
579,0.9999501779359432,0.8991459074733084,0.3742348754448396
580,0.8399928825622787,0.8732384341637061,0.3493950177935951
581,0.8619430604982172,0.7242775800711742,0.3384626334519569
582,0.6188113879003567,0.7355729537366531,0.3570177935943065
583,0.7812241992882564,0.42782918149466115,0.387017793594306
584,0.7361423487544465,0.7507117437722419,0.31144483985765165
585,0.97851957295374,0.9817366548042681,0.39028469750889794
586,0.7382775800711742,0.8745124555160209,0.3217722419928822
587,0.7546120996441285,0.7894804270462659,0.2770960854092531
588,0.7504270462633451,0.7088469750889658,0.308633451957296
589,0.7082491103202844,0.6714448398576514,0.4020569395017809
590,0.858192170818504,0.61953024911032,0.36143060498220725
591,0.9483985765124583,0.8977508896797141,0.30290391459074784
592,0.6711316725978677,0.8310747330960853,0.3389181494661916
593,0.6237935943060494,0.3317295373665465,0.3874804270462641
594,0.6799217081850538,0.7883060498220645,0.3923914590747332
595,0.8718007117437768,0.8703914590747351,0.38459786476868263
596,0.5859857651245536,0.7215943060498222,0.31209964412811436
597,0.9067473309608519,0.9422775800711725,0.38409964412811304
598,0.833701067615663,0.8770462633452001,0.4286619217081845
599,0.9893380782918098,0.8574306049822096,0.3319644128113869
600,0.9877508896797083,0.856647686832742,0.3205053380782914
601,0.9845978647686789,0.9090818505338103,0.347416370106762
602,0.8387117437722397,0.8726903914590772,0.32392882562277536
603,0.9213024911032015,0.6389964412811369,0.3325978647686814
604,0.8493807829181522,0.9574377224199295,0.30884697508896874
605,0.8569110320284726,0.9018291814946581,0.40163701067615815
606,0.8422918149466218,0.781088967971533,0.34543060498220707
607,0.6777935943060532,0.5359644128113882,0.368569395017793
608,0.9785622775800736,0.8753167259786457,0.3708327402135221
609,0.9825124555160095,0.7918078291814952,0.35916014234875526
610,0.936754448398577,0.6546832740213514,0.35581494661921764
611,0.8653380782918147,0.9698434163701081,0.421651245551601
612,0.9097793594306051,0.8773238434163673,0.3152455516014232
613,0.9773238434163742,0.9522989323843501,0.28664768683273956
614,0.7363202846975085,0.7032028469750863,0.40106049822064144
615,0.9945124555160219,0.8282918149466176,0.378740213523131
616,0.618177935943062,0.8842633451957247,0.3882348754448399
617,0.6611814946619216,0.9910106761565809,0.363416370106762
618,0.9185195729537374,0.5914946619217064,0.3879928825622775
619,0.7239430604982192,0.7764270462633422,0.35844128113879026
620,0.6637864768683275,0.9376441281138815,0.3073309608540926
621,0.7050177935943077,0.7009893238434154,0.427594306049822
622,0.9891032028469673,0.6059928825622779,0.3910177935943064
623,0.7882206405693972,0.7372099644128131,0.30036298932384375
624,0.9291743772242003,0.6704839857651241,0.3482348754448398
625,0.9104483985765127,0.899722419928825,0.41202135231316817
626,0.8052241992882506,0.8720142348754465,0.4004056939501783
627,0.9072384341637008,0.8297224199288219,0.3623060498220646
628,0.7403772241992879,0.7615729537366543,0.3841637010676144
629,0.8403843416370095,0.7127615658362988,0.36586476868327406
630,0.8646263345195668,0.5222277580071176,0.2884270462633459
631,0.9664270462633417,0.8207117437722428,0.3123345195729539
632,0.7153167259786494,0.7397081850533826,0.45156583629893127
633,0.8630747330960828,0.6972811387900358,0.3246619217081844
634,0.991530249110323,0.487466192170817,0.3551103202846981
635,0.8143914590747325,0.9492384341637063,0.3966832740213537
636,0.844911032028467,0.778042704626336,0.34570106761566
637,0.8275871886120957,0.523131672597865,0.38977224199288385
638,0.6995231316725968,0.5902491103202843,0.34529537366548113
639,0.7507544483985762,0.6672099644128114,0.34760854092526816
640,0.7784056939501787,0.9933807829181571,0.34493238434163853
641,0.9011814946619191,0.6620640569395012,0.34853380782918214
642,0.790676156583632,0.5100000000000007,0.33172953736654676
643,0.8130960854092545,0.8559074733096105,0.3936797153024922
644,0.8866619217081801,0.5406548042704606,0.3119003558718866
645,0.8600427046263333,0.8517224199288292,0.3534377224199282
646,0.9813665480427033,0.8836014234875411,0.32128825622775714
647,0.8197153024911016,0.6519928825622766,0.37432740213523075
648,0.7779857651245552,0.736448398576516,0.3125266903914595
649,0.47661209964412826,0.9954163701067678,0.36627758007117456
650,0.8306975088967967,0.5799145907473304,0.35292526690391435
651,0.855259786476873,0.7345978647686847,0.3618790035587194
652,0.9729039145907504,0.8282348754448365,0.3430249110320289
653,0.9089537366548006,0.6633736654804276,0.32928113879003473
654,0.8374448398576546,0.7140142348754495,0.35980782918149545
655,0.9392028469750898,0.7585978647686838,0.36390747330960904
656,0.5897366548042713,0.8767900355871925,0.32414946619217067
657,0.9346049822064106,0.9879928825622677,0.3447117437722422
658,0.4571103202846983,0.6977010676156573,0.34214946619217074
659,0.7659715302491077,0.6565409252669043,0.3974804270462644
660,0.9154661921708197,0.5697153024911036,0.3903060498220653
661,0.7114234875444864,0.7006619217081853,0.28688967971530377
662,0.876640569395021,0.780669039145907,0.3482562277580085
663,0.9581779359430614,0.9644341637010615,0.3337793594306043
664,0.9026975088967931,0.989957295373664,0.3652099644128117
665,0.8727829181494722,0.894313167259788,0.40603558718861393
666,0.7534306049822068,0.7781209964412822,0.319985765124555
667,0.9029110320284669,0.8049608540925237,0.36543772241992895
668,0.9499074733096147,0.6750106761565836,0.3091743772241995
669,0.9271601423487521,0.7607473309608548,0.4310249110320286
670,0.9546690391459137,0.8378505338078285,0.4444483985765114
671,0.6194021352313168,0.988149466192161,0.316298932384342
672,0.7483416370106768,0.9246120996441278,0.28924555160142307
673,0.7667686832740224,0.9048113879003533,0.30109608540925303
674,0.4783487544483984,0.9012811387900326,0.3554234875444845
675,0.8477010676156604,0.928626334519568,0.3280427046263333
676,0.8540000000000026,0.9058149466192144,0.3316014234875427
677,0.8818149466192156,0.9424911032028435,0.29400711743772223
678,0.7062135231316691,0.9848469750889634,0.3470035587188617
679,0.861430604982205,0.5224412811387895,0.3826334519572944
680,0.8750889679715372,0.6737010676156575,0.3463345195729539
681,0.48453380782918043,0.9748398576512534,0.36928113879003543
682,0.8631814946619194,0.9695943060498234,0.3479501779359431
683,0.8408896797153002,0.849231316725981,0.31772953736654785
684,0.9885266903914556,0.5385124555160135,0.35515302491103223
685,0.5392028469750889,0.9624483985765077,0.34259074733096145
686,0.8903985765124547,0.8833309608540907,0.3587046263345198
687,0.9630533807829118,0.9707188612099701,0.33965124555160153
688,0.8607117437722407,0.7491032028469752,0.351750889679715
689,0.9478790035587205,0.663508896797151,0.38127402135231153
690,0.9580498220640586,0.9622491103202802,0.3519145907473308
691,0.8359288256227762,0.5588469750889672,0.303074733096086
692,0.6751814946619212,0.39877580071174396,0.2557508896797159
693,0.9956512455516079,0.8442206405693939,0.2973736654804265
694,0.974234875444844,0.9278220640569381,0.4358576512455509
695,0.9461850533807825,0.8260284697508915,0.433459074733096
696,0.7260711743772228,0.8708967971530263,0.35410676156583637
697,0.8741067615658362,0.8590035587188606,0.41783629893238516
698,0.8825693950177921,0.8976298932384338,0.3709750889679712
699,0.8456156583629869,0.7776370106761575,0.33950177935943093
700,0.5580142348754464,0.651416370106761,0.3790676156583625
701,0.6790035587188616,0.7266405693950145,0.31463345195729514
702,0.7803274021352319,0.8610533807829157,0.3058861209964416
703,0.914384341637014,0.8705836298932375,0.42251957295373643
704,0.873565836298931,0.5996512455516015,0.3091743772241996
705,0.8957864768683318,0.9719074733096137,0.30721708185053365
706,0.834555160142345,0.68855516014235,0.3383131672597862
707,0.8066903914590725,0.980654804270461,0.344697508896798
708,0.9205124555160142,0.9872170818505244,0.3802775800711737
709,0.7708469750889689,0.9641423487544427,0.35411387900355895
710,0.5382419928825622,0.8958149466192198,0.39776512455515983
711,0.6921494661921728,0.9818790035587146,0.4143274021352321
712,0.8077153024911014,0.9935516014234906,0.3335373665480427
713,0.9521067615658422,0.8967900355871874,0.3281209964412802
714,0.7744768683274063,0.7988825622775805,0.3521637010676166
715,0.980718861209963,0.8258861209964414,0.4029679715302502
716,0.829266903914588,0.6931886120996446,0.3747330960854085
717,0.9937081850533853,0.7173594306049844,0.35745195729537416
718,0.6133024911032032,0.9490462633452059,0.3640427046263351
719,0.7768256227758049,0.835786476868332,0.3962277580071199
720,0.7045622775800695,0.9443629893238408,0.3704768683274015
721,0.985188612099639,0.7337935943060504,0.3697010676156582
722,0.9952455516014307,0.6265693950177929,0.38154448398576296
723,0.8709181494661928,0.7139430604982219,0.41485409252669103
724,0.8980355871886108,0.7457793594306065,0.34159430604982216
725,0.8348185053380753,0.7665409252669028,0.3060071174377225
726,0.9916370106761611,0.8188185053380759,0.3541352313167262
727,0.7692384341637004,0.9465338078291751,0.277024911032029
728,0.6644341637010671,0.9835444839857614,0.3126405693950186
729,0.8581779359430617,0.861572953736651,0.3248825622775796
730,0.9071886120996433,0.47557295373665365,0.36022775800711787
731,0.876626334519577,0.8259715302491084,0.34488967971530304
732,0.8331886120996465,0.6757295373665484,0.2842846975088963
733,0.7146761565836323,0.8680284697508882,0.3881209964412811
734,0.8308896797153031,0.8183487544483984,0.2948896797153022
735,0.8882989323843355,0.843096085409254,0.3517722419928818
736,0.8168754448398585,0.7988327402135242,0.3481565836298932
737,0.8500996441281182,0.6331672597864777,0.36592882562277707
738,0.9721494661921765,0.9608398576512434,0.36021352313167276
739,0.8529395017793655,0.9235302491103208,0.2981921708185066
740,0.9675017793594273,0.7147402135231352,0.35667615658363017
741,0.7462491103202827,0.7754163701067635,0.3318291814946612
742,0.6558007117437731,0.9003060498220625,0.35076868327402166
743,0.8724768683274062,0.8375943060498211,0.3231957295373659
744,0.7748398576512477,0.7838505338078309,0.3182846975088967
745,0.7719857651245564,0.7103985765124563,0.39580782918149726
746,0.9887473309608428,0.7796014234875454,0.38892526690391477
747,0.6000355871886127,0.7636014234875441,0.37125978647686736
748,0.654889679715303,0.7704412811387903,0.3074306049822062
749,0.8765907473309663,0.8021138790035567,0.2885124555160143
750,0.9490462633452004,0.548192170818505,0.33520996441281037
751,0.72005693950178,0.6531814946619213,0.3293024911032013
752,0.6657081850533806,0.9363843416370145,0.36077580071174414
753,0.9219430604982216,0.8548896797153066,0.3794946619217074
754,0.8483060498220649,0.9635444839857592,0.3068896797153031
755,0.7943985765124594,0.7905338078291847,0.30140925266903945
756,0.8033523131672599,0.9611032028469738,0.35827758007117533
757,0.9691672597864774,0.6746049822064057,0.36665480427046343
758,0.693587188612102,0.8296654804270425,0.32124555160142326
759,0.6760782918149473,0.9703772241992897,0.318
760,0.7885622775800729,0.9718647686832793,0.3391103202846977
761,0.9790960854092545,0.8343629893238428,0.31377935943060487
762,0.8027544483985731,0.5684199288256233,0.38271886120996473
763,0.49015658362989173,0.6805124555160151,0.3567259786476874
764,0.9737081850533846,0.9749537366548143,0.40704626334519756
765,0.9090177935943073,0.9840569395017748,0.37172953736654735
766,0.9814804270462609,0.8332740213523152,0.4377224199288247
767,0.8998220640569398,0.6654234875444827,0.3692455516014239
768,0.5734875444839869,0.8101423487544508,0.27837722419928934
769,0.5612526690391463,0.7146334519572964,0.3210676156583624
770,0.8981850533807857,0.7406690391459082,0.32691103202846894
771,0.9926120996441355,0.9594377224199284,0.3328683274021342
772,0.9494234875444869,0.8559644128113919,0.3260711743772231
773,0.3320711743772225,0.9645480427046207,0.38733807829181455
774,0.5517153024911031,0.9581138790035612,0.2791387900355879
775,0.8347544483985798,0.7590177935943052,0.3538078291814947
776,0.8786619217081884,0.9970676156583664,0.4260498220640563
777,0.6631316725978662,0.6684412811387911,0.3275088967971519
778,0.6806832740213518,0.9966975088968033,0.3025266903914595
779,0.78046975088968,0.9633024911031975,0.30217793594306025
780,0.5797224199288248,0.9496583629893289,0.3441423487544494
781,0.8659430604982159,0.920704626334519,0.36668327402135215
782,0.7638718861209973,0.9761565836298992,0.3445195729537377
783,0.8869893238434133,0.7683202846975092,0.42496797153024835
784,0.9678007117437665,0.7826548042704643,0.3400996441281145
785,0.709772241992883,0.6393665480427025,0.35547330960854123
786,0.7007259786476855,0.90920284697509,0.33194306049821865
787,0.991793594306053,0.6769466192170823,0.30370106761565746
788,0.6026832740213506,0.7043202846975073,0.33012811387900204
789,0.976398576512457,0.8195729537366543,0.3627544483985774
790,0.6628113879003554,0.9029323843416334,0.3646192170818511
791,0.8262419928825621,0.8522989323843424,0.3274946619217072
792,0.9584626334519569,0.8694875444839865,0.3908683274021354
793,0.7712028469750869,0.7427473309608511,0.3332740213523123
794,0.9732455516014333,0.7726975088968,0.4285907473309603
795,0.864021352313166,0.8092099644128127,0.2924341637010675
796,0.6628683274021352,0.9249252669039102,0.35744483985765196
797,0.5736014234875453,0.6379786476868321,0.44087544483985763
798,0.8865622775800645,0.7863060498220644,0.33863345195729483
799,0.8908754448398564,0.6271387900355854,0.2712099644128107
800,0.6276085409252656,0.6977295373665491,0.39911743772242114
801,0.8658718861209974,0.6843131672597842,0.4351601423487546
802,0.6584412811387905,0.8143202846975098,0.3702775800711741
803,0.5819501779359428,0.7614519572953738,0.32971530249110187
804,0.52906049822064,0.6065124555160133,0.3694306049822061
805,0.8038505338078256,0.8319572953736636,0.31898932384341616
806,0.8357864768683287,0.9291174377224176,0.3625053380782921
807,0.936042704626336,0.6264412811387893,0.3904199288256234
808,0.7081921708185039,0.5461850533807818,0.37879715302491035
809,0.7118220640569427,0.8373451957295382,0.31779359430604964
810,0.8333309608540933,0.616512455516015,0.35664768683274056
811,0.8445978647686823,0.6383914590747317,0.36127402135231373
812,0.6758291814946643,0.7214448398576504,0.3420000000000008
813,0.8457295373665494,0.873501779359434,0.37365836298932265
814,0.9737010676156665,0.8070320284697501,0.411459074733097
815,0.7445836298932341,0.9076939501779291,0.3381992882562276
816,0.7160498220640584,0.8074733096085421,0.4192740213523132
817,0.7593309608540936,0.986903914590739,0.3272384341636998
818,0.7763701067615677,0.9739857651245656,0.2855943060498224
819,0.7075302491103197,0.801395017793592,0.37853380782918084
820,0.9881138790035529,0.7373309608540928,0.32793594306049817
821,0.9040355871886082,0.8619928825622744,0.2779074733096093
822,0.9489893238434215,0.5310106761565832,0.4317651245551588
823,0.8152028469750884,0.851380782918153,0.3296797153024908
824,0.9290106761565766,0.7402846975088969,0.3278362989323837
825,0.893074733096087,0.7597864768683271,0.38846975088968044
826,0.7035943060498209,0.7244128113878969,0.3750533807829165
827,0.6725053380782934,0.5907686832740202,0.3888327402135236
828,0.8367829181494669,0.7362135231316738,0.29699644128113883
829,0.5777366548042707,0.8595444839857628,0.36499644128113873
830,0.6024270462633445,0.7151387900355898,0.36826334519572973
831,0.8168612099644146,0.7332526690391452,0.3950818505338088
832,0.8671174377224189,0.6868113879003563,0.3457224199288258
833,0.9808540925266881,0.9978362989323881,0.3905480427046276
834,0.46441992882562316,0.7027188612099622,0.28990035587188656
835,0.887935943060496,0.37463345195729436,0.28652669039145884
836,0.9881850533807737,0.7121209964412818,0.3790533807829167
837,0.9886690391458963,0.9028113879003536,0.31412811387900397
838,0.9563416370106818,0.6245053380782914,0.2948398576512466
839,0.9281921708185077,0.8773451957295407,0.31358718861210005
840,0.7311957295373652,0.8978861209964427,0.37233451957295344
841,0.9032953736654759,0.9449181494661872,0.40561565836299085
842,0.9592526690391463,0.8617935943060465,0.3739715302491099
843,0.9485907473309627,0.7601423487544496,0.3667046263345201
844,0.8497793594306076,0.9787900355871919,0.2880284697508906
845,0.9806263345195728,0.7055373665480391,0.3747544483985759
846,0.9859288256227711,0.9205409252669027,0.37401423487544416
847,0.6921992882562292,0.6536868327402139,0.4534804270462641
848,0.9328612099644169,0.9572669039145957,0.3803914590747321
849,0.9278505338078319,0.8509822064056954,0.29100355871886024
850,0.8006120996441279,0.48980071174377054,0.38261921708184987
851,0.9423843416370083,0.9338220640569422,0.41188612099644184
852,0.824790035587185,0.8636014234875382,0.4246192170818493
853,0.6157224199288258,0.9650177935943008,0.29497508896797214
854,0.8249893238434121,0.8079217081850516,0.33675444839857616
855,0.7907402135231373,0.8989964412811374,0.37395017793594226
856,0.9150889679715328,0.9960142348754485,0.29140925266903944
857,0.9995516014234881,0.7892099644128151,0.3912740213523135
858,0.7673807829181509,0.8354306049822114,0.31750889679715266
859,0.6936939501779384,0.7408113879003569,0.2960996441281149
860,0.7426263345195728,0.9425266903914562,0.36818505338078306
861,0.6007829181494654,0.7368612099644141,0.3759715302491095
862,0.6826192170818506,0.9824626334519517,0.4133879003558732
863,0.6916227758007131,0.972676156583639,0.34206405693950237
864,0.7392241992882548,0.6674092526690408,0.2870533807829184
865,0.9305480427046284,0.8996370106761563,0.32165836298932327
866,0.954142348754454,0.8730604982206394,0.3547330960854102
867,0.9164341637010686,0.7811743772241997,0.3980782918149478
868,0.904270462633449,0.8642846975088954,0.3353594306049816
869,0.9163202846975117,0.9788398576512476,0.3144839857651248
870,0.9010320284697476,0.6943701067615674,0.32518861209964317
871,0.6763131672597872,0.7122633451957302,0.32483274021352254
872,0.8351174377224208,0.7432597864768654,0.3941992882562285
873,0.9199501779359435,0.7665409252669032,0.31812811387900297
874,0.9105551601423505,0.8633451957295338,0.26751601423487587
875,0.8545124555160151,0.7398718861209953,0.3356156583629892
876,0.7216654804270454,0.9805693950177912,0.35857651245551614
877,0.7344768683274037,0.8738790035587176,0.3409181494661912
878,0.7192811387900357,0.5287900355871883,0.43071886120996333
879,0.9218220640569367,0.8791530249110312,0.3700427046263343
880,0.6415373665480405,0.5101779359430608,0.331871886120996
881,0.8495444839857671,0.4864626334519566,0.31822775800711733
882,0.5639928825622784,0.9997935943060499,0.3482918149466197
883,0.4986548042704624,0.5381992882562264,0.4259145907473304
884,0.8153451957295389,0.9726049822064123,0.398177935943061
885,0.8630533807829136,0.7090676156583658,0.3039786476868325
886,0.9095231316726003,0.8953309608540946,0.3668185053380796
887,0.79696797153025,0.8512170818505368,0.32202846975088933
888,0.6552028469750891,0.9063843416370088,0.4243843416370096
889,0.934106761565839,0.9072882562277587,0.3328398576512442
890,0.8647188612099614,0.7058078291814941,0.4093807829181512
891,0.9740640569395114,0.9051459074733085,0.3344412811387895
892,0.9729893238434263,0.5873807829181495,0.3395373665480426
893,0.6598932384341636,0.9659644128113806,0.2948327402135235
894,0.8437295373665425,0.8304768683274013,0.3110462633451964
895,0.7672740213523115,0.7061850533807836,0.33017081850533675
896,0.9836583629893194,0.62179359430605,0.3106334519572958
897,0.7108185053380802,0.7835302491103195,0.3701921708185049
898,0.7976441281138779,0.7149964412811385,0.3601779359430611
899,0.7746192170818549,0.829202846975089,0.3475302491103207
900,0.7156797153024943,0.45790035587188666,0.3625765124555163
901,0.8144839857651256,0.9575587188612122,0.4134733096085416
902,0.6975729537366548,0.8663487544483929,0.27390747330960896
903,0.9802277580071176,0.8827117437722405,0.3744128113878993
904,0.7594590747330947,0.6596512455516018,0.3217580071174375
905,0.7286192170818504,0.9828469750889638,0.3406263345195729
906,0.7996227758007128,0.9079074733096055,0.3520498220640556
907,0.8616939501779346,0.5813096085409248,0.4064555160142356
908,0.8892170818505328,0.525914590747331,0.3892170818505343
909,0.657537366548043,0.7268754448398548,0.2729679715302493
910,0.681758007117439,0.9327330960854123,0.3911957295373682
911,0.6164270462633448,0.7497366548042708,0.3488896797153032
912,0.6993523131672601,0.6444697508896772,0.3195160142348754
913,0.8339715302491127,0.8814733096085411,0.40816370106761574
914,0.6179928825622768,0.5586761565836295,0.31402135231316713
915,0.8096014234875466,0.6674448398576518,0.27709608540925423
916,0.7491672597864761,0.9916370106761604,0.3100427046263351
917,0.6511316725978644,0.6903629893238447,0.3456797153024919
918,0.4028683274021365,0.5588256227758022,0.3881281138790028
919,0.8813594306049813,0.8754661921708188,0.40060498220640656
920,0.9624128113878958,0.8803772241992884,0.33041281138789913
921,0.839807829181493,0.8477580071174395,0.3709679715302485
922,0.9369537366548042,0.8953594306049868,0.34834163701067794
923,0.9968825622775845,0.3226405693950175,0.38733096085409224
924,0.9804199288256227,0.742782918149466,0.3557010676156596
925,0.8589110320284677,0.6275231316725985,0.4069608540925287
926,0.8851245551601371,0.9675373665480406,0.36100355871886197
927,0.6382206405693944,0.6981850533807837,0.3832384341636992
928,0.6472526690391451,0.7422064056939504,0.2707544483985763
929,0.5180996441281146,0.811010676156584,0.3458932384341642
930,0.4231814946619214,0.9863131672597796,0.3099715302491108
931,0.8501209964412848,0.7652740213523122,0.33411387900355866
932,0.8683772241992853,0.6952028469750907,0.3064626334519565
933,0.5923060498220648,0.8095302491103198,0.29592170818505403
934,0.61617081850534,0.9444270462633398,0.3898434163701071
935,0.5355943060498211,0.8821992882562278,0.40251245551601456
936,0.8828327402135222,0.9140000000000016,0.3558576512455519
937,0.9188398576512449,0.7429110320284652,0.35792882562277717
938,0.9180427046263343,0.7007544483985748,0.35963701067615694
939,0.7194092526690369,0.9300711743772196,0.36624911032028495
940,0.43111032028469637,0.7417153024911012,0.3895444839857659
941,0.7326192170818502,0.7673523131672593,0.41819928825622815
942,0.8045836298932383,0.6715729537366559,0.2645978647686827
943,0.7007686832740186,0.7916370106761584,0.3357864768683264
944,0.8741281138790075,0.7709039145907505,0.4128825622775809
945,0.7888825622775845,0.7838861209964405,0.39929537366548057
946,0.9196654804270471,0.8900925266903911,0.27758007117437733
947,0.9464697508896817,0.8505053380782932,0.3637366548042706
948,0.8657935943060446,0.8388185053380791,0.33158007117437693
949,0.8730889679715325,0.8649323843416313,0.35876868327402206
950,0.8394306049822073,0.8544056939501821,0.32464768683273953
951,0.947323843416371,0.6422989323843408,0.37034163701067596
952,0.7670533807829161,0.6863487544483994,0.3328327402135219
953,0.4592455516014244,0.8849039145907454,0.42827046263345125
954,0.9431459074733075,0.8999430604982182,0.3543345195729537
955,0.6929395017793583,0.9660213523131609,0.3229822064056934
956,0.7914875444839895,0.6149181494661934,0.3089608540925275
957,0.8052241992882551,0.7359359430604983,0.2996156583629903
958,0.8421637010676134,0.9432740213523116,0.3055373665480427
959,0.9095302491103234,0.6721921708185075,0.36407117437722447
960,0.9045266903914534,0.8008042704626329,0.2809466192170817
961,0.7159074733096101,0.8820925266903903,0.3343701067615644
962,0.7486049822064059,0.7643487544483955,0.377067615658362
963,0.8834661921708161,0.604270462633452,0.33446263345195737
964,0.9438149466192172,0.820647686832737,0.2765622775800715
965,0.7935943060498258,0.9580427046263361,0.36604982206405695
966,0.5797010676156585,0.9886619217081857,0.35449110320284666
967,0.9160284697508931,0.5568967971530262,0.26635587188612053
968,0.7292028469750876,0.7767900355871898,0.3844697508896797
969,0.904320284697504,0.6053736654804268,0.28907473309608644
970,0.8496298932384362,0.7100427046263323,0.3269110320284685
971,0.9659857651245484,0.6196725978647695,0.42011387900355873
972,0.7564270462633471,0.7894804270462662,0.3483701067615672
973,0.9738576512455537,0.6320071174377233,0.31083985765124594
974,0.8276654804270436,0.9148754448398563,0.38837722419928783
975,0.7452740213523106,0.8490391459074771,0.39330960854092617
976,0.8484768683274005,0.8240427046263306,0.3515302491103196
977,0.8149750889679744,0.937074733096086,0.35256939501779383
978,0.7088042704626324,0.7093807829181495,0.3345978647686826
979,0.996234875444847,0.8885053380782849,0.25558718861210084
980,0.6775658362989341,0.38617081850533813,0.3396654804270469
981,0.6627259786476861,0.9640569395017735,0.2987971530249115
982,0.6703202846975096,0.8567615658363007,0.3293665480427034
983,0.8135302491103191,0.996797153024916,0.31174377224199284
984,0.97031316725979,0.692256227758009,0.3773594306049806
985,0.8689679715302494,0.9222918149466153,0.30960142348754494
986,0.6815160142348734,0.7753665480427057,0.36725978647686863
987,0.6511387900355854,0.8825195729537354,0.3644128113879008
988,0.8367900355871871,0.921637010676154,0.3524412811387908
989,0.8673736654804233,0.8329822064056921,0.45925978647686844
990,0.5933451957295368,0.8677437722419932,0.36428469750889686
991,0.7827758007117437,0.6835729537366544,0.3537153024911027
992,0.7934021352313178,0.6255658362989326,0.404362989323844
993,0.6874021352313161,0.9092811387900385,0.35844128113879026
994,0.8379786476868355,0.6754946619217094,0.3655658362989329
995,0.5530035587188628,0.6917722419928818,0.32173665480426966
996,0.6972526690391474,0.7711672597864774,0.3210320284697502
997,0.47357295373665464,0.9228185053380765,0.3509822064056942
998,0.8612526690391459,0.7693167259786491,0.2543914590747333
999,0.7954946619217109,0.8165836298932402,0.3481138790035604
1000,0.9160569395017834,0.7806192170818511,0.3061779359430606
1001,0.6615871886120993,0.9839430604982166,0.28622064056939556
1002,0.6503772241992877,0.49275444839857657,0.3926049822064073
1003,0.8978434163701062,0.8468327402135218,0.3500569395017791
1004,0.9301209964412808,0.7829395017793596,0.33585765124555117
1005,0.7052028469750857,0.8417864768683253,0.3611957295373665
1006,0.8134804270462642,0.8676156583629911,0.3836797153024897
1007,0.6317864768683255,0.684170818505339,0.3955516014234888
1008,0.993658362989327,0.721693950177935,0.39279715302491214
1009,0.9929395017793677,0.6401850533807801,0.33135943060498135
1010,0.6958718861209977,0.6859288256227761,0.40237722419928873
1011,0.7335231316725974,0.9735658362989338,0.39938790035587374
1012,0.9686120996441286,0.8166903914590774,0.3728612099644128
1013,0.8994804270462627,0.9520569395017838,0.3317864768683269
1014,0.8056512455516023,0.9170889679715328,0.4073096085409266
1015,0.7397793594306056,0.8876085409252665,0.26822775800711685
1016,0.76093950177936,0.769409252669037,0.43716725978647564
1017,0.8611957295373662,0.7657864768683263,0.40421352313167425
1018,0.9019644128113838,0.989224199288256,0.3814590747330946
1019,0.9944982206405769,0.7381067615658365,0.3200498220640567
1020,0.9330177935943063,0.932455516014239,0.39191459074733187
1021,0.7621565836298915,0.9726120996441351,0.39118149466192254
1022,0.8323772241992882,0.6156085409252661,0.27437010676156726
1023,0.7779145907473337,0.9647544483985707,0.28382206405693994
1024,0.9042064056939451,0.8881565836298888,0.3692170818505337
1025,0.9233380782918154,0.9455373665480391,0.3033950177935937
1026,0.5474733096085409,0.990249110320282,0.32561565836298817
1027,0.890583629893235,0.8903843416370081,0.32315302491103165
1028,0.7182491103202862,0.9702562277580091,0.28063345195729594
1029,0.936334519572958,0.5105053380782927,0.34165836298932406
1030,0.4945693950177935,0.6924768683274005,0.3948042704626349
1031,0.6843202846975085,0.6886049822064049,0.2790249110320296
1032,0.9894021352313115,0.7648967971530262,0.2825622775800702
1033,0.7758505338078295,0.6778149466192183,0.44943060498220616
1034,0.9389466192170838,0.580669039145907,0.30285409252669054
1035,0.8258007117437698,0.9798291814946651,0.27922419928825754
1036,0.6511459074733098,0.910854092526692,0.35888256227758114
1037,0.8233380782918119,0.9113238434163758,0.3484412811387903
1038,0.5174448398576514,0.769494661921708,0.35730960854092614
1039,0.9812241992882547,0.7051174377224201,0.40184341637010795
1040,0.7822704626334505,0.7882277580071191,0.2938932384341635
1041,0.5570747330960891,0.5184270462633457,0.3453167259786493
1042,0.8645124555160076,0.7774519572953739,0.3549750889679713
1043,0.5620640569395016,0.8543558718861239,0.316163701067616
1044,0.652462633451957,0.7349608540925268,0.32511743772241863
1045,0.9708042704626381,0.8817722419928805,0.3213665480427042
1046,0.5182775800711756,0.872362989323846,0.3726975088967972
1047,0.6599288256227751,0.8108967971530258,0.3108398576512458
1048,0.6471103202846958,0.7574661921708213,0.33419217081850544
1049,0.7001494661921699,0.728982206405692,0.37264056939501705
1050,0.9962846975089039,0.7712597864768678,0.40337366548042847
1051,0.9389750889679713,0.8705124555160142,0.3799572953736639
1052,0.8611530249110291,0.4415373665480425,0.3388896797153027
1053,0.6775373665480425,0.655992882562278,0.413167259786478
1054,0.822996441281137,0.9591103202846972,0.35014946619217163
1055,0.774911032028472,0.8524270462633486,0.37206405693950095
1056,0.9515302491103248,0.9033665480427034,0.35546619217081893
1057,0.8518007117437727,0.9252526690391445,0.3771103202846961
1058,0.758619217081852,0.7590106761565844,0.3414377224199297
1059,0.9934377224199326,0.5107046263345204,0.3732099644128111
1060,0.9367829181494697,0.7265124555160101,0.35908185053380837
1061,0.7534590747330967,0.5398576512455515,0.39023487544484037
1062,0.6752455516014239,0.9339217081850584,0.3047188612099638
1063,0.8490320284697475,0.8589466192170806,0.3279217081850523
1064,0.9190604982206405,0.8771316725978668,0.3356797153024897
1065,0.945245551601425,0.9157366548042741,0.24758718861209933
1066,0.7132241992882594,0.7042491103202841,0.34621352313167514
1067,0.9088398576512451,0.5437580071174368,0.3517366548042702
1068,0.9161494661921729,0.7200640569395019,0.40592170818505513
1069,0.6814519572953736,0.9766619217081912,0.36911032028469726
1070,0.8670818505338036,0.7667402135231326,0.37609252669039056
1071,0.6186548042704622,0.6444199288256222,0.3313167259786471
1072,0.9183487544484014,0.8881637010676122,0.3001494661921705
1073,0.8754163701067623,0.9548398576512503,0.353231316725979
1074,0.882185053380781,0.7853736654804279,0.37477580071174316
1075,0.8788185053380786,0.7305409252669031,0.30219217081850563
1076,0.7021565836298905,0.7523416370106749,0.40082562277580086
1077,0.9962277580071245,0.9932669039145953,0.38162277580071113
1078,0.854640569395021,0.8353807829181527,0.3384483985765116
1079,0.7181850533807859,0.9687615658362986,0.34936654804270517
1080,0.7886548042704649,0.9179715302491132,0.34866903914590763
1081,0.9741281138790132,0.6685765124555161,0.2435729537366546
1082,0.8093309608540932,0.9833380782918115,0.3007259786476866
1083,0.9178434163701068,0.7177722419928841,0.45142348754448347
1084,0.9940711743772286,0.786711743772242,0.3335587188612093
1085,0.6414092526690368,0.8264270462633411,0.30249822064056914
1086,0.8137508896797165,0.9087615658362967,0.3278932384341629
1087,0.8528754448398602,0.7511672597864769,0.30369395017793593
1088,0.9636156583629848,0.6518647686832741,0.27004982206405626
1089,0.7493879003558713,0.5689537366548054,0.3743487544483972
1090,0.5683416370106756,0.7044982206405684,0.29813523131672703
1091,0.779864768683274,0.7621138790035588,0.3840284697508894
1092,0.906042704626332,0.7599857651245558,0.4146334519572966
1093,0.949437722419936,0.9932028469750911,0.3027473309608523
1094,0.7119003558718868,0.9145907473309619,0.30434875444839954
1095,0.6943985765124557,0.7668398576512444,0.38498932384341666
1096,0.6341067615658355,0.510626334519573,0.32212099644128067
1097,0.7721209964412823,0.7932526690391482,0.35385765124555196
1098,0.8241423487544445,0.7792170818505344,0.28293950177935945
1099,0.9319644128113906,0.9069537366548048,0.3454519572953733
1100,0.6252882562277564,0.6130249110320299,0.4028683274021367
1101,0.7268398576512433,0.8905409252669019,0.3237935943060492
1102,0.8004697508896783,0.7567615658363007,0.36637722419928836
1103,0.6458576512455493,0.7063131672597859,0.3691032028469755
1104,0.7894163701067624,0.9597295373665461,0.2965551601423489
1105,0.7218647686832738,0.896035587188614,0.40434163701067793
1106,0.7872170818505365,0.7365409252669038,0.3103131672597863
1107,0.7773950177935953,0.8210889679715285,0.3859217081850531
1108,0.8341637010676177,0.7221992882562263,0.3476156583629894
1109,0.9613665480427012,0.9276298932384307,0.3172028469750886
1110,0.5568042704626357,0.8644626334519517,0.330790035587187
1111,0.7649679715302488,0.5110818505338092,0.3777935943060495
1112,0.695693950177937,0.7105409252669055,0.37987188612099543
1113,0.8905836298932396,0.9159928825622791,0.411224199288258
1114,0.7500640569395016,0.4610960854092538,0.33365836298932344
1115,0.8802419928825602,0.6472313167259766,0.3360640569395009
1116,0.9837295373665448,0.7471886120996452,0.32712455516014144
1117,0.7415444839857637,0.7566192170818519,0.40718861209964496
1118,0.5611957295373674,0.8481494661921682,0.33162989323843345
1119,0.8982277580071195,0.9345124555160158,0.36406405693950195
1120,0.8677437722419936,0.7771743772242012,0.37830604982206356
1121,0.8130676156583617,0.6549608540925267,0.37634163701067463
1122,0.6731387900355873,0.8675160142348737,0.31802135231316697
1123,0.8928398576512467,0.9993594306049831,0.3488754448398574
1124,0.7266120996441263,0.8947758007117468,0.47950889679715275
1125,0.6498505338078296,0.52246975088968,0.3205409252669036
