ACCESSION	EXPAA	FIRST60	LEN	PREDHEL	TOPOLOGY
At_74F2_S1	0.21	0.08	449	0	o
5U6N_A	0.21	0.08	449	0	o
AVW82180.1	0.32	0.02	449	0	o
5V2K_A	0.21	0.08	449	0	o
XP_020883245.1	0.14	0.00	446	0	o
XP_006294206.1	0.41	0.10	449	0	o
XP_019101195.1	0.16	0.02	453	0	o
XP_010517962.1	0.24	0.03	453	0	o
XP_010506285.1	0.25	0.03	453	0	o
XP_010506284.1	0.27	0.02	453	0	o
XP_006397555.1	0.85	0.01	449	0	o
XP_006295749.1	0.16	0.01	448	0	o
VDD04632.1	2.25	0.03	451	0	o
XP_013744361.1	2.25	0.03	451	0	o
XP_013632185.1	2.24	0.03	451	0	o
XP_018436586.1	1.33	0.01	449	0	o
XP_009142974.1	1.61	0.01	451	0	o
AVW82183.1	0.47	0.01	456	0	o
RID61217.1	1.62	0.01	451	0	o
KFK37203.1	1.17	0.02	449	0	o
VDC69675.1	1.69	0.01	451	0	o
XP_013683852.1	0.96	0.04	449	0	o
RQL80009.1	1.24	0.03	436	0	o
XP_013630369.1	0.96	0.04	449	0	o
KFK37204.1	0.65	0.00	449	0	o
VDC90299.1	0.96	0.04	454	0	o
XP_009133637.1	0.95	0.01	449	0	o
CDY64614.1	0.94	0.01	449	0	o
VVB03291.1	0.41	0.02	925	0	o
VDC80442.1	0.97	0.09	449	0	o
XP_013734745.1	0.39	0.02	448	0	o
RID70189.1	0.37	0.01	447	0	o
AVW82182.1	0.17	0.01	445	0	o
VVB03292.1	0.06	0.01	449	0	o
XP_018456347.1	0.74	0.03	449	0	o
XP_006397556.1	0.15	0.02	449	0	o
VDC80443.1	0.39	0.02	448	0	o
CDY64613.1	0.39	0.02	448	0	o
XP_018474924.1	0.68	0.04	449	0	o
KFK37205.1	0.11	0.06	449	0	o
NP_181912.1	0.18	0.01	449	0	o
XP_009133642.1	0.39	0.03	448	0	o
NP_973682.1	0.18	0.01	449	0	o
XP_013623541.1	0.34	0.01	448	0	o
XP_006296149.1	0.05	0.01	449	0	o
XP_020883244.1	0.16	0.01	449	0	o
XP_010506287.1	0.06	0.01	449	0	o
RQM04224.1	0.22	0.01	488	0	o
XP_009133636.1	0.27	0.01	447	0	o
XP_013632296.1	0.53	0.03	449	0	o
VDC90301.1	0.44	0.02	455	0	o
XP_010508369.1	0.06	0.02	449	0	o
VDC90295.1	0.39	0.04	447	0	o
XP_022557928.1	0.53	0.03	450	0	o
RID61218.1	0.67	0.03	450	0	o
XP_013683854.1	0.13	0.04	443	0	o
XP_013656008.1	0.82	0.03	449	0	o
XP_009142972.1	0.82	0.03	449	0	o
XP_010517963.1	0.06	0.02	436	0	o
BAD95102.1	0.54	0.11	431	0	o
CDY44260.1	0.13	0.04	443	0	o
CAF04403.1	1.19	1.10	301	0	o
CAF04404.1	1.02	0.94	301	0	o
XP_013627641.1	0.31	0.04	440	0	o
CAF04375.1	2.24	2.11	301	0	o
XP_018434677.1	1.05	0.06	428	0	o
RIA04248.1	1.08	0.09	399	0	o
RQL80010.1	0.93	0.03	407	0	o
XP_010524193.1	1.05	0.01	448	0	o
XP_010522253.1	0.12	0.00	457	0	o
CAF04374.1	1.94	1.83	301	0	o
CAF04379.1	2.20	2.10	301	0	o
CAF04373.1	2.24	2.11	301	0	o
CAF04402.1	1.79	1.71	301	0	o
CAF04400.1	2.21	2.10	301	0	o
CAF04385.1	1.79	1.71	301	0	o
CAF04386.1	10.62	10.27	301	0	o
CAF04399.1	1.79	1.71	301	0	o
CAF04387.1	1.92	1.83	301	0	o
CAF04389.1	1.79	1.71	301	0	o
CAF04391.1	2.13	2.03	301	0	o
CAF04397.1	1.79	1.71	301	0	o
CAF04380.1	1.92	1.83	301	0	o
XP_023876916.1	9.36	0.01	455	0	o
KAE8022710.1	2.55	0.06	471	0	o
KAB1218162.1	20.37	0.01	458	1	i128-150o
XP_018833373.1	3.27	0.03	459	0	o
XP_031264643.1	2.48	0.01	457	0	o
XP_030937227.1	11.13	0.02	455	0	o
XP_023928676.1	3.94	0.06	455	0	o
XP_030938356.1	8.07	0.02	455	0	o
XP_030951261.1	9.53	0.01	455	0	o
XP_030463107.1	0.77	0.06	469	0	o
XP_030938357.1	8.07	0.02	455	0	o
XP_030951262.1	11.15	0.02	455	0	o
XP_018851350.1	20.56	0.02	472	1	i129-151o
XP_006351615.1	9.00	0.03	461	0	o
XP_023928679.1	15.79	0.02	455	1	i126-148o
XP_010069228.1	1.01	0.08	469	0	o
XP_030938358.1	11.14	0.01	455	0	o
XP_021904688.1	1.41	0.33	458	0	o
TMW95287.1	19.21	0.00	460	1	i128-150o
XP_030938171.1	13.01	0.08	455	0	o
XP_030951265.1	12.99	0.09	455	0	o
GAY63363.1	21.33	0.01	457	1	i127-149o
XP_015085132.1	18.63	0.01	460	1	i128-150o
XP_023928678.1	2.78	0.08	455	0	o
XP_006442123.1	21.07	0.01	457	1	i127-149o
XP_030536448.1	0.66	0.04	469	0	o
XP_022849186.1	5.88	0.05	457	0	o
XP_028082424.1	0.13	0.02	465	0	o
XP_007033645.2	14.36	0.04	455	0	o
XP_004245060.1	18.62	0.01	460	1	i128-150o
EOY04571.1	14.36	0.04	455	0	o
XP_015581232.1	0.23	0.07	458	0	o
XP_022849187.1	9.42	0.04	457	0	o
XP_022722111.1	0.36	0.14	461	0	o
XP_006478555.1	19.30	0.01	457	1	i127-149o
OMO71247.1	6.09	0.08	456	0	o
XP_006478556.1	19.30	0.01	457	1	i127-149o
XP_021290843.1	17.85	0.01	455	0	o
XP_018505131.1	1.49	0.05	456	0	o
XP_024954039.1	17.69	0.01	456	1	i126-148o
PON46704.1	1.28	0.02	469	0	o
TQD80203.1	1.72	0.06	456	0	o
XP_021611793.1	0.10	0.03	456	0	o
PON50570.1	1.02	0.02	469	0	o
XP_028963994.1	1.72	0.06	456	0	o
RXI05535.1	1.73	0.06	456	0	o
PSS32820.1	0.50	0.01	450	0	o
XP_031383819.1	2.27	0.03	462	0	o
XP_021645157.1	0.87	0.70	458	0	o
XP_009366234.1	1.46	0.05	469	0	o
XP_021617765.1	0.90	0.77	458	0	o
GAV67133.1	5.20	0.04	451	0	o
XP_021611672.1	0.10	0.03	456	0	o
KAA8527228.1	1.40	0.18	480	0	o
XP_021645139.1	0.34	0.18	458	0	o
XP_016581170.1	6.13	0.03	461	0	o
AKA44587.1	1.82	0.07	464	0	o
BAV35239.1	1.28	0.02	459	0	o
BdCGT2_UGT708A8_S3	6.60	0.64	487	0	o
VAH20352.1	16.44	6.74	475	0	o
XP_020178560.1	7.99	2.55	475	0	o
VAH20353.1	10.23	3.24	475	0	o
KAE8767817.1	1.98	0.31	487	0	o
VAH08520.1	21.21	10.10	475	0	o
VAI83401.1	2.21	0.31	482	0	o
VAH20350.1	16.54	6.74	451	0	o
TVU11609.1	36.37	10.36	477	0	o
TKW21011.1	8.34	5.88	475	0	o
RCV21286.1	5.18	4.45	467	0	o
TVU11481.1	47.00	15.39	470	0	o
XP_002444986.1	8.38	4.88	499	0	o
QES86205.1	15.39	1.33	472	0	o
QES86201.1	18.45	2.34	472	0	o
QES86206.1	3.88	0.75	472	0	o
DcUGT2_S5	55.85	9.58	515	1	o469-491i
VAH20351.1	0.02	0.02	394	0	o
XP_019227499.1	4.72	0.01	456	0	o
XP_021651069.1	0.44	0.36	459	0	o
XP_024185209.1	0.26	0.06	482	0	o
XP_022875614.1	9.94	0.01	458	0	o
TXG68520.1	1.80	0.00	443	0	o
XP_031121568.1	0.33	0.01	459	0	o
XP_011085046.1	0.56	0.01	465	0	o
XP_022761457.1	12.97	0.01	477	0	o
XP_010101354.2	0.05	0.02	469	0	o
RVW14004.1	6.94	0.43	458	0	o
XP_010242476.1	0.14	0.07	458	0	o
XP_019160273.1	1.08	0.03	454	0	o
XP_024024624.1	0.09	0.02	464	0	o
RXH74212.1	0.09	0.04	470	0	o
XP_021645149.1	0.52	0.36	458	0	o
KAB2618902.1	0.14	0.01	470	0	o
XP_028949563.1	0.06	0.01	470	0	o
VAI85252.1	41.28	3.08	472	0	o
TYI91648.1	37.08	0.42	462	0	o
XP_002278455.1	13.62	0.10	457	0	o
XP_024170884.1	0.11	0.01	462	0	o
XP_007203876.1	0.03	0.00	468	0	o
XP_012481412.1	21.20	0.14	462	0	o
XP_021814036.1	0.21	0.01	474	0	o
XP_019075246.1	6.27	0.44	458	0	o
TYH81765.1	37.08	0.42	462	0	o
EYU17631.1	9.39	0.00	459	0	o
XP_012829418.1	8.77	0.02	462	0	o
XP_016684993.1	37.08	0.42	462	0	o
XP_007033647.2	0.78	0.05	458	0	o
KAB2039421.1	17.41	0.13	462	0	o
XP_025195511.1	57.05	18.33	518	2	i5-27o476-498i
RVW14002.1	13.62	0.10	457	0	o
TYG77801.1	17.42	0.13	462	0	o
BAJ90219.1	35.53	3.31	472	0	o
EYU17628.1	6.95	0.00	460	0	o
VVA22331.1	0.17	0.00	469	0	o
XP_012829420.1	6.41	0.02	463	0	o
XP_008243112.1	0.11	0.00	474	0	o
XP_027164591.1	15.26	0.02	455	0	o
XP_012481413.1	37.08	0.55	462	0	o
XP_001948117.1	66.96	19.19	518	1	o475-497i
RXH74216.1	0.19	0.04	470	0	o
XP_021290467.1	0.57	0.04	458	0	o
TYH81766.1	14.70	0.11	462	0	o
XP_022734282.1	5.59	0.10	456	0	o
VVC25664.1	78.71	22.40	517	2	i5-27o475-497i
TQD88534.1	0.17	0.03	470	0	o
KAB2618900.1	0.13	0.00	470	0	o
EXB88302.1	0.08	0.02	490	0	o
TYG77800.1	37.07	0.55	462	0	o
XP_016714008.1	20.85	0.28	462	1	i128-150o
XP_017633758.1	20.49	0.12	462	1	i128-150o
XP_027120017.1	13.04	0.01	455	0	o
EOY04573.1	0.78	0.05	458	0	o
XP_021813984.1	0.20	0.01	473	0	o
TYH26668.1	20.49	0.12	462	1	i128-150o
EYU17634.1	11.56	0.00	452	0	o
VVC25663.1	98.11	24.93	568	3	o25-47i54-76o526-548i
PIA61854.1	0.20	0.02	459	0	o
XP_012829445.1	11.36	0.01	454	0	o
PQQ03373.1	0.14	0.01	476	0	o
TYI38168.1	20.51	0.12	462	1	i128-150o
XP_016581169.1	6.11	0.03	500	0	o
XP_021813983.1	0.20	0.01	474	0	o
XP_021912897.1	84.10	15.64	1077	3	o483-505i553-575o1033-1055i
ACU64894.1	3.64	1.42	461	0	o
XP_016684977.1	6.04	0.03	462	0	o
OVA11044.1	1.02	0.02	466	0	o
PQP96414.1	0.32	0.01	473	0	o
XP_027166555.1	17.12	0.01	455	0	o
PQQ03372.1	0.16	0.01	473	0	o
ACU64887.1	3.92	1.46	461	0	o
ACU64882.1	19.02	2.57	461	0	o
XP_022175455.1	33.41	8.34	517	1	o475-497i
XP_023705392.1	41.27	15.30	523	1	o480-502i
XP_027117916.1	23.30	0.01	455	1	i143-165o
PON50572.1	0.28	0.16	463	0	o
ABK96547.1	0.39	0.20	457	0	o
XP_026807342.1	65.90	19.17	517	1	o475-497i
KAB2039422.1	19.79	0.08	462	0	o
TYG77802.1	19.94	0.08	462	0	o
XP_010101353.1	0.50	0.05	455	0	o
TVU11630.1	20.29	3.59	479	0	o
TYH81767.1	17.26	0.05	462	0	o
QES86202.1	15.29	1.25	471	0	o
XP_010672476.1	3.61	0.07	458	0	o
XP_027838483.1	80.41	22.19	517	4	i7-29o80-102i360-382o475-497i
XP_023705388.1	46.11	22.08	516	2	i5-27o475-497i
XP_022963549.1	1.44	0.07	456	0	o
XP_012481415.1	19.92	0.08	462	0	o
AUI41130.1	4.38	0.22	459	0	o
XP_026453123.1	0.12	0.00	470	0	o
XP_010672475.1	1.22	0.17	458	0	o
TYI91650.1	17.29	0.05	462	0	o
PON46706.1	0.84	0.52	462	0	o
XP_026447931.1	0.10	0.00	469	0	o
PNF35869.1	45.34	22.46	517	2	i7-29o475-497i
XP_028082421.1	0.20	0.00	459	0	o
XP_016684965.1	17.23	0.04	462	0	o
XP_002309737.1	0.20	0.08	457	0	o
PSN55491.1	24.64	1.01	514	1	o476-498i
XP_021917429.1	46.98	20.89	516	2	i5-27o475-497i
XP_012075382.1	0.18	0.11	457	0	o
XP_002529826.1	12.08	0.09	466	0	o
XP_010242475.1	0.64	0.43	465	0	o
XP_021304690.1	15.69	2.58	482	0	o
ESR55364.1	10.75	0.01	439	0	o
AUI41128.1	5.41	0.21	459	0	o
KZV28355.1	0.56	0.00	455	0	o
PSN55494.1	25.09	1.29	524	1	o477-499i
XP_011047643.1	0.13	0.04	457	0	o
KAE8772618.1	30.99	0.52	451	0	o
TEY32052.1	1.14	0.02	463	0	o
EXB88301.1	0.04	0.02	445	0	o
XP_021774784.1	16.09	0.02	453	1	i128-150o
VAI84724.1	0.01	0.00	318	0	o
RVW74695.1	6.55	0.44	450	0	o
XP_020146981.1	43.83	0.64	474	2	o110-132i139-161o
XP_011658756.1	0.69	0.50	457	0	o
PIA61856.1	0.87	0.08	459	0	o
TKW21010.1	26.57	2.85	488	0	o
XP_004965254.1	19.43	2.84	494	0	o
XP_025406842.1	78.27	15.73	516	3	o4-26i359-381o474-496i
XP_021849262.1	3.53	0.02	517	0	o
XP_015869718.1	0.07	0.00	469	0	o
KAB8102140.1	13.75	2.55	471	0	o
XP_017768995.1	40.84	18.08	512	2	i5-27o471-493i
NP_001130813.1	7.01	0.84	479	0	o
PWZ07394.1	6.75	0.86	479	0	o
XP_023705438.1	28.20	5.01	521	1	o479-501i
KAA8543590.1	10.28	0.02	457	0	o
ACU64896.1	39.20	1.95	543	0	o
ABC94602.1	13.75	2.55	471	0	o
XP_023705437.1	32.38	9.27	522	1	o480-502i
XP_010242477.1	1.36	1.01	464	0	o
XP_018836664.1	0.73	0.37	471	0	o
XP_017768996.1	24.35	1.95	505	1	o464-486i
XP_023717936.1	67.42	0.00	1038	3	o468-490i509-531o996-1018i
XP_021637626.1	0.22	0.01	456	0	o
XP_022185112.1	31.35	8.75	530	1	o481-503i
XP_022185111.1	22.56	0.03	532	1	o483-505i
XP_023705394.1	38.81	6.37	514	1	o471-493i
XP_030487340.1	0.14	0.11	481	0	o
C3W7B0.1	13.75	2.55	471	0	o
XP_008191816.1	26.13	3.75	512	1	o471-493i
XP_023717935.1	78.43	9.55	1077	3	o482-504i558-580o1038-1060i
XP_003563944.1	20.44	0.92	472	0	o
XP_020206408.1	10.42	0.02	460	0	o
XP_019461704.1	3.21	0.58	463	0	o
XP_012084461.1	10.23	0.04	454	0	o
XP_018817933.1	0.37	0.01	464	0	o
XP_008191817.1	29.25	6.86	512	1	o471-493i
XP_020883246.1	0.01	0.00	364	0	o
XP_015641684.1	11.54	2.24	471	0	o
XP_021752434.1	19.06	0.01	456	1	i128-150o
XP_010942859.1	5.68	0.71	464	0	o
XP_004965253.1	55.04	6.12	475	0	o
TKW21009.1	49.47	5.10	475	0	o
KAA8550510.1	7.32	0.05	456	0	o
XP_016190763.1	14.04	0.01	469	0	o
VAI73085.1	25.20	0.49	573	0	o
OEL36881.1	10.81	1.60	489	0	o
KAA8550512.1	0.46	0.05	459	0	o
ACU64878.1	11.54	2.24	471	0	o
XP_021603182.1	0.62	0.04	456	0	o
XP_021666018.1	7.12	0.01	470	0	o
NP_001137048.1	6.84	0.92	484	0	o
XP_025812433.1	24.68	2.46	490	0	o
XP_015957705.1	9.18	0.03	469	0	o
XP_028104387.1	0.33	0.01	460	0	o
PSN55492.1	42.01	18.65	519	2	i7-29o470-492i
THG20485.1	0.34	0.01	453	0	o
PON65924.1	3.45	0.05	464	0	o
PUZ61005.1	23.93	2.41	491	0	o
EEC80416.1	11.55	2.24	471	0	o
XP_027346147.1	22.44	0.01	460	1	i130-152o
PIA52092.1	0.10	0.00	479	0	o
PIA52093.1	0.10	0.00	477	0	o
XP_004504205.1	13.31	0.03	469	0	o
KAE8023170.1	1.67	1.45	461	0	o
KDR20745.1	42.27	19.17	527	2	i13-30o483-505i
XP_021917410.1	46.65	18.30	535	1	o491-513i
AFJ52958.1	0.07	0.02	457	0	o
XP_021917396.1	39.85	16.55	519	2	i5-22o475-497i
XP_004137037.1	4.46	0.01	466	0	o
XP_012085630.1	0.05	0.03	457	0	o
XP_023717937.1	127.73	16.48	1561	5	o483-505i723-745o940-962i1038-1060o1512-1534i
XP_004290110.1	0.17	0.07	468	0	o
XP_008455273.1	2.43	0.00	466	0	o
XP_022967592.1	18.72	1.25	461	1	i124-146o
XP_017768994.1	40.66	18.11	519	2	i7-29o478-500i
XP_030942266.1	0.95	0.02	459	0	o
PSS35117.1	0.27	0.13	468	0	o
AFK43317.1	18.14	0.05	460	1	i130-152o
XP_003629941.1	18.17	0.05	460	1	i130-152o
XP_002271368.1	0.08	0.01	483	0	o
XP_019865347.1	49.26	22.39	511	2	i5-27o475-497i
XP_015641782.1	41.35	1.37	485	0	o
XP_015892984.1	2.27	0.12	466	0	o
XP_008788244.1	0.03	0.01	456	0	o
XP_002438255.1	4.49	0.28	476	0	o
PQM42311.1	2.04	0.07	462	0	o
XP_023553674.1	16.63	1.81	461	1	i124-146o
XP_018837443.1	0.34	0.03	457	0	o
PSR87702.1	2.34	2.22	460	0	o
XP_030935440.1	2.38	0.01	457	0	o
XP_024928690.1	0.05	0.00	447	0	o
XP_018570346.1	47.22	22.04	520	2	i12-34o480-502i
PIA62959.1	0.85	0.37	460	0	o
XP_022878879.1	0.23	0.14	465	0	o
XP_022963460.1	16.63	1.81	461	1	i124-146o
XP_021912896.1	76.02	11.36	1066	3	o497-519i540-558o1022-1044i
XP_018325089.1	40.34	18.50	512	2	i7-29o473-495i
XP_010265663.2	5.52	3.51	459	0	o
XP_002532443.2	0.16	0.00	444	0	o
KAE8023168.1	1.76	0.83	464	0	o
XP_009625439.1	0.01	0.01	456	0	o
XP_021675756.1	0.28	0.04	457	0	o
XP_031379955.1	0.22	0.00	464	0	o
XP_030952260.1	4.22	3.88	462	0	o
KAB8102141.1	34.75	0.93	486	0	o
TKY60143.1	4.03	0.12	460	0	o
XP_015879827.1	1.85	1.36	464	0	o
XP_022185113.1	44.20	20.50	529	2	i7-29o480-502i
XP_021658033.1	2.30	1.75	458	0	o
XP_022878877.1	0.33	0.04	465	0	o
XP_021631998.1	5.38	0.01	468	0	o
XP_006344123.1	10.51	0.01	458	0	o
VVA30581.1	1.25	0.02	465	0	o
XP_024165573.1	0.24	0.07	459	0	o
ACU64889.1	37.26	0.10	452	0	o
XP_007201501.2	0.93	0.02	465	0	o
XP_027177411.1	0.38	0.04	458	0	o
XP_027092093.1	0.64	0.04	458	0	o
ONH92638.1	0.96	0.02	466	0	o
XP_003531287.1	6.90	0.06	460	0	o
XP_024974936.1	1.03	0.86	465	0	o
RLM54266.1	25.55	3.76	490	0	o
XP_007216617.1	0.84	0.50	465	0	o
KAE8038036.1	0.02	0.01	449	0	o
XP_022988757.1	4.29	0.02	480	0	o
XP_021632365.1	2.20	0.08	457	0	o
EOY03573.1	1.27	0.64	467	0	o
XP_024995293.1	0.12	0.02	466	0	o
XP_011009481.1	0.07	0.00	482	0	o
XP_021274817.1	0.54	0.14	459	0	o
A0A0M4KE44.1	0.86	0.78	470	0	o
XP_011086491.1	0.23	0.00	458	0	o
XP_022190398.1	25.35	0.83	520	1	o472-494i
XP_021273618.1	0.25	0.04	459	0	o
XP_022857142.1	0.09	0.05	462	0	o
XP_031383071.1	0.70	0.11	473	0	o
TQE12065.1	0.08	0.00	460	0	o
XP_031383070.1	0.70	0.11	487	0	o
XP_022927659.1	4.61	0.02	487	0	o
EOX93691.1	0.46	0.17	459	0	o
XP_008802698.1	27.05	0.31	465	0	o
XP_030935439.1	0.77	0.01	461	0	o
RZF36379.1	24.85	1.08	524	1	o479-501i
TXG55661.1	0.46	0.06	462	0	o
AYR16622.1	2.69	0.02	510	0	o
XP_018823317.1	1.18	0.01	456	0	o
XP_017976433.1	0.15	0.02	459	0	o
XP_020146977.1	11.89	0.50	474	0	o
XP_030944671.1	0.59	0.02	485	0	o
XP_018810592.1	1.04	0.01	456	0	o
XP_008455233.1	5.66	0.01	494	0	o
XP_021815585.1	2.06	0.10	462	0	o
PQQ08208.1	0.50	0.39	471	0	o
XP_017974416.1	1.42	0.16	484	0	o
XP_016650079.1	0.53	0.07	472	0	o
XP_023529848.1	4.48	0.02	490	0	o
XP_010258947.1	1.90	0.83	472	0	o
XP_010095580.1	0.10	0.02	455	0	o
XP_030961608.1	0.13	0.00	457	0	o
XP_030944670.1	0.59	0.02	483	0	o
XP_022913426.1	30.55	7.49	510	1	o468-490i
XP_002532451.1	0.97	0.20	458	0	o
XP_017972910.1	0.56	0.20	459	0	o
XP_021658030.1	0.99	0.70	458	0	o
XP_022857141.1	0.11	0.01	461	0	o
XP_011047632.1	4.95	0.28	457	0	o
XP_008791997.1	29.37	0.66	455	1	i120-142o
XP_018826830.1	0.11	0.00	484	0	o
XP_007206411.2	0.88	0.09	472	0	o
GAU37794.1	0.78	0.02	486	0	o
XP_027773855.1	9.62	0.01	458	0	o
XP_028965527.1	0.08	0.00	460	0	o
XP_010039816.1	2.48	0.01	487	0	o
XP_010321783.1	9.58	0.01	460	0	o
XP_021829523.1	0.58	0.50	471	0	o
XP_008191789.1	50.25	21.54	514	2	i5-27o480-502i
XP_022759823.1	3.99	0.18	463	0	o
AMM73095.1	0.74	0.62	470	0	o
XP_008230829.1	0.93	0.39	474	0	o
XP_008230830.1	0.78	0.49	464	0	o
XP_022857144.1	0.09	0.05	462	0	o
XP_016481331.1	0.01	0.01	456	0	o
XP_027084360.1	0.10	0.07	459	0	o
EOX93686.1	0.19	0.02	459	0	o
XP_024167972.1	1.61	0.01	456	0	o
KDR07235.1	40.60	17.35	1051	1	o1022-1044i
XP_015520179.1	30.14	0.56	542	1	o487-509i
XP_027092961.1	0.61	0.01	461	0	o
XP_027916505.1	3.88	0.25	461	0	o
XP_018837445.1	0.42	0.03	456	0	o
CDP03995.1	0.77	0.01	459	0	o
XP_007049526.1	0.40	0.08	459	0	o
XP_023891627.1	0.14	0.00	457	0	o
EOY01365.1	0.69	0.49	457	0	o
XP_010030028.1	0.10	0.00	483	0	o
KCW45698.1	2.49	0.01	479	0	o
RZC89580.1	1.01	0.03	973	0	o
GER36420.1	1.13	0.01	941	0	o
TKY50136.1	1.10	0.01	484	0	o
XP_022861206.1	0.20	0.01	476	0	o
XP_027114269.1	3.57	0.02	461	0	o
PSR86285.1	11.34	0.02	454	0	o
RZF48858.1	79.71	22.71	848	4	i7-29o300-322i329-348o786-808i
XP_023924982.1	1.06	0.02	459	0	o
OVA10655.1	0.28	0.05	459	0	o
PPD78225.1	37.36	0.55	420	0	o
XP_010908653.2	0.13	0.03	456	0	o
PSN46987.1	114.89	0.03	2225	5	o540-562i582-601o1676-1698i1705-1727o2177-2199i
AYN74351.1	0.54	0.01	477	0	o
XP_030459067.1	2.83	0.01	487	0	o
XP_011658777.1	1.15	0.00	493	0	o
XP_002323758.3	0.06	0.00	482	0	o
RXH87523.1	0.08	0.00	460	0	o
VVA27071.1	1.01	0.09	472	0	o
PQM40485.1	0.73	0.39	465	0	o
XP_030472353.1	1.86	1.68	464	0	o
XP_002532442.1	1.05	0.01	457	0	o
XP_027106246.1	0.07	0.00	487	0	o
PQP99103.1	0.67	0.39	465	0	o
XP_007045533.2	0.69	0.49	457	0	o
XP_027161530.1	0.07	0.00	487	0	o
XP_022913423.1	29.66	6.80	510	1	o468-490i
XP_020090167.1	0.24	0.01	486	0	o
XP_030940649.1	0.03	0.02	451	0	o
XP_021274678.1	0.35	0.14	459	0	o
XP_030942522.1	0.39	0.01	483	0	o
XP_009783231.1	0.02	0.01	459	0	o
RWR96744.1	0.10	0.01	466	0	o
KAE8663226.1	0.52	0.06	741	0	o
TQE12067.1	17.54	17.25	509	1	i12-31o
CDP03926.1	3.20	0.02	461	0	o
XP_031403407.1	0.07	0.01	464	0	o
EMS58085.1	25.17	0.47	573	0	o
XP_018570348.1	44.63	21.39	511	2	i5-27o475-497i
XP_002310479.3	4.65	0.34	457	0	o
XP_008191815.1	39.64	16.60	532	1	o491-513i
XP_021617529.1	0.15	0.00	480	0	o
PON65923.1	1.33	0.13	465	0	o
XP_022177590.1	47.17	20.49	516	2	i7-29o478-500i
XP_021829522.1	0.86	0.08	472	0	o
XP_021632447.1	2.49	2.15	476	0	o
XP_010041627.1	0.06	0.00	489	0	o
XP_004289758.1	0.16	0.03	461	0	o
XP_023907650.1	0.08	0.07	453	0	o
XP_007208502.2	0.97	0.89	471	0	o
KAE8645796.1	3.91	0.01	493	0	o
XP_018906826.1	23.20	0.24	519	1	o481-503i
XP_021618693.1	0.11	0.00	480	0	o
OWM62724.1	0.07	0.01	464	0	o
XP_028096648.1	1.74	1.63	468	0	o
VAI73088.1	14.47	0.40	469	0	o
XP_024928139.1	3.00	0.51	469	0	o
QCD84578.1	3.93	0.27	461	0	o
XP_026383203.1	12.20	0.25	467	0	o
XP_023928031.1	0.01	0.01	451	0	o
XP_004289755.1	0.14	0.01	461	0	o
XP_021293409.1	0.46	0.19	457	0	o
XP_009335348.1	0.16	0.01	460	0	o
XP_019260769.1	0.02	0.01	457	0	o
XP_022726996.1	0.53	0.11	459	0	o
THG00511.1	0.16	0.11	480	0	o
OMO59204.1	0.21	0.08	461	0	o
XP_021958007.1	61.83	21.92	524	2	i7-29o477-499i
XP_028756563.1	1.95	0.96	464	0	o
XP_012257815.1	22.87	0.33	540	1	o485-507i
XP_016481329.1	0.08	0.02	456	0	o
XP_003598165.1	0.24	0.03	482	0	o
TXG55663.1	0.47	0.01	475	0	o
XP_007159561.1	10.15	0.26	459	0	o
PPR85039.1	21.08	0.12	468	1	i128-150o
CDP06918.1	0.31	0.05	458	0	o
PIA38221.1	0.22	0.00	482	0	o
KAB1208230.1	0.26	0.23	471	0	o
XP_022878222.1	0.14	0.02	460	0	o
XP_009783229.1	0.03	0.01	462	0	o
XP_017224436.1	0.43	0.00	484	0	o
XP_020091104.1	8.48	0.14	485	0	o
XP_022011688.1	3.45	0.09	467	0	o
XP_015363936.1	44.56	20.89	516	2	i7-29o478-500i
XP_027157830.1	0.62	0.05	458	0	o
XP_026437779.1	7.62	0.03	482	0	o
KAB1206861.1	0.15	0.00	482	0	o
PIA38220.1	0.22	0.00	482	0	o
XP_018812182.1	0.26	0.00	483	0	o
EEE65546.1	11.60	2.25	454	0	o
PWA37974.1	0.03	0.00	481	0	o
XP_023719421.1	24.05	0.89	521	1	o481-503i
XP_030757424.1	24.03	1.06	515	1	o477-499i
GAV68387.1	10.35	0.07	458	0	o
XP_026439347.1	2.96	0.00	483	0	o
RZC47758.1	3.29	0.00	494	0	o
XP_017256562.1	1.23	0.59	462	0	o
XP_021630503.1	1.42	0.42	466	0	o
XP_011082052.1	0.29	0.12	457	0	o
XP_027848323.1	32.85	6.81	516	1	o478-500i
XP_024162032.1	0.14	0.03	461	0	o
XP_018325091.1	22.39	0.43	508	1	o469-491i
PPD78224.1	17.64	0.13	404	0	o
XP_023553829.1	2.91	2.80	479	0	o
XP_017225558.1	9.61	0.01	482	0	o
XP_003632443.1	0.50	0.01	456	0	o
VAI85253.1	13.56	0.19	469	0	o
OAY45129.1	0.07	0.00	480	0	o
XP_020222297.1	17.66	0.05	486	0	o
XP_003618658.2	2.97	0.04	504	0	o
XP_002273866.1	2.22	0.01	456	0	o
XP_027092104.1	3.57	0.02	461	0	o
XP_021617503.1	0.12	0.00	504	0	o
XP_022011687.1	0.21	0.03	464	0	o
AES74876.1	6.08	0.02	480	0	o
XP_021617278.1	0.16	0.00	480	0	o
XP_018812181.1	0.26	0.00	484	0	o
CDP03994.1	3.20	0.02	461	0	o
XP_022769551.1	0.18	0.07	466	0	o
RZF45618.1	82.96	16.15	1005	2	o481-503i970-992o
XP_012828429.1	3.29	0.03	474	0	o
TKY71475.1	3.47	0.03	550	0	o
PON65922.1	2.61	0.11	471	0	o
XP_022913424.1	25.72	2.02	510	1	o468-490i
XP_022190400.1	29.79	5.03	519	1	o471-493i
XP_027179893.1	3.20	0.02	461	0	o
XP_022963845.1	4.16	0.01	483	0	o
OAY72348.1	6.15	0.07	484	0	o
NP_001312643.1	0.04	0.01	459	0	o
XP_031268548.1	0.06	0.01	483	0	o
XP_021297752.1	0.59	0.48	467	0	o
XP_021630504.1	1.41	0.42	466	0	o
PON75155.1	2.50	0.06	472	0	o
XP_030956604.1	0.26	0.04	477	0	o
PON75153.1	5.18	0.04	462	0	o
XP_009630994.1	0.08	0.02	456	0	o
XP_023907645.1	0.24	0.19	472	0	o
XP_018823194.1	1.37	0.12	458	0	o
CDO97426.1	0.04	0.00	487	0	o
XP_031407818.1	0.20	0.03	476	0	o
XP_022141911.1	0.48	0.00	483	0	o
RZC94309.1	15.32	0.11	471	1	i129-151o
RVW73426.1	0.67	0.01	456	0	o
EOX98781.1	0.50	0.01	496	0	o
RWR71901.1	3.31	3.26	459	0	o
XP_023910762.1	5.69	5.31	462	0	o
XP_023705390.1	124.60	22.44	666	4	i7-29o556-578i585-607o622-644i
XP_022185114.1	39.29	16.54	526	2	i7-29o477-499i
XP_018718055.1	0.98	0.00	861	0	o
XP_006469356.1	1.09	0.46	468	0	o
XP_017768993.1	32.42	9.98	531	1	o490-512i
XP_023022724.1	45.18	20.54	513	2	i7-29o477-499i
XP_015882067.1	21.12	0.24	474	1	i128-150o
XP_023897208.1	5.70	5.31	462	0	o
XP_031285543.1	0.09	0.01	483	0	o
XP_028095131.1	3.17	0.08	468	0	o
XP_021834422.1	0.71	0.36	461	0	o
NP_001234680.2	0.04	0.02	456	0	o
XP_004292062.1	11.69	0.07	463	0	o
KZM88329.1	4.12	0.75	473	0	o
XP_022972394.1	1.47	1.43	479	0	o
GAY51608.1	1.09	0.46	468	0	o
XP_017411443.1	10.93	0.21	459	0	o
XP_015524885.1	23.09	0.16	515	1	o471-493i
PNF21495.1	24.02	0.89	521	1	o481-503i
XP_022857145.1	0.13	0.06	455	0	o
XP_022913422.1	52.48	18.19	511	2	i5-24o469-491i
VVC33782.1	23.83	0.24	520	1	o478-500i
XP_027932227.1	5.13	0.04	490	0	o
XP_018721804.1	0.13	0.00	487	0	o
XP_015605149.1	23.80	0.34	527	1	o485-507i
XP_027848325.1	48.60	11.24	517	1	o479-501i
XP_006447932.1	1.09	0.46	468	0	o
RXH87528.1	4.24	0.00	611	0	o
XP_018325090.1	41.89	20.05	509	2	i7-29o470-492i
AEE63397.1	41.78	18.60	513	2	i5-27o479-501i
AKA44599.1	0.15	0.00	484	0	o
XP_027075215.1	0.13	0.01	451	0	o
XP_001951823.1	45.18	20.80	516	2	i7-29o478-500i
KDO43525.1	0.81	0.47	468	0	o
XP_003618661.1	8.91	0.03	482	0	o
XP_023881569.1	0.22	0.00	457	0	o
XP_026405591.1	1.17	0.02	463	0	o
XP_004289756.1	0.14	0.02	461	0	o
PNY01677.1	3.12	0.02	480	0	o
XP_010679006.1	0.90	0.09	465	0	o
XP_010039829.1	11.87	0.01	487	0	o
ALO19897.1	3.20	0.08	468	0	o
XP_019260770.1	0.04	0.01	458	0	o
Q6VAB3.1	0.09	0.02	479	0	o
XP_030944496.1	0.08	0.03	485	0	o
XP_015085040.1	0.04	0.02	456	0	o
XP_017218916.1	5.84	2.25	458	0	o
XP_030459246.1	0.35	0.00	483	0	o
XP_011098693.1	22.97	11.05	469	0	o
XP_027073073.1	0.13	0.01	451	0	o
XP_022759824.1	3.95	0.00	466	0	o
XP_031285382.1	0.17	0.01	475	0	o
XP_024080454.1	42.07	21.98	507	1	i7-29o
PON47388.1	0.29	0.00	491	0	o
XP_015879829.2	0.42	0.30	462	0	o
XP_012263500.2	22.43	0.01	529	1	o479-501i
XP_022195898.1	29.86	5.04	519	1	o471-493i
TVU00236.1	34.31	4.67	488	0	o
GAU37795.1	0.69	0.01	485	0	o
XP_020089931.1	0.29	0.01	494	0	o
XP_030937899.1	0.16	0.02	453	0	o
XP_031285322.1	0.83	0.01	457	0	o
XP_012491975.1	0.08	0.05	458	0	o
AYC63482.1	0.13	0.05	481	0	o
PON40194.1	21.68	13.39	482	0	o
XP_027149640.1	0.02	0.01	451	0	o
TYI74779.1	0.15	0.11	458	0	o
BAG80541.1	0.03	0.00	463	0	o
XP_030944809.1	0.09	0.00	490	0	o
XP_022952847.1	1.88	1.82	479	0	o
RWR71900.1	0.20	0.12	463	0	o
XP_014505980.1	7.94	0.17	459	0	o
XP_008454970.1	1.77	1.75	478	0	o
OAY74261.1	0.28	0.01	493	0	o
PSN50535.1	26.91	3.36	511	1	o472-494i
XP_031259065.1	0.10	0.04	460	0	o
XP_015884241.1	0.87	0.02	486	0	o
AYC63477.1	1.61	0.50	483	0	o
XP_031119332.1	0.33	0.07	464	0	o
XP_027185842.1	0.13	0.01	451	0	o
TXG56589.1	1.72	1.24	466	0	o
XP_031341426.1	58.43	22.24	515	2	i5-27o473-495i
XP_023554156.1	3.15	0.07	483	0	o
TYI91649.1	37.32	0.00	412	0	o
XP_028794864.1	2.15	0.02	463	0	o
XP_016746642.1	0.09	0.04	457	0	o
XP_030940560.1	0.26	0.18	472	0	o
KAA8550511.1	1.25	0.08	465	0	o
OWM67864.1	0.83	0.11	459	0	o
XP_024927149.1	0.19	0.01	421	0	o
XP_031119333.1	0.33	0.07	463	0	o
GAU37798.1	0.18	0.05	479	0	o
XP_007148402.1	4.82	0.05	490	0	o
PPR90578.1	0.08	0.04	457	0	o
XP_010098615.1	0.30	0.02	481	0	o
TYJ36979.1	3.02	0.02	476	0	o
XP_017604035.1	2.89	0.03	461	0	o
XP_030940959.1	0.07	0.06	451	0	o
XP_031378865.1	0.83	0.11	459	0	o
XP_028107320.1	1.76	0.07	458	0	o
CAI62049.1	0.07	0.03	456	0	o
XP_021946507.1	27.25	4.42	523	1	o479-501i
XP_020813185.1	93.59	20.28	1065	4	i7-29o482-504i546-568o1021-1043i
KAE8038033.1	4.32	0.01	459	0	o
XP_012828350.1	3.23	0.02	475	0	o
XP_003618643.1	6.98	0.04	485	0	o
XP_021629927.1	0.38	0.00	459	0	o
XP_023884809.1	0.08	0.00	480	0	o
PIA38218.1	0.26	0.00	482	0	o
XP_021604940.1	3.96	3.29	460	0	o
XP_010929047.2	26.60	2.94	466	0	o
XP_030938182.1	0.29	0.16	472	0	o
TKS12436.1	5.29	3.39	460	0	o
XP_010089574.1	3.24	1.95	469	0	o
XP_012084448.1	0.25	0.21	469	0	o
XP_023928028.1	0.09	0.07	451	0	o
KHG30812.1	0.26	0.00	487	0	o
XP_027075368.1	0.02	0.01	451	0	o
KAE8038035.1	4.85	0.01	459	0	o
XP_023702334.1	22.64	0.00	518	1	o477-499i
XP_026444496.1	11.37	0.20	459	0	o
XP_017605267.1	0.08	0.04	457	0	o
XP_971626.2	30.80	8.32	515	1	o474-496i
TMW98877.1	0.04	0.01	458	0	o
XP_023702333.1	22.94	0.09	522	1	o481-503i
XP_009783230.1	0.07	0.01	458	0	o
BAJ93333.1	42.78	2.54	475	2	o113-135i142-164o
XP_023702332.1	22.97	0.12	526	1	o485-507i
XP_030957600.1	0.22	0.00	457	0	o
PPS17012.1	2.90	0.04	461	0	o
XP_003618665.1	0.05	0.01	482	0	o
KYB27856.1	29.11	3.98	791	1	o750-772i
XP_018823226.1	0.54	0.04	473	0	o
XP_021658278.1	0.23	0.00	490	0	o
XP_030937585.1	0.06	0.03	451	0	o
XP_022967168.1	1.46	0.01	483	0	o
XP_017226546.1	1.43	0.00	493	0	o
XP_027096503.1	0.82	0.00	468	0	o
XP_008236257.1	0.89	0.02	459	0	o
XP_021651369.1	0.12	0.00	457	0	o
XP_023511441.1	2.38	0.00	487	0	o
XP_006447926.1	11.25	0.12	466	0	o
PON65982.1	2.08	1.53	464	0	o
TMW85405.1	0.90	0.38	476	0	o
RHN38727.1	1.57	0.01	481	0	o
PRQ22266.1	0.04	0.03	461	0	o
XP_009410732.1	0.13	0.06	488	0	o
XP_028052507.1	1.92	0.86	468	0	o
XP_006469359.1	8.06	0.16	466	0	o
ATN96012.1	89.54	17.89	517	2	i87-109o479-501i
XP_030940915.1	0.08	0.08	452	0	o
KAE8726528.1	0.03	0.01	453	0	o
XP_017640867.1	0.18	0.02	459	0	o
PQP99102.1	2.33	1.86	462	0	o
XP_027358506.1	1.17	0.03	481	0	o
XP_016748306.1	0.26	0.00	487	0	o
PON50347.1	0.48	0.00	491	0	o
XP_016444467.1	0.05	0.03	460	0	o
KAB5516106.1	0.05	0.01	484	0	o
XP_022967170.1	13.95	0.02	479	0	o
XP_027075396.1	0.51	0.50	492	0	o
XP_022757519.1	2.35	0.18	471	0	o
XP_023554302.1	4.42	0.00	483	0	o
KAD7478876.1	1.26	0.01	467	0	o
2PQ6_A	0.05	0.01	482	0	o
TYH19573.1	0.26	0.00	487	0	o
TXG55662.1	1.14	0.01	462	0	o
XP_012490092.1	1.15	0.23	472	0	o
XP_024162030.1	0.09	0.07	475	0	o
XP_002269003.2	1.90	0.03	456	0	o
XP_027062298.1	0.04	0.01	451	0	o
XP_031123811.1	0.28	0.06	467	0	o
GAU37813.1	0.12	0.03	464	0	o
XP_009590532.1	0.05	0.03	460	0	o
XP_021612509.1	0.56	0.47	465	0	o
EOY00346.1	0.36	0.01	462	0	o
ATL15306.1	53.08	22.26	526	2	i2-24o475-497i
PQM40486.1	1.91	1.65	462	0	o
XP_021686172.1	2.42	0.54	465	0	o
XP_027164527.1	0.51	0.50	495	0	o
TYG44623.1	1.15	0.23	472	0	o
XP_012082495.1	1.79	1.05	490	0	o
XP_016710038.1	1.15	0.23	472	0	o
XP_027165566.1	0.09	0.05	451	0	o
XP_026437965.1	0.72	0.01	482	0	o
TYJ08937.1	0.62	0.22	472	0	o
KAB5520809.1	0.28	0.01	485	0	o
XP_027151609.1	0.82	0.00	468	0	o
KOM30397.1	10.86	0.20	467	0	o
XP_023928027.1	0.09	0.06	450	0	o
XP_030457300.1	1.93	0.21	474	0	o
XP_027075384.1	0.02	0.01	451	0	o
TEY52224.1	0.80	0.00	480	0	o
ESQ34556.1	0.21	0.01	759	0	o
RWW01767.1	0.21	0.00	468	0	o
XP_022759822.1	0.19	0.02	458	0	o
RHN50153.1	1.00	0.01	733	0	o
XP_016708081.1	0.20	0.03	459	0	o
XP_021993219.1	0.04	0.01	478	0	o
TMW97681.1	3.05	0.00	456	0	o
XP_019455540.1	0.88	0.21	481	0	o
TYJ27898.1	0.08	0.04	457	0	o
XP_003632087.1	0.07	0.07	452	0	o
XP_021937907.1	24.34	0.07	518	1	o485-507i
ACU24374.1	4.83	0.08	482	0	o
XP_019157929.1	0.33	0.07	466	0	o
KAB1202463.1	2.84	0.17	456	0	o
XP_021815583.1	15.95	0.06	464	1	i134-156o
XP_022142003.1	0.19	0.00	507	0	o
XP_016692932.1	0.64	0.22	472	0	o
XP_007199115.1	4.89	0.34	463	0	o
PIN10984.1	0.14	0.00	477	0	o
XP_023026257.1	22.72	0.11	516	1	o475-497i
XP_028789961.1	1.47	1.42	494	0	o
AXL95247.1	0.62	0.03	477	0	o
XP_019157928.1	0.33	0.07	467	0	o
OMO50756.1	0.71	0.00	475	0	o
VVA15544.1	0.89	0.02	459	0	o
XP_029128496.1	6.40	0.09	474	0	o
XP_021618143.1	0.27	0.00	480	0	o
XP_027358838.1	11.37	0.02	478	0	o
XP_027062276.1	0.11	0.07	449	0	o
XP_027152096.1	0.12	0.06	449	0	o
XP_022735204.1	7.16	0.01	462	0	o
XP_026391205.1	1.68	0.16	484	0	o
TYG83488.1	0.20	0.03	459	0	o
XP_020425658.1	0.89	0.02	459	0	o
OIW04722.1	1.72	1.28	458	0	o
KJB61182.1	2.89	0.01	461	0	o
XP_007044514.2	0.27	0.01	462	0	o
PPD95192.1	2.89	0.01	461	0	o
XP_012460770.1	0.92	0.55	476	0	o
XP_023740338.1	0.06	0.02	465	0	o
PSS14142.1	1.96	0.95	457	0	o
OAY72350.1	4.60	0.01	969	0	o
KAB5516430.1	7.16	3.90	460	0	o
KAB1218163.1	0.18	0.16	668	0	o
XP_018851346.1	0.61	0.45	451	0	o
XP_029165274.1	22.99	0.35	520	1	o476-498i
XP_003545683.2	4.78	0.08	482	0	o
XP_021675760.1	0.42	0.23	467	0	o
PPD78223.1	20.21	0.08	404	0	o
XP_023553807.1	0.04	0.04	480	0	o
TYI29838.1	0.09	0.05	453	0	o
TYH73943.1	0.25	0.00	491	0	o
XP_017630967.1	0.64	0.22	472	0	o
TKW34154.1	0.25	0.08	478	0	o
XP_004957367.1	0.31	0.10	478	0	o
TGZ54174.1	24.72	1.45	528	1	o479-501i
XP_030512800.1	33.24	10.34	464	0	o
KAB2032019.1	0.25	0.00	491	0	o
KAA8532159.1	0.96	0.14	450	0	o
XP_023900439.1	0.47	0.11	475	0	o
GAU47727.1	0.88	0.04	485	0	o
XP_017435211.1	1.05	0.01	492	0	o
XP_020090168.1	5.78	0.05	485	0	o
XP_022726482.1	0.15	0.00	485	0	o
XP_023925206.1	1.03	0.01	483	0	o
XP_027102964.1	0.02	0.01	451	0	o
RVW14001.1	0.11	0.09	533	0	o
PQQ21990.1	3.90	0.02	459	0	o
XP_027166828.1	18.37	18.25	469	1	i13-32o
XP_014518237.1	2.38	0.01	492	0	o
KAA3466132.1	0.11	0.02	459	0	o
XP_014511547.1	2.66	0.24	460	0	o
EAT46102.1	17.08	8.98	522	0	o
KAA8529523.1	0.36	0.01	468	0	o
PON96326.1	2.78	1.73	466	0	o
TYH19297.1	0.09	0.05	453	0	o
NP_001277168.1	0.13	0.00	482	0	o
EFA02010.1	24.52	0.28	489	1	o455-477i
XP_001662128.2	18.14	10.02	522	0	o
AIE12484.1	7.68	4.35	461	0	o
XP_021602593.1	1.40	0.01	493	0	o
KYP47348.1	4.08	0.01	479	0	o
XP_015075206.1	3.06	0.00	456	0	o
XP_014254809.1	42.25	22.49	511	1	i7-29o
XP_017435489.1	1.30	0.03	486	0	o
XP_025268059.1	32.82	0.01	588	1	o540-562i
ACM09899.2	0.12	0.00	456	0	o
XP_028800808.1	4.87	1.42	497	0	o
XP_003618663.1	0.39	0.01	485	0	o
XP_015089477.1	0.88	0.38	476	0	o
XP_011707628.1	25.41	1.41	525	1	o478-500i
XP_027181057.1	0.02	0.01	451	0	o
XP_017793792.1	47.19	17.74	518	2	i3-25o474-496i
XP_012440890.1	0.27	0.00	487	0	o
TYH43150.1	1.23	0.11	472	0	o
XP_027164521.1	18.36	18.25	469	1	i13-32o
XP_028125239.1	4.69	0.07	461	0	o
XP_020235065.1	5.05	0.01	481	0	o
XP_008236256.1	0.85	0.09	459	0	o
XP_011658893.1	1.73	1.72	480	0	o
XP_023918472.1	0.39	0.05	460	0	o
XP_021632536.1	0.07	0.01	461	0	o
PON79636.1	25.50	14.63	483	0	o
XP_022884131.1	13.23	12.62	462	0	o
THG19708.1	0.41	0.16	477	0	o
XP_019425872.1	8.69	0.04	483	0	o
KDO43523.1	0.26	0.17	464	0	o
XP_021292985.1	0.27	0.01	462	0	o
KCW48703.1	0.81	0.00	461	0	o
XP_030959256.1	0.21	0.02	461	0	o
XP_030938183.1	0.71	0.64	452	0	o
ONH92639.1	16.43	0.02	463	1	i133-155o
XP_015967941.1	0.59	0.10	468	0	o
AFJ53003.1	0.04	0.01	490	0	o
PON75971.1	1.33	0.87	466	0	o
KAB1207809.1	0.29	0.12	470	0	o
XP_018896916.1	37.27	7.04	518	1	o480-502i
BBA18062.1	2.60	0.98	472	0	o
XP_017970187.1	0.08	0.00	488	0	o
XP_028120332.1	0.27	0.02	471	0	o
RWR83917.1	0.13	0.04	1234	0	o
XP_011000136.1	3.32	3.29	485	0	o
XP_008241363.1	4.59	4.30	492	0	o
AUI41133.1	0.25	0.24	457	0	o
XP_030533105.1	40.10	11.81	474	0	o
XP_021823305.1	2.38	0.02	459	0	o
KAA3459246.1	0.07	0.03	458	0	o
EOX95757.1	3.22	0.21	471	0	o
XP_011658895.1	0.37	0.37	483	0	o
XP_016685330.1	0.25	0.00	491	0	o
XP_011079130.1	1.64	1.24	462	0	o
EFA10103.2	59.15	0.00	1431	1	o1387-1409i
XP_006296366.1	7.00	5.84	495	0	o
XP_021958151.1	25.05	0.28	519	1	o478-500i
XP_028202722.1	5.60	0.59	482	0	o
XP_022972391.1	22.90	22.28	512	1	i7-29o
KDO83084.1	2.78	0.97	472	0	o
XP_002529823.1	0.25	0.03	467	0	o
XP_027119989.1	18.37	18.25	469	1	i13-32o
XP_010037076.1	4.36	0.04	458	0	o
XP_030944697.1	0.95	0.04	483	0	o
XP_030940777.1	0.08	0.03	456	0	o
XP_006355935.1	4.10	0.01	458	0	o
XP_017977125.1	3.95	0.68	492	0	o
GAU37811.1	0.63	0.04	568	0	o
BAG80538.1	0.02	0.01	461	0	o
XP_021979506.1	0.14	0.03	502	0	o
XP_025702295.1	0.59	0.10	468	0	o
KAA8533094.1	3.93	0.18	463	0	o
XP_030445204.1	14.73	3.12	463	0	o
XP_024180908.1	4.48	3.19	462	0	o
XP_006447928.1	10.25	0.30	466	0	o
TXG56366.1	0.10	0.04	455	0	o
XP_022952864.1	0.04	0.04	480	0	o
AKA44594.1	0.27	0.26	477	0	o
XP_007051600.2	3.22	0.21	471	0	o
XP_007042950.2	0.57	0.01	496	0	o
XP_012467112.1	0.19	0.03	459	0	o
XP_015085041.1	0.03	0.02	456	0	o
XP_022967587.1	1.59	0.00	491	0	o
PQQ21989.1	1.96	0.02	459	0	o
XP_022963827.1	1.20	0.00	488	0	o
TXG56365.1	0.11	0.07	464	0	o
XP_008237299.1	1.08	0.98	471	0	o
XP_030444126.1	13.46	2.93	463	0	o
GAY51609.1	0.29	0.12	470	0	o
XP_017645730.1	1.10	0.07	457	0	o
TKS05222.1	0.54	0.53	485	0	o
XP_002320558.1	2.21	0.08	459	0	o
RHN50163.1	0.14	0.01	485	0	o
XP_011658802.1	3.41	0.36	489	0	o
TMW82181.1	0.05	0.02	458	0	o
EXB61152.1	0.28	0.10	456	0	o
XP_029720168.1	10.16	2.19	517	0	o
AFJ53020.1	3.46	2.54	480	0	o
XP_018570347.1	22.41	0.08	473	1	o433-455i
RDX80630.1	17.76	0.32	460	1	i130-152o
XP_030445202.1	13.46	2.93	463	0	o
XP_023928025.1	0.11	0.02	453	0	o
XP_006357047.1	0.06	0.00	456	0	o
XP_004244487.1	0.05	0.02	458	0	o
XP_021280942.1	4.93	0.27	471	0	o
XP_008236255.1	0.39	0.06	459	0	o
CDP13110.1	0.01	0.01	451	0	o
XP_027848321.1	33.45	6.77	519	1	o481-503i
XP_011002910.1	0.36	0.29	458	0	o
OMP02705.1	0.05	0.00	483	0	o
XP_023553808.1	0.03	0.02	480	0	o
NP_001306993.1	2.77	0.97	472	0	o
XP_006447933.1	0.22	0.17	464	0	o
XP_010069571.1	0.14	0.04	466	0	o
TXG55660.1	2.30	0.02	469	0	o
XP_022154377.1	5.68	0.02	490	0	o
BBH07737.1	4.77	4.49	492	0	o
ALO19895.1	2.34	0.05	459	0	o
AVT42226.1	30.71	7.93	511	1	o475-497i
XP_020423494.1	4.68	4.40	492	0	o
XP_006357048.1	0.06	0.04	460	0	o
XP_028128371.1	32.82	9.54	522	1	o475-497i
XP_012084773.1	15.65	6.59	458	0	o
XP_016204480.2	0.59	0.10	469	0	o
KFB39737.1	29.04	8.56	517	1	o479-498i
XP_018824393.1	0.11	0.02	468	0	o
XP_011002911.1	0.36	0.29	458	0	o
XP_019868787.1	37.84	14.74	504	2	i7-29o472-494i
XP_020222861.1	13.47	0.09	480	0	o
XP_006422969.1	3.36	3.20	490	0	o
XP_002520220.1	0.23	0.09	471	0	o
XP_027070783.1	0.05	0.04	497	0	o
XP_021823916.1	0.47	0.46	485	0	o
XP_006447240.1	0.88	0.04	468	0	o
XP_025657147.1	0.34	0.01	494	0	o
TKY62090.1	1.12	0.96	504	0	o
XP_014518238.1	3.48	0.01	490	0	o
XP_016539260.1	0.21	0.01	491	0	o
PWA40804.1	0.18	0.01	461	0	o
XP_030449082.1	54.84	14.38	474	1	i133-155o
KAA8533095.1	3.43	0.06	468	0	o
XP_028123407.1	5.69	0.06	458	0	o
XP_022740673.1	4.56	3.27	466	0	o
XP_001846128.1	32.29	10.80	516	1	o475-497i
XP_016748152.1	0.09	0.05	453	0	o
XP_008446415.1	31.64	14.23	460	0	o
EOX98750.1	0.08	0.00	488	0	o
XP_027120709.1	18.36	18.25	469	1	i13-32o
XP_010095579.2	0.41	0.29	488	0	o
XP_025644073.1	3.01	2.09	479	0	o
GAV67135.1	0.08	0.00	453	0	o
XP_025153550.1	35.21	10.52	525	1	o477-499i
ABC94603.1	34.60	0.25	456	0	o
XP_026437921.1	3.09	0.08	485	0	o
PON96324.1	2.46	1.63	470	0	o
CDP08041.1	18.35	18.25	469	1	i13-32o
XP_009360573.1	0.95	0.75	463	0	o
XP_017435165.1	7.34	0.09	490	0	o
XP_023907649.1	0.05	0.03	466	0	o
EEF43649.1	1.88	1.76	486	0	o
XP_019178395.1	2.83	0.26	468	0	o
TYI86244.1	1.10	0.59	476	0	o
KJB15210.1	0.19	0.03	459	0	o
XP_023513076.1	40.72	18.02	462	2	o15-34i137-159o
XP_022972393.1	0.04	0.04	480	0	o
XP_027117894.1	18.33	18.25	469	1	i13-32o
XP_012092034.1	0.05	0.01	462	0	o
XP_003613351.1	1.70	1.07	466	0	o
XP_006469355.1	0.26	0.17	464	0	o
XP_012491926.1	1.73	0.15	457	0	o
KJB10815.1	1.12	0.04	455	0	o
TKY59061.1	2.23	1.06	478	0	o
PSS02805.1	0.05	0.00	484	0	o
XP_008455179.1	1.26	0.01	488	0	o
XP_019176939.1	0.04	0.00	469	0	o
XP_031341425.1	81.49	22.35	542	2	i33-55o500-522i
XP_021821752.1	4.52	4.40	492	0	o
XP_018907189.1	49.75	22.40	527	2	i12-34o482-504i
XP_022963844.1	0.78	0.00	483	0	o
XP_010908641.1	0.07	0.00	456	0	o
XP_017215196.1	0.38	0.01	452	0	o
XP_020261425.1	0.03	0.02	455	0	o
AFJ52957.1	0.23	0.18	475	0	o
XP_031269471.1	1.33	0.96	470	0	o
OMO89614.1	3.64	0.85	484	0	o
XP_018732464.1	12.81	12.78	495	0	o
XP_010060179.1	34.79	3.85	474	0	o
XP_002881469.1	11.54	7.03	496	0	o
XP_015083781.1	0.03	0.01	462	0	o
OAY72603.1	40.08	0.01	984	2	o613-631i651-673o
XP_006351765.1	0.43	0.12	499	0	o
XP_027119985.1	18.38	18.25	469	1	i13-32o
XP_027361052.1	6.23	1.79	460	0	o
XP_029720175.1	10.16	2.19	517	0	o
XP_022984010.1	41.08	17.89	462	2	o15-34i137-159o
XP_006355936.1	1.27	0.01	469	0	o
XP_016181542.1	0.42	0.09	472	0	o
XP_006357098.1	0.03	0.02	457	0	o
GAU37814.1	0.07	0.03	484	0	o
XP_023928029.1	0.06	0.03	451	0	o
EEF32574.1	0.28	0.12	467	0	o
KAA8532161.1	0.05	0.00	586	0	o
TYH75980.1	1.30	0.65	476	0	o
XP_007151915.1	0.57	0.36	460	0	o
XP_021980974.1	0.21	0.03	463	0	o
XP_031374946.1	0.32	0.23	477	0	o
XP_006379195.1	0.72	0.71	486	0	o
PPD70816.1	1.10	0.59	476	0	o
XP_022952862.1	0.02	0.01	480	0	o
XP_006469357.1	8.10	0.03	464	0	o
GAY54937.1	1.96	1.71	490	0	o
XP_002529825.2	0.18	0.04	477	0	o
OVA10651.1	0.18	0.12	466	0	o
XP_022157619.1	0.20	0.16	464	0	o
XP_018362338.1	31.14	8.26	527	1	o478-500i
XP_006487031.1	6.99	6.65	518	0	o
XP_021624601.1	7.14	6.47	488	0	o
XP_025268060.1	60.91	21.54	545	2	i7-29o497-519i
XP_028225908.1	3.67	3.43	509	0	o
XP_004306178.1	0.81	0.73	489	0	o
XP_022177589.1	30.17	6.74	517	1	o479-501i
AVW82175.1	8.43	5.87	494	0	o
KRT85102.1	53.14	2.19	543	1	o507-529i
XP_016685605.1	0.08	0.04	453	0	o
XP_021298085.1	0.42	0.41	485	0	o
XP_025987486.1	22.44	0.36	525	1	o477-499i
XP_010089576.1	34.88	13.87	463	0	o
XP_025262695.1	21.98	0.14	525	1	o478-500i
XP_019228618.1	6.75	0.01	463	0	o
XP_021619010.1	3.42	3.20	481	0	o
KDO43524.1	0.26	0.17	467	0	o
AFK38894.1	0.39	0.01	485	0	o
XP_023874816.1	0.40	0.01	483	0	o
XP_007148403.1	0.68	0.01	491	0	o
XP_026461576.1	36.73	14.37	517	1	o477-499i
XP_031491535.1	8.36	5.32	458	0	o
BBA18064.1	2.77	0.97	472	0	o
XP_019176941.1	0.23	0.03	469	0	o
AMQ26133.1	3.04	0.66	461	0	o
XP_019176938.1	0.03	0.00	483	0	o
XP_028109387.1	2.14	1.44	461	0	o
XP_030940756.1	0.06	0.04	451	0	o
XP_027930621.1	1.62	0.02	487	0	o
GAU47731.1	0.11	0.01	485	0	o
XP_016570238.1	0.05	0.00	455	0	o
XP_022952199.1	0.65	0.00	472	0	o
PPE01901.1	0.08	0.04	453	0	o
XP_010516907.1	7.86	4.50	495	0	o
XP_021612011.1	0.31	0.00	470	0	o
XP_031253635.1	1.56	0.01	456	0	o
XP_002276546.1	24.21	4.28	479	0	o
XP_017432813.1	0.19	0.05	458	0	o
XP_008442743.1	0.55	0.45	480	0	o
QBQ34565.1	46.29	22.38	517	2	i7-29o472-494i
XP_006366559.1	0.52	0.23	476	0	o
XP_021635818.1	1.24	0.03	477	0	o
TYG72863.1	0.46	0.05	500	0	o
XP_006603934.1	3.26	0.02	484	0	o
XP_020425657.1	0.79	0.06	459	0	o
KAA0031466.1	2.38	0.01	485	0	o
XP_018851345.1	0.08	0.06	455	0	o
AES74869.1	1.56	0.01	469	0	o
XP_008455196.1	4.28	0.01	485	0	o
XP_003634093.1	7.20	1.78	477	0	o
XP_028761960.1	37.06	14.97	467	0	o
NP_001274852.1	0.06	0.02	462	0	o
XP_024080453.1	42.21	22.45	511	1	i7-29o
XP_016901675.1	0.15	0.15	484	0	o
TYI74777.1	1.11	0.19	457	0	o
ACF81582.1	12.25	2.88	471	0	o
XP_011035826.1	12.88	9.38	460	0	o
XP_014518239.1	0.09	0.01	469	0	o
XP_013451915.1	3.06	1.91	457	0	o
XP_021658997.1	1.95	0.02	454	0	o
XP_011037065.1	0.21	0.05	461	0	o
RLQ78327.1	150.20	8.65	2079	7	o495-517i524-546o1011-1033i1040-1062o1527-1549i1556-1578o2043-2065i
KAA3453305.1	0.07	0.03	453	0	o
BAO51837.1	0.04	0.03	473	0	o
XP_020884151.1	4.41	3.57	495	0	o
XP_031268546.1	0.07	0.01	483	0	o
XP_023928030.1	0.04	0.03	466	0	o
XP_023553805.1	0.40	0.38	480	0	o
THG20489.1	0.35	0.01	421	0	o
XP_023895534.1	0.05	0.04	452	0	o
XP_025262698.1	22.06	0.24	523	1	o476-498i
XP_015965216.1	0.29	0.07	464	0	o
XP_010030029.1	7.72	0.01	489	0	o
TYK06920.1	2.38	0.01	485	0	o
RLM55665.1	45.47	1.22	474	2	o105-127i132-154o
XP_028754374.1	2.18	0.09	459	0	o
XP_030940344.1	0.05	0.04	452	0	o
XP_019761279.1	39.43	16.20	505	2	i5-27o471-493i
XP_010060186.1	18.43	2.31	478	0	o
XP_028062375.1	0.04	0.00	475	0	o
XP_028128380.1	45.10	22.59	518	2	i7-29o475-497i
RXH69246.1	0.85	0.69	463	0	o
XP_011267296.2	58.29	21.04	549	2	i7-29o501-523i
AYR16620.1	1.13	0.59	455	0	o
XP_021980975.1	0.21	0.03	463	0	o
XP_010060137.1	19.45	2.07	477	0	o
XP_010053797.1	1.73	0.72	477	0	o
XP_023745823.1	0.05	0.01	483	0	o
XP_030944596.1	1.87	0.01	483	0	o
ALO19886.1	0.04	0.00	475	0	o
XP_010037078.1	4.98	0.04	458	0	o
TYH73683.1	0.09	0.04	453	0	o
TQD79760.1	0.40	0.14	443	0	o
XP_010908661.1	0.08	0.00	461	0	o
XP_019264513.1	0.04	0.02	460	0	o
AIT15666.1	3.38	0.01	410	0	o
XP_009797699.1	10.60	0.02	463	0	o
XP_002324085.2	9.12	4.78	460	0	o
XP_022963841.1	0.55	0.01	484	0	o
KAE8645802.1	2.20	0.32	488	0	o
XP_031341430.1	49.25	21.84	513	2	i7-29o471-493i
BAG80546.1	4.97	0.00	493	0	o
XP_011082054.1	0.21	0.19	473	0	o
XP_028062380.1	0.04	0.03	473	0	o
XP_025159917.1	25.94	0.84	526	1	o478-500i
XP_012846570.1	1.00	0.00	452	0	o
XP_024047834.1	0.22	0.17	467	0	o
XP_017254717.1	0.65	0.01	481	0	o
XP_006384098.2	12.24	0.28	482	0	o
XP_010266460.1	0.43	0.29	470	0	o
NP_001132650.2	7.36	2.14	475	0	o
XP_018312625.1	26.51	3.93	527	1	o478-500i
OAY38672.1	3.91	3.49	487	0	o
EFH57726.1	1.15	1.01	491	0	o
XP_008241360.1	1.06	0.91	491	0	o
NP_181218.1	9.61	5.89	495	0	o
XP_031119331.1	0.23	0.02	467	0	o
XP_021908736.1	6.47	4.46	490	0	o
XP_028075475.1	0.40	0.01	457	0	o
AYR16607.1	0.06	0.01	458	0	o
XP_003554403.1	2.89	2.59	508	0	o
RVW13998.1	0.14	0.13	453	0	o
XP_002298734.2	0.69	0.68	485	0	o
XP_013632346.1	9.91	6.72	496	0	o
XP_004248451.1	0.75	0.27	476	0	o
XP_016678313.1	0.46	0.05	500	0	o
XP_025700157.1	12.53	5.45	461	0	o
XP_024164984.1	0.50	0.50	478	0	o
XP_010500378.1	12.11	7.75	495	0	o
EAZ36680.1	41.40	1.34	466	0	o
XP_021663290.1	8.68	8.60	480	0	o
VVB02388.1	12.42	8.10	495	0	o
XP_021615564.1	1.17	0.03	454	0	o
XP_019075756.1	0.14	0.13	453	0	o
RDX71820.1	2.27	0.02	476	0	o
RVW27204.1	2.18	0.04	456	0	o
XP_026426248.1	4.38	0.06	482	0	o
KZV36084.1	0.08	0.00	486	0	o
XP_031283094.1	1.31	0.71	470	0	o
XP_030935201.1	5.71	1.47	473	0	o
XP_028109021.1	27.35	5.54	502	0	o
OMO64333.1	4.22	0.15	481	0	o
XP_030938156.1	0.14	0.07	452	0	o
KAE8691978.1	0.53	0.01	463	0	o
XP_027361051.1	1.23	0.55	460	0	o
XP_015608810.1	41.51	19.16	540	2	i7-26o481-503i
GAV68388.1	4.13	0.28	460	0	o
BAV35237.1	0.19	0.04	460	0	o
XP_028788046.1	2.18	0.09	459	0	o
XP_030472383.1	0.56	0.01	461	0	o
XP_023907651.1	0.24	0.23	452	0	o
XP_017439809.1	1.83	0.25	460	0	o
VVA09402.1	1.06	0.91	491	0	o
XP_019157943.1	1.38	0.08	459	0	o
XP_017613955.1	1.06	0.58	476	0	o
XP_029673779.1	24.75	0.05	525	1	o476-498i
XP_012836925.1	0.09	0.04	480	0	o
OMO87727.1	2.84	1.93	471	0	o
XP_026445841.1	1.22	0.34	460	0	o
RVX01823.1	5.94	1.33	477	0	o
XP_024042093.1	0.04	0.00	511	0	o
XP_008777480.1	4.94	1.18	468	0	o
XP_021842618.1	6.03	0.04	466	0	o
XP_010556587.1	1.18	1.02	470	0	o
XP_021993639.1	0.41	0.01	479	0	o
ASU44000.1	7.00	6.46	464	0	o
VVA09404.1	4.65	4.37	492	0	o
GAU37820.1	1.28	0.26	484	0	o
XP_022005421.1	34.43	14.05	463	0	o
KAA8539974.1	4.90	2.33	627	0	o
XP_006370131.1	0.47	0.40	471	0	o
RYR35702.1	5.32	0.05	494	0	o
XP_004304714.1	0.58	0.57	477	0	o
XP_022177591.1	23.53	0.18	514	1	o476-498i
XP_003520666.1	3.61	3.41	509	0	o
BAF49299.1	1.71	0.18	482	0	o
XP_021762769.1	2.58	1.34	466	0	o
XP_022963842.1	1.99	0.04	483	0	o
PON40192.1	14.77	9.48	482	0	o
XP_008235864.1	12.65	0.02	461	0	o
XP_030938155.1	0.03	0.02	452	0	o
TXG62999.1	13.75	0.05	467	0	o
XP_011266198.2	21.87	0.09	523	1	o476-498i
XP_009143554.1	8.44	5.43	495	0	o
XP_022963820.1	18.15	0.03	479	0	o
XP_019101282.1	12.83	8.35	495	0	o
OAY47730.1	1.17	0.03	450	0	o
OMO74050.1	0.16	0.13	481	0	o
XP_019075279.1	0.06	0.02	454	0	o
XP_025262697.1	23.30	0.36	525	1	o478-500i
ANJ03631.1	11.91	11.54	481	0	o
KAB2610326.1	0.71	0.54	463	0	o
TYK06765.1	0.03	0.02	480	0	o
KAE8707858.1	0.47	0.40	499	0	o
XP_018815112.1	8.16	7.29	487	0	o
XP_007042481.2	0.17	0.16	485	0	o
EOY08013.1	0.22	0.20	490	0	o
TKY49881.1	7.57	1.14	475	0	o
XP_019455725.1	2.70	2.08	471	0	o
XP_004138539.1	0.19	0.04	488	0	o
AXK92492.1	1.36	1.11	481	0	o
XP_003548080.2	0.98	0.02	478	0	o
XP_009143557.1	10.07	6.24	496	0	o
XP_010060148.1	7.32	1.75	474	0	o
PIA62960.1	2.93	2.21	459	0	o
XP_024950405.1	0.26	0.17	467	0	o
XP_010037079.1	0.86	0.00	462	0	o
XP_019101283.1	12.83	8.35	495	0	o
XP_024639733.1	0.31	0.20	464	0	o
XP_009776061.1	0.04	0.03	459	0	o
BAF75887.1	2.70	2.58	489	0	o
XP_021278744.1	0.17	0.01	496	0	o
TEY37894.1	2.18	0.06	458	0	o
XP_027930997.1	0.70	0.00	517	0	o
TVU08919.1	0.13	0.06	464	0	o
OVA19029.1	1.42	1.39	484	0	o
XP_006369755.1	0.53	0.52	485	0	o
OMO72414.1	7.04	5.06	460	0	o
XP_016901676.1	0.56	0.55	482	0	o
AFK36738.1	1.76	1.13	466	0	o
XP_009788732.1	2.56	0.06	478	0	o
XP_015436992.1	44.13	15.78	518	1	o477-499i
XP_017975813.1	0.03	0.02	452	0	o
XP_012084771.1	2.02	1.08	461	0	o
XP_031265854.1	0.48	0.05	468	0	o
KAA3459245.1	0.31	0.07	457	0	o
PIA62225.1	0.97	0.08	465	0	o
TYK06763.1	0.16	0.15	484	0	o
RID61682.1	8.79	6.68	495	0	o
